zip,city,state_name,active
98686,Vancouver,WA,yes
17370,York Haven,PA,yes
34234,Sarasota,FL,yes
01001,Agawam,MA,yes
01002,Amherst,MA,yes
01003,Amherst,MA,yes
01005,Barre,MA,yes
01007,Belchertown,MA,yes
01008,Blandford,MA,yes
01009,Bondsville,MA,yes
01010,Brimfield,MA,yes
01011,Chester,MA,yes
01012,Chesterfield,MA,yes
01013,Chicopee,MA,yes
01020,Chicopee,MA,yes
01022,Chicopee,MA,yes
01026,Cummington,MA,yes
01027,Easthampton,MA,yes
01028,East Longmeadow,MA,yes
01029,East Otis,MA,yes
01030,Feeding Hills,MA,yes
01031,Gilbertville,MA,yes
01032,Goshen,MA,yes
01033,Granby,MA,yes
01034,Granville,MA,yes
01035,Hadley,MA,yes
01036,Hampden,MA,yes
01037,Hardwick,MA,yes
01038,Hatfield,MA,yes
01039,Haydenville,MA,yes
01040,Holyoke,MA,yes
01050,Huntington,MA,yes
01053,Leeds,MA,yes
01054,Leverett,MA,yes
01056,Ludlow,MA,yes
01057,Monson,MA,yes
01060,Northampton,MA,yes
01062,Florence,MA,yes
01063,Northampton,MA,yes
01066,North Hatfield,MA,yes
01068,Oakham,MA,yes
01069,Palmer,MA,yes
01070,Plainfield,MA,yes
01071,Russell,MA,yes
01072,Shutesbury,MA,yes
01073,Southampton,MA,yes
01074,South Barre,MA,yes
01075,South Hadley,MA,yes
01077,Southwick,MA,yes
01079,Thorndike,MA,yes
01080,Three Rivers,MA,yes
01081,Wales,MA,yes
01082,Ware,MA,yes
01083,Warren,MA,yes
01084,West Chesterfield,MA,yes
01085,Westfield,MA,yes
01086,Westfield,MA,yes
01088,West Hatfield,MA,yes
01089,West Springfield,MA,yes
01092,West Warren,MA,yes
01093,Whately,MA,yes
01094,Wheelwright,MA,yes
01095,Wilbraham,MA,yes
01096,Williamsburg,MA,yes
01097,Woronoco,MA,yes
01098,Worthington,MA,yes
01103,Springfield,MA,yes
01104,Springfield,MA,yes
01105,Springfield,MA,yes
01106,Longmeadow,MA,yes
01107,Springfield,MA,yes
01108,Springfield,MA,yes
01109,Springfield,MA,yes
01118,Springfield,MA,yes
01119,Springfield,MA,yes
01128,Springfield,MA,yes
01129,Springfield,MA,yes
01151,Indian Orchard,MA,yes
01199,Springfield,MA,yes
01201,Pittsfield,MA,yes
01220,Adams,MA,yes
01222,Ashley Falls,MA,yes
01223,Becket,MA,yes
01224,Berkshire,MA,yes
01225,Cheshire,MA,yes
01226,Dalton,MA,yes
01229,Glendale,MA,yes
01230,Great Barrington,MA,yes
01235,Hinsdale,MA,yes
01236,Housatonic,MA,yes
01237,Lanesborough,MA,yes
01238,Lee,MA,yes
01240,Lenox,MA,yes
01242,Lenox Dale,MA,yes
01243,Middlefield,MA,yes
01244,Mill River,MA,yes
01245,Monterey,MA,yes
01247,North Adams,MA,yes
01253,Otis,MA,yes
01254,Richmond,MA,yes
01255,Sandisfield,MA,yes
01256,Savoy,MA,yes
01257,Sheffield,MA,yes
01258,South Egremont,MA,yes
01259,Southfield,MA,yes
01260,South Lee,MA,yes
01262,Stockbridge,MA,yes
01264,Tyringham,MA,yes
01266,West Stockbridge,MA,yes
01267,Williamstown,MA,yes
01270,Windsor,MA,yes
01301,Greenfield,MA,yes
01330,Ashfield,MA,yes
01331,Athol,MA,yes
01337,Bernardston,MA,yes
01338,Buckland,MA,yes
01339,Charlemont,MA,yes
01340,Colrain,MA,yes
01341,Conway,MA,yes
01342,Deerfield,MA,yes
01343,Drury,MA,yes
01344,Erving,MA,yes
01346,Heath,MA,yes
01347,Lake Pleasant,MA,yes
01349,Millers Falls,MA,yes
01350,Monroe Bridge,MA,yes
01351,Montague,MA,yes
01354,Gill,MA,yes
01355,New Salem,MA,yes
01360,Northfield,MA,yes
01364,Orange,MA,yes
01366,Petersham,MA,yes
01367,Rowe,MA,yes
01368,Royalston,MA,yes
01370,Shelburne Falls,MA,yes
01373,South Deerfield,MA,yes
01375,Sunderland,MA,yes
01376,Turners Falls,MA,yes
01378,Warwick,MA,yes
01379,Wendell,MA,yes
01420,Fitchburg,MA,yes
01430,Ashburnham,MA,yes
01431,Ashby,MA,yes
01432,Ayer,MA,yes
01434,Devens,MA,yes
01436,Baldwinville,MA,yes
01438,East Templeton,MA,yes
01440,Gardner,MA,yes
01450,Groton,MA,yes
01451,Harvard,MA,yes
01452,Hubbardston,MA,yes
01453,Leominster,MA,yes
01460,Littleton,MA,yes
01462,Lunenburg,MA,yes
01463,Pepperell,MA,yes
01464,Shirley,MA,yes
01467,Still River,MA,yes
01468,Templeton,MA,yes
01469,Townsend,MA,yes
01473,Westminster,MA,yes
01474,West Townsend,MA,yes
01475,Winchendon,MA,yes
01501,Auburn,MA,yes
01503,Berlin,MA,yes
01504,Blackstone,MA,yes
01505,Boylston,MA,yes
01506,Brookfield,MA,yes
01507,Charlton,MA,yes
01510,Clinton,MA,yes
01515,East Brookfield,MA,yes
01516,Douglas,MA,yes
01518,Fiskdale,MA,yes
01519,Grafton,MA,yes
01520,Holden,MA,yes
01521,Holland,MA,yes
01522,Jefferson,MA,yes
01523,Lancaster,MA,yes
01524,Leicester,MA,yes
01525,Linwood,MA,yes
01527,Millbury,MA,yes
01529,Millville,MA,yes
01531,New Braintree,MA,yes
01532,Northborough,MA,yes
01534,Northbridge,MA,yes
01535,North Brookfield,MA,yes
01536,North Grafton,MA,yes
01537,North Oxford,MA,yes
01540,Oxford,MA,yes
01541,Princeton,MA,yes
01542,Rochdale,MA,yes
01543,Rutland,MA,yes
01545,Shrewsbury,MA,yes
01550,Southbridge,MA,yes
01560,South Grafton,MA,yes
01561,South Lancaster,MA,yes
01562,Spencer,MA,yes
01564,Sterling,MA,yes
01566,Sturbridge,MA,yes
01568,Upton,MA,yes
01569,Uxbridge,MA,yes
01570,Webster,MA,yes
01571,Dudley,MA,yes
01581,Westborough,MA,yes
01583,West Boylston,MA,yes
01585,West Brookfield,MA,yes
01588,Whitinsville,MA,yes
01590,Sutton,MA,yes
01602,Worcester,MA,yes
01603,Worcester,MA,yes
01604,Worcester,MA,yes
01605,Worcester,MA,yes
01606,Worcester,MA,yes
01607,Worcester,MA,yes
01608,Worcester,MA,yes
01609,Worcester,MA,yes
01610,Worcester,MA,yes
01611,Cherry Valley,MA,yes
01612,Paxton,MA,yes
01701,Framingham,MA,yes
01702,Framingham,MA,yes
01718,Acton,MA,yes
01719,Boxborough,MA,yes
01720,Acton,MA,yes
01721,Ashland,MA,yes
01730,Bedford,MA,yes
01731,Hanscom Afb,MA,yes
01740,Bolton,MA,yes
01741,Carlisle,MA,yes
01742,Concord,MA,yes
01745,Fayville,MA,yes
01746,Holliston,MA,yes
01747,Hopedale,MA,yes
01748,Hopkinton,MA,yes
01749,Hudson,MA,yes
01752,Marlborough,MA,yes
01754,Maynard,MA,yes
01756,Mendon,MA,yes
01757,Milford,MA,yes
01760,Natick,MA,yes
01770,Sherborn,MA,yes
01772,Southborough,MA,yes
01773,Lincoln,MA,yes
01775,Stow,MA,yes
01776,Sudbury,MA,yes
01778,Wayland,MA,yes
01801,Woburn,MA,yes
01803,Burlington,MA,yes
01810,Andover,MA,yes
01821,Billerica,MA,yes
01824,Chelmsford,MA,yes
01826,Dracut,MA,yes
01827,Dunstable,MA,yes
01830,Haverhill,MA,yes
01832,Haverhill,MA,yes
01833,Georgetown,MA,yes
01834,Groveland,MA,yes
01835,Haverhill,MA,yes
01840,Lawrence,MA,yes
01841,Lawrence,MA,yes
01843,Lawrence,MA,yes
01844,Methuen,MA,yes
01845,North Andover,MA,yes
01850,Lowell,MA,yes
01851,Lowell,MA,yes
01852,Lowell,MA,yes
01854,Lowell,MA,yes
01860,Merrimac,MA,yes
01862,North Billerica,MA,yes
01863,North Chelmsford,MA,yes
01864,North Reading,MA,yes
01867,Reading,MA,yes
01876,Tewksbury,MA,yes
01879,Tyngsboro,MA,yes
01880,Wakefield,MA,yes
01886,Westford,MA,yes
01887,Wilmington,MA,yes
01890,Winchester,MA,yes
01901,Lynn,MA,yes
01902,Lynn,MA,yes
01904,Lynn,MA,yes
01905,Lynn,MA,yes
01906,Saugus,MA,yes
01907,Swampscott,MA,yes
01908,Nahant,MA,yes
01913,Amesbury,MA,yes
01915,Beverly,MA,yes
01921,Boxford,MA,yes
01922,Byfield,MA,yes
01923,Danvers,MA,yes
01929,Essex,MA,yes
01930,Gloucester,MA,yes
01937,Hathorne,MA,yes
01938,Ipswich,MA,yes
01940,Lynnfield,MA,yes
01944,Manchester,MA,yes
01945,Marblehead,MA,yes
01949,Middleton,MA,yes
01950,Newburyport,MA,yes
01951,Newbury,MA,yes
01952,Salisbury,MA,yes
01960,Peabody,MA,yes
01966,Rockport,MA,yes
01969,Rowley,MA,yes
01970,Salem,MA,yes
01982,South Hamilton,MA,yes
01983,Topsfield,MA,yes
01984,Wenham,MA,yes
01985,West Newbury,MA,yes
02019,Bellingham,MA,yes
02021,Canton,MA,yes
02025,Cohasset,MA,yes
02026,Dedham,MA,yes
02030,Dover,MA,yes
02032,East Walpole,MA,yes
02035,Foxboro,MA,yes
02038,Franklin,MA,yes
02043,Hingham,MA,yes
02045,Hull,MA,yes
02047,Humarock,MA,yes
02048,Mansfield,MA,yes
02050,Marshfield,MA,yes
02052,Medfield,MA,yes
02053,Medway,MA,yes
02054,Millis,MA,yes
02056,Norfolk,MA,yes
02061,Norwell,MA,yes
02062,Norwood,MA,yes
02066,Scituate,MA,yes
02067,Sharon,MA,yes
02071,South Walpole,MA,yes
02072,Stoughton,MA,yes
02081,Walpole,MA,yes
02090,Westwood,MA,yes
02093,Wrentham,MA,yes
02108,Boston,MA,yes
02109,Boston,MA,yes
02110,Boston,MA,yes
02111,Boston,MA,yes
02113,Boston,MA,yes
02114,Boston,MA,yes
02115,Boston,MA,yes
02116,Boston,MA,yes
02118,Boston,MA,yes
02119,Roxbury,MA,yes
02120,Roxbury Crossing,MA,yes
02121,Dorchester,MA,yes
02122,Dorchester,MA,yes
02124,Dorchester Center,MA,yes
02125,Dorchester,MA,yes
02126,Mattapan,MA,yes
02127,Boston,MA,yes
02128,Boston,MA,yes
02129,Charlestown,MA,yes
02130,Jamaica Plain,MA,yes
02131,Roslindale,MA,yes
02132,West Roxbury,MA,yes
02134,Allston,MA,yes
02135,Brighton,MA,yes
02136,Hyde Park,MA,yes
02138,Cambridge,MA,yes
02139,Cambridge,MA,yes
02140,Cambridge,MA,yes
02141,Cambridge,MA,yes
02142,Cambridge,MA,yes
02143,Somerville,MA,yes
02144,Somerville,MA,yes
02145,Somerville,MA,yes
02148,Malden,MA,yes
02149,Everett,MA,yes
02150,Chelsea,MA,yes
02151,Revere,MA,yes
02152,Winthrop,MA,yes
02155,Medford,MA,yes
02163,Boston,MA,yes
02169,Quincy,MA,yes
02170,Quincy,MA,yes
02171,Quincy,MA,yes
02176,Melrose,MA,yes
02180,Stoneham,MA,yes
02184,Braintree,MA,yes
02186,Milton,MA,yes
02188,Weymouth,MA,yes
02189,East Weymouth,MA,yes
02190,South Weymouth,MA,yes
02191,North Weymouth,MA,yes
02199,Boston,MA,yes
02203,Boston,MA,yes
02210,Boston,MA,yes
02215,Boston,MA,yes
02301,Brockton,MA,yes
02302,Brockton,MA,yes
02322,Avon,MA,yes
02324,Bridgewater,MA,yes
02330,Carver,MA,yes
02332,Duxbury,MA,yes
02333,East Bridgewater,MA,yes
02338,Halifax,MA,yes
02339,Hanover,MA,yes
02341,Hanson,MA,yes
02343,Holbrook,MA,yes
02346,Middleboro,MA,yes
02347,Lakeville,MA,yes
02351,Abington,MA,yes
02356,North Easton,MA,yes
02357,North Easton,MA,yes
02359,Pembroke,MA,yes
02360,Plymouth,MA,yes
02364,Kingston,MA,yes
02366,South Carver,MA,yes
02367,Plympton,MA,yes
02368,Randolph,MA,yes
02370,Rockland,MA,yes
02375,South Easton,MA,yes
02379,West Bridgewater,MA,yes
02382,Whitman,MA,yes
02420,Lexington,MA,yes
02421,Lexington,MA,yes
02445,Brookline,MA,yes
02446,Brookline,MA,yes
02451,Waltham,MA,yes
02452,Waltham,MA,yes
02453,Waltham,MA,yes
02457,Babson Park,MA,yes
02458,Newton,MA,yes
02459,Newton Center,MA,yes
02460,Newtonville,MA,yes
02461,Newton Highlands,MA,yes
02462,Newton Lower Falls,MA,yes
02464,Newton Upper Falls,MA,yes
02465,West Newton,MA,yes
02466,Auburndale,MA,yes
02467,Chestnut Hill,MA,yes
02468,Waban,MA,yes
02472,Watertown,MA,yes
02474,Arlington,MA,yes
02476,Arlington,MA,yes
02478,Belmont,MA,yes
02481,Wellesley Hills,MA,yes
02482,Wellesley,MA,yes
02492,Needham,MA,yes
02493,Weston,MA,yes
02494,Needham Heights,MA,yes
02532,Buzzards Bay,MA,yes
02534,Cataumet,MA,yes
02535,Chilmark,MA,yes
02536,East Falmouth,MA,yes
02537,East Sandwich,MA,yes
02538,East Wareham,MA,yes
02539,Edgartown,MA,yes
02540,Falmouth,MA,yes
02542,Buzzards Bay,MA,yes
02543,Woods Hole,MA,yes
02553,Monument Beach,MA,yes
02556,North Falmouth,MA,yes
02557,Oak Bluffs,MA,yes
02558,Onset,MA,yes
02559,Pocasset,MA,yes
02561,Sagamore,MA,yes
02562,Sagamore Beach,MA,yes
02563,Sandwich,MA,yes
02568,Vineyard Haven,MA,yes
02571,Wareham,MA,yes
02575,West Tisbury,MA,yes
02576,West Wareham,MA,yes
02601,Hyannis,MA,yes
02630,Barnstable,MA,yes
02631,Brewster,MA,yes
02632,Centerville,MA,yes
02633,Chatham,MA,yes
02635,Cotuit,MA,yes
02637,Cummaquid,MA,yes
02638,Dennis,MA,yes
02639,Dennis Port,MA,yes
02641,East Dennis,MA,yes
02642,Eastham,MA,yes
02643,East Orleans,MA,yes
02644,Forestdale,MA,yes
02645,Harwich,MA,yes
02646,Harwich Port,MA,yes
02647,Hyannis Port,MA,yes
02648,Marstons Mills,MA,yes
02649,Mashpee,MA,yes
02650,North Chatham,MA,yes
02651,North Eastham,MA,yes
02652,North Truro,MA,yes
02653,Orleans,MA,yes
02655,Osterville,MA,yes
02657,Provincetown,MA,yes
02659,South Chatham,MA,yes
02660,South Dennis,MA,yes
02663,South Wellfleet,MA,yes
02664,South Yarmouth,MA,yes
02666,Truro,MA,yes
02667,Wellfleet,MA,yes
02668,West Barnstable,MA,yes
02669,West Chatham,MA,yes
02670,West Dennis,MA,yes
02671,West Harwich,MA,yes
02672,West Hyannisport,MA,yes
02673,West Yarmouth,MA,yes
02675,Yarmouth Port,MA,yes
02702,Assonet,MA,yes
02703,Attleboro,MA,yes
02713,Cuttyhunk,MA,yes
02715,Dighton,MA,yes
02717,East Freetown,MA,yes
02718,East Taunton,MA,yes
02719,Fairhaven,MA,yes
02720,Fall River,MA,yes
02721,Fall River,MA,yes
02723,Fall River,MA,yes
02724,Fall River,MA,yes
02725,Somerset,MA,yes
02726,Somerset,MA,yes
02738,Marion,MA,yes
02739,Mattapoisett,MA,yes
02740,New Bedford,MA,yes
02743,Acushnet,MA,yes
02744,New Bedford,MA,yes
02745,New Bedford,MA,yes
02746,New Bedford,MA,yes
02747,North Dartmouth,MA,yes
02748,South Dartmouth,MA,yes
02760,North Attleboro,MA,yes
02762,Plainville,MA,yes
02763,Attleboro Falls,MA,yes
02764,North Dighton,MA,yes
02766,Norton,MA,yes
02767,Raynham,MA,yes
02769,Rehoboth,MA,yes
02770,Rochester,MA,yes
02771,Seekonk,MA,yes
02777,Swansea,MA,yes
02779,Berkley,MA,yes
02780,Taunton,MA,yes
02790,Westport,MA,yes
02791,Westport Point,MA,yes
02802,Albion,RI,yes
02804,Ashaway,RI,yes
02806,Barrington,RI,yes
02807,Block Island,RI,yes
02808,Bradford,RI,yes
02809,Bristol,RI,yes
02812,Carolina,RI,yes
02813,Charlestown,RI,yes
02814,Chepachet,RI,yes
02815,Clayville,RI,yes
02816,Coventry,RI,yes
02817,West Greenwich,RI,yes
02818,East Greenwich,RI,yes
02822,Exeter,RI,yes
02825,Foster,RI,yes
02826,Glendale,RI,yes
02827,Greene,RI,yes
02828,Greenville,RI,yes
02830,Harrisville,RI,yes
02831,Hope,RI,yes
02832,Hope Valley,RI,yes
02833,Hopkinton,RI,yes
02835,Jamestown,RI,yes
02836,Kenyon,RI,yes
02837,Little Compton,RI,yes
02838,Manville,RI,yes
02839,Mapleville,RI,yes
02840,Newport,RI,yes
02841,Newport,RI,yes
02842,Middletown,RI,yes
02852,North Kingstown,RI,yes
02857,North Scituate,RI,yes
02858,Oakland,RI,yes
02859,Pascoag,RI,yes
02860,Pawtucket,RI,yes
02861,Pawtucket,RI,yes
02863,Central Falls,RI,yes
02864,Cumberland,RI,yes
02865,Lincoln,RI,yes
02871,Portsmouth,RI,yes
02872,Prudence Island,RI,yes
02873,Rockville,RI,yes
02874,Saunderstown,RI,yes
02875,Shannock,RI,yes
02876,Slatersville,RI,yes
02878,Tiverton,RI,yes
02879,Wakefield,RI,yes
02881,Kingston,RI,yes
02882,Narragansett,RI,yes
02885,Warren,RI,yes
02886,Warwick,RI,yes
02888,Warwick,RI,yes
02889,Warwick,RI,yes
02891,Westerly,RI,yes
02892,West Kingston,RI,yes
02893,West Warwick,RI,yes
02894,Wood River Junction,RI,yes
02895,Woonsocket,RI,yes
02896,North Smithfield,RI,yes
02898,Wyoming,RI,yes
02903,Providence,RI,yes
02904,Providence,RI,yes
02905,Providence,RI,yes
02906,Providence,RI,yes
02907,Providence,RI,yes
02908,Providence,RI,yes
02909,Providence,RI,yes
02910,Cranston,RI,yes
02911,North Providence,RI,yes
02912,Providence,RI,yes
02914,East Providence,RI,yes
02915,Riverside,RI,yes
02916,Rumford,RI,yes
02917,Smithfield,RI,yes
02919,Johnston,RI,yes
02920,Cranston,RI,yes
02921,Cranston,RI,yes
03031,Amherst,NH,yes
03032,Auburn,NH,yes
03033,Brookline,NH,yes
03034,Candia,NH,yes
03036,Chester,NH,yes
03037,Deerfield,NH,yes
03038,Derry,NH,yes
03042,Epping,NH,yes
03043,Francestown,NH,yes
03044,Fremont,NH,yes
03045,Goffstown,NH,yes
03046,Dunbarton,NH,yes
03047,Greenfield,NH,yes
03048,Greenville,NH,yes
03049,Hollis,NH,yes
03051,Hudson,NH,yes
03052,Litchfield,NH,yes
03053,Londonderry,NH,yes
03054,Merrimack,NH,yes
03055,Milford,NH,yes
03057,Mont Vernon,NH,yes
03060,Nashua,NH,yes
03062,Nashua,NH,yes
03063,Nashua,NH,yes
03064,Nashua,NH,yes
03070,New Boston,NH,yes
03071,New Ipswich,NH,yes
03076,Pelham,NH,yes
03077,Raymond,NH,yes
03079,Salem,NH,yes
03082,Lyndeborough,NH,yes
03084,Temple,NH,yes
03086,Wilton,NH,yes
03087,Windham,NH,yes
03101,Manchester,NH,yes
03102,Manchester,NH,yes
03103,Manchester,NH,yes
03104,Manchester,NH,yes
03106,Hooksett,NH,yes
03109,Manchester,NH,yes
03110,Bedford,NH,yes
03215,Waterville Valley,NH,yes
03216,Andover,NH,yes
03217,Ashland,NH,yes
03218,Barnstead,NH,yes
03220,Belmont,NH,yes
03221,Bradford,NH,yes
03222,Bristol,NH,yes
03223,Campton,NH,yes
03224,Canterbury,NH,yes
03225,Center Barnstead,NH,yes
03226,Center Harbor,NH,yes
03227,Center Sandwich,NH,yes
03229,Contoocook,NH,yes
03230,Danbury,NH,yes
03231,East Andover,NH,yes
03233,Elkins,NH,yes
03234,Epsom,NH,yes
03235,Franklin,NH,yes
03237,Gilmanton,NH,yes
03238,Glencliff,NH,yes
03240,Grafton,NH,yes
03241,Hebron,NH,yes
03242,Henniker,NH,yes
03243,Hill,NH,yes
03244,Hillsborough,NH,yes
03245,Holderness,NH,yes
03246,Laconia,NH,yes
03249,Gilford,NH,yes
03253,Meredith,NH,yes
03254,Moultonborough,NH,yes
03255,Newbury,NH,yes
03256,New Hampton,NH,yes
03257,New London,NH,yes
03258,Chichester,NH,yes
03259,North Sandwich,NH,yes
03260,North Sutton,NH,yes
03261,Northwood,NH,yes
03262,North Woodstock,NH,yes
03263,Pittsfield,NH,yes
03264,Plymouth,NH,yes
03266,Rumney,NH,yes
03268,Salisbury,NH,yes
03269,Sanbornton,NH,yes
03273,South Sutton,NH,yes
03275,Suncook,NH,yes
03276,Tilton,NH,yes
03278,Warner,NH,yes
03279,Warren,NH,yes
03280,Washington,NH,yes
03281,Weare,NH,yes
03282,Wentworth,NH,yes
03284,Springfield,NH,yes
03285,Thornton,NH,yes
03287,Wilmot,NH,yes
03290,Nottingham,NH,yes
03291,West Nottingham,NH,yes
03293,Woodstock,NH,yes
03301,Concord,NH,yes
03303,Concord,NH,yes
03304,Bow,NH,yes
03307,Loudon,NH,yes
03431,Keene,NH,yes
03440,Antrim,NH,yes
03441,Ashuelot,NH,yes
03442,Bennington,NH,yes
03443,Chesterfield,NH,yes
03444,Dublin,NH,yes
03445,Sullivan,NH,yes
03446,Swanzey,NH,yes
03447,Fitzwilliam,NH,yes
03448,Gilsum,NH,yes
03449,Hancock,NH,yes
03450,Harrisville,NH,yes
03451,Hinsdale,NH,yes
03452,Jaffrey,NH,yes
03455,Marlborough,NH,yes
03456,Marlow,NH,yes
03457,Nelson,NH,yes
03458,Peterborough,NH,yes
03461,Rindge,NH,yes
03462,Spofford,NH,yes
03464,Stoddard,NH,yes
03465,Troy,NH,yes
03466,West Chesterfield,NH,yes
03467,Westmoreland,NH,yes
03470,Winchester,NH,yes
03601,Acworth,NH,yes
03602,Alstead,NH,yes
03603,Charlestown,NH,yes
03604,Drewsville,NH,yes
03605,Lempster,NH,yes
03607,South Acworth,NH,yes
03608,Walpole,NH,yes
03609,North Walpole,NH,yes
03741,Canaan,NH,yes
03743,Claremont,NH,yes
03745,Cornish,NH,yes
03746,Cornish Flat,NH,yes
03748,Enfield,NH,yes
03750,Etna,NH,yes
03751,Georges Mills,NH,yes
03752,Goshen,NH,yes
03753,Grantham,NH,yes
03754,Guild,NH,yes
03755,Hanover,NH,yes
03766,Lebanon,NH,yes
03768,Lyme,NH,yes
03770,Meriden,NH,yes
03773,Newport,NH,yes
03777,Orford,NH,yes
03781,Plainfield,NH,yes
03782,Sunapee,NH,yes
03784,West Lebanon,NH,yes
03801,Portsmouth,NH,yes
03809,Alton,NH,yes
03810,Alton Bay,NH,yes
03811,Atkinson,NH,yes
03813,Center Conway,NH,yes
03814,Center Ossipee,NH,yes
03816,Center Tuftonboro,NH,yes
03817,Chocorua,NH,yes
03819,Danville,NH,yes
03820,Dover,NH,yes
03823,Madbury,NH,yes
03824,Durham,NH,yes
03825,Barrington,NH,yes
03826,East Hampstead,NH,yes
03827,East Kingston,NH,yes
03830,East Wakefield,NH,yes
03832,Eaton Center,NH,yes
03833,Exeter,NH,yes
03835,Farmington,NH,yes
03836,Freedom,NH,yes
03837,Gilmanton Iron Works,NH,yes
03838,Glen,NH,yes
03839,Rochester,NH,yes
03840,Greenland,NH,yes
03841,Hampstead,NH,yes
03842,Hampton,NH,yes
03844,Hampton Falls,NH,yes
03845,Intervale,NH,yes
03846,Jackson,NH,yes
03847,Kearsarge,NH,yes
03848,Kingston,NH,yes
03849,Madison,NH,yes
03850,Melvin Village,NH,yes
03851,Milton,NH,yes
03852,Milton Mills,NH,yes
03853,Mirror Lake,NH,yes
03854,New Castle,NH,yes
03855,New Durham,NH,yes
03856,Newfields,NH,yes
03857,Newmarket,NH,yes
03858,Newton,NH,yes
03860,North Conway,NH,yes
03861,Lee,NH,yes
03862,North Hampton,NH,yes
03864,Ossipee,NH,yes
03865,Plaistow,NH,yes
03867,Rochester,NH,yes
03868,Rochester,NH,yes
03869,Rollinsford,NH,yes
03870,Rye,NH,yes
03871,Rye Beach,NH,yes
03872,Sanbornville,NH,yes
03873,Sandown,NH,yes
03874,Seabrook,NH,yes
03875,Silver Lake,NH,yes
03878,Somersworth,NH,yes
03882,Effingham,NH,yes
03883,South Tamworth,NH,yes
03884,Strafford,NH,yes
03885,Stratham,NH,yes
03886,Tamworth,NH,yes
03887,Union,NH,yes
03890,West Ossipee,NH,yes
03894,Wolfeboro,NH,yes
03901,Berwick,ME,yes
03902,Cape Neddick,ME,yes
03903,Eliot,ME,yes
03904,Kittery,ME,yes
03905,Kittery Point,ME,yes
03906,North Berwick,ME,yes
03907,Ogunquit,ME,yes
03908,South Berwick,ME,yes
03909,York,ME,yes
03910,York Beach,ME,yes
03911,York Harbor,ME,yes
04001,Acton,ME,yes
04002,Alfred,ME,yes
04003,Bailey Island,ME,yes
04005,Biddeford,ME,yes
04006,Biddeford Pool,ME,yes
04011,Brunswick,ME,yes
04015,Casco,ME,yes
04017,Chebeague Island,ME,yes
04019,Cliff Island,ME,yes
04020,Cornish,ME,yes
04021,Cumberland Center,ME,yes
04022,Denmark,ME,yes
04024,East Baldwin,ME,yes
04027,Lebanon,ME,yes
04029,Sebago,ME,yes
04030,East Waterboro,ME,yes
04032,Freeport,ME,yes
04037,Fryeburg,ME,yes
04038,Gorham,ME,yes
04039,Gray,ME,yes
04041,Hiram,ME,yes
04042,Hollis Center,ME,yes
04043,Kennebunk,ME,yes
04046,Kennebunkport,ME,yes
04047,Parsonsfield,ME,yes
04048,Limerick,ME,yes
04049,Limington,ME,yes
04050,Long Island,ME,yes
04056,Newfield,ME,yes
04061,North Waterboro,ME,yes
04062,Windham,ME,yes
04063,Ocean Park,ME,yes
04064,Old Orchard Beach,ME,yes
04066,Orrs Island,ME,yes
04068,Porter,ME,yes
04069,Pownal,ME,yes
04071,Raymond,ME,yes
04072,Saco,ME,yes
04073,Sanford,ME,yes
04074,Scarborough,ME,yes
04076,Shapleigh,ME,yes
04079,Harpswell,ME,yes
04083,Springvale,ME,yes
04084,Standish,ME,yes
04085,Steep Falls,ME,yes
04087,Waterboro,ME,yes
04090,Wells,ME,yes
04091,West Baldwin,ME,yes
04092,Westbrook,ME,yes
04093,Buxton,ME,yes
04095,West Newfield,ME,yes
04096,Yarmouth,ME,yes
04097,North Yarmouth,ME,yes
04101,Portland,ME,yes
04102,Portland,ME,yes
04103,Portland,ME,yes
04105,Falmouth,ME,yes
04106,South Portland,ME,yes
04107,Cape Elizabeth,ME,yes
04108,Peaks Island,ME,yes
04109,Portland,ME,yes
04110,Cumberland Foreside,ME,yes
04210,Auburn,ME,yes
04222,Durham,ME,yes
04240,Lewiston,ME,yes
04250,Lisbon,ME,yes
04252,Lisbon Falls,ME,yes
04256,Mechanic Falls,ME,yes
04258,Minot,ME,yes
04260,New Gloucester,ME,yes
04270,Oxford,ME,yes
04274,Poland,ME,yes
05001,White River Junction,VT,yes
05031,Barnard,VT,yes
05032,Bethel,VT,yes
05034,Bridgewater,VT,yes
05035,Bridgewater Corners,VT,yes
05037,Brownsville,VT,yes
05043,East Thetford,VT,yes
05045,Fairlee,VT,yes
05048,Hartland,VT,yes
05052,North Hartland,VT,yes
05053,North Pomfret,VT,yes
05055,Norwich,VT,yes
05056,Plymouth,VT,yes
05058,Post Mills,VT,yes
05059,Quechee,VT,yes
05062,Reading,VT,yes
05065,Sharon,VT,yes
05067,South Pomfret,VT,yes
05068,South Royalton,VT,yes
05071,South Woodstock,VT,yes
05075,Thetford Center,VT,yes
05084,West Hartford,VT,yes
05089,Windsor,VT,yes
05091,Woodstock,VT,yes
05101,Bellows Falls,VT,yes
05141,Cambridgeport,VT,yes
05142,Cavendish,VT,yes
05143,Chester,VT,yes
05146,Grafton,VT,yes
05148,Londonderry,VT,yes
05149,Ludlow,VT,yes
05150,North Springfield,VT,yes
05151,Perkinsville,VT,yes
05152,Peru,VT,yes
05153,Proctorsville,VT,yes
05154,Saxtons River,VT,yes
05155,South Londonderry,VT,yes
05156,Springfield,VT,yes
05158,Westminster,VT,yes
05161,Weston,VT,yes
05201,Bennington,VT,yes
05250,Arlington,VT,yes
05251,Dorset,VT,yes
05252,East Arlington,VT,yes
05253,East Dorset,VT,yes
05254,Manchester,VT,yes
05255,Manchester Center,VT,yes
05257,North Bennington,VT,yes
05260,North Pownal,VT,yes
05261,Pownal,VT,yes
05262,Shaftsbury,VT,yes
05301,Brattleboro,VT,yes
05340,Bondville,VT,yes
05341,East Dover,VT,yes
05342,Jacksonville,VT,yes
05343,Jamaica,VT,yes
05345,Newfane,VT,yes
05346,Putney,VT,yes
05350,Readsboro,VT,yes
05352,Stamford,VT,yes
05353,Townshend,VT,yes
05354,Vernon,VT,yes
05355,Wardsboro,VT,yes
05356,West Dover,VT,yes
05358,West Halifax,VT,yes
05359,West Townshend,VT,yes
05360,West Wardsboro,VT,yes
05361,Whitingham,VT,yes
05362,Williamsville,VT,yes
05363,Wilmington,VT,yes
05701,Rutland,VT,yes
05730,Belmont,VT,yes
05738,Cuttingsville,VT,yes
05739,Danby,VT,yes
05742,East Wallingford,VT,yes
05751,Killington,VT,yes
05757,Middletown Springs,VT,yes
05758,Mount Holly,VT,yes
05759,North Clarendon,VT,yes
05761,Pawlet,VT,yes
05772,Stockbridge,VT,yes
05773,Wallingford,VT,yes
05774,Wells,VT,yes
05775,West Pawlet,VT,yes
05776,West Rupert,VT,yes
05777,West Rutland,VT,yes
06001,Avon,CT,yes
06002,Bloomfield,CT,yes
06010,Bristol,CT,yes
06013,Burlington,CT,yes
06016,Broad Brook,CT,yes
06018,Canaan,CT,yes
06019,Canton,CT,yes
06020,Canton Center,CT,yes
06021,Colebrook,CT,yes
06022,Collinsville,CT,yes
06023,East Berlin,CT,yes
06024,East Canaan,CT,yes
06026,East Granby,CT,yes
06027,East Hartland,CT,yes
06029,Ellington,CT,yes
06031,Falls Village,CT,yes
06032,Farmington,CT,yes
06033,Glastonbury,CT,yes
06035,Granby,CT,yes
06037,Berlin,CT,yes
06039,Lakeville,CT,yes
06040,Manchester,CT,yes
06042,Manchester,CT,yes
06043,Bolton,CT,yes
06051,New Britain,CT,yes
06052,New Britain,CT,yes
06053,New Britain,CT,yes
06057,New Hartford,CT,yes
06058,Norfolk,CT,yes
06059,North Canton,CT,yes
06060,North Granby,CT,yes
06061,Pine Meadow,CT,yes
06062,Plainville,CT,yes
06063,Barkhamsted,CT,yes
06065,Riverton,CT,yes
06066,Vernon Rockville,CT,yes
06067,Rocky Hill,CT,yes
06068,Salisbury,CT,yes
06069,Sharon,CT,yes
06070,Simsbury,CT,yes
06071,Somers,CT,yes
06073,South Glastonbury,CT,yes
06074,South Windsor,CT,yes
06076,Stafford Springs,CT,yes
06078,Suffield,CT,yes
06081,Tariffville,CT,yes
06082,Enfield,CT,yes
06084,Tolland,CT,yes
06085,Unionville,CT,yes
06088,East Windsor,CT,yes
06089,Weatogue,CT,yes
06090,West Granby,CT,yes
06091,West Hartland,CT,yes
06092,West Simsbury,CT,yes
06093,West Suffield,CT,yes
06095,Windsor,CT,yes
06096,Windsor Locks,CT,yes
06098,Winsted,CT,yes
06103,Hartford,CT,yes
06105,Hartford,CT,yes
06106,Hartford,CT,yes
06107,West Hartford,CT,yes
06108,East Hartford,CT,yes
06109,Wethersfield,CT,yes
06110,West Hartford,CT,yes
06111,Newington,CT,yes
06112,Hartford,CT,yes
06114,Hartford,CT,yes
06117,West Hartford,CT,yes
06118,East Hartford,CT,yes
06119,West Hartford,CT,yes
06120,Hartford,CT,yes
06160,Hartford,CT,yes
06226,Willimantic,CT,yes
06231,Amston,CT,yes
06232,Andover,CT,yes
06234,Brooklyn,CT,yes
06235,Chaplin,CT,yes
06237,Columbia,CT,yes
06238,Coventry,CT,yes
06239,Danielson,CT,yes
06241,Dayville,CT,yes
06242,Eastford,CT,yes
06243,East Killingly,CT,yes
06247,Hampton,CT,yes
06248,Hebron,CT,yes
06249,Lebanon,CT,yes
06250,Mansfield Center,CT,yes
06254,North Franklin,CT,yes
06255,North Grosvenordale,CT,yes
06256,North Windham,CT,yes
06259,Pomfret Center,CT,yes
06260,Putnam,CT,yes
06262,Quinebaug,CT,yes
06263,Rogers,CT,yes
06264,Scotland,CT,yes
06266,South Windham,CT,yes
06268,Storrs Mansfield,CT,yes
06269,Storrs Mansfield,CT,yes
06277,Thompson,CT,yes
06278,Ashford,CT,yes
06279,Willington,CT,yes
06280,Windham,CT,yes
06281,Woodstock,CT,yes
06282,Woodstock Valley,CT,yes
06320,New London,CT,yes
06330,Baltic,CT,yes
06331,Canterbury,CT,yes
06332,Central Village,CT,yes
06333,East Lyme,CT,yes
06334,Bozrah,CT,yes
06335,Gales Ferry,CT,yes
06336,Gilman,CT,yes
06339,Ledyard,CT,yes
06340,Groton,CT,yes
06350,Hanover,CT,yes
06351,Jewett City,CT,yes
06353,Montville,CT,yes
06354,Moosup,CT,yes
06355,Mystic,CT,yes
06357,Niantic,CT,yes
06359,North Stonington,CT,yes
06360,Norwich,CT,yes
06365,Preston,CT,yes
06370,Oakdale,CT,yes
06371,Old Lyme,CT,yes
06373,Oneco,CT,yes
06374,Plainfield,CT,yes
06375,Quaker Hill,CT,yes
06376,South Lyme,CT,yes
06377,Sterling,CT,yes
06378,Stonington,CT,yes
06379,Pawcatuck,CT,yes
06380,Taftville,CT,yes
06382,Uncasville,CT,yes
06384,Voluntown,CT,yes
06385,Waterford,CT,yes
06387,Wauregan,CT,yes
06389,Yantic,CT,yes
06390,Fishers Island,NY,yes
06401,Ansonia,CT,yes
06403,Beacon Falls,CT,yes
06405,Branford,CT,yes
06409,Centerbrook,CT,yes
06410,Cheshire,CT,yes
06412,Chester,CT,yes
06413,Clinton,CT,yes
06414,Cobalt,CT,yes
06415,Colchester,CT,yes
06416,Cromwell,CT,yes
06417,Deep River,CT,yes
06418,Derby,CT,yes
06419,Killingworth,CT,yes
06420,Salem,CT,yes
06422,Durham,CT,yes
06423,East Haddam,CT,yes
06424,East Hampton,CT,yes
06426,Essex,CT,yes
06437,Guilford,CT,yes
06438,Haddam,CT,yes
06441,Higganum,CT,yes
06442,Ivoryton,CT,yes
06443,Madison,CT,yes
06444,Marion,CT,yes
06447,Marlborough,CT,yes
06450,Meriden,CT,yes
06451,Meriden,CT,yes
06455,Middlefield,CT,yes
06456,Middle Haddam,CT,yes
06457,Middletown,CT,yes
06460,Milford,CT,yes
06461,Milford,CT,yes
06467,Milldale,CT,yes
06468,Monroe,CT,yes
06469,Moodus,CT,yes
06470,Newtown,CT,yes
06471,North Branford,CT,yes
06472,Northford,CT,yes
06473,North Haven,CT,yes
06475,Old Saybrook,CT,yes
06477,Orange,CT,yes
06478,Oxford,CT,yes
06479,Plantsville,CT,yes
06480,Portland,CT,yes
06481,Rockfall,CT,yes
06482,Sandy Hook,CT,yes
06483,Seymour,CT,yes
06484,Shelton,CT,yes
06488,Southbury,CT,yes
06489,Southington,CT,yes
06492,Wallingford,CT,yes
06498,Westbrook,CT,yes
06510,New Haven,CT,yes
06511,New Haven,CT,yes
06512,New Haven,CT,yes
06513,New Haven,CT,yes
06514,Hamden,CT,yes
06515,New Haven,CT,yes
06516,West Haven,CT,yes
06517,Hamden,CT,yes
06518,Hamden,CT,yes
06519,New Haven,CT,yes
06524,Bethany,CT,yes
06525,New Haven,CT,yes
06604,Bridgeport,CT,yes
06605,Bridgeport,CT,yes
06606,Bridgeport,CT,yes
06607,Bridgeport,CT,yes
06608,Bridgeport,CT,yes
06610,Bridgeport,CT,yes
06611,Trumbull,CT,yes
06612,Easton,CT,yes
06614,Stratford,CT,yes
06615,Stratford,CT,yes
06702,Waterbury,CT,yes
06704,Waterbury,CT,yes
06705,Waterbury,CT,yes
06706,Waterbury,CT,yes
06708,Waterbury,CT,yes
06710,Waterbury,CT,yes
06712,Prospect,CT,yes
06716,Wolcott,CT,yes
06750,Bantam,CT,yes
06751,Bethlehem,CT,yes
06752,Bridgewater,CT,yes
06754,Cornwall Bridge,CT,yes
06755,Gaylordsville,CT,yes
06756,Goshen,CT,yes
06757,Kent,CT,yes
06758,Lakeside,CT,yes
06759,Litchfield,CT,yes
06762,Middlebury,CT,yes
06763,Morris,CT,yes
06770,Naugatuck,CT,yes
06776,New Milford,CT,yes
06777,New Preston Marble Dale,CT,yes
06778,Northfield,CT,yes
06779,Oakville,CT,yes
06782,Plymouth,CT,yes
06783,Roxbury,CT,yes
06784,Sherman,CT,yes
06785,South Kent,CT,yes
06786,Terryville,CT,yes
06787,Thomaston,CT,yes
06790,Torrington,CT,yes
06791,Harwinton,CT,yes
06793,Washington,CT,yes
06794,Washington Depot,CT,yes
06795,Watertown,CT,yes
06796,West Cornwall,CT,yes
06798,Woodbury,CT,yes
06801,Bethel,CT,yes
06804,Brookfield,CT,yes
06807,Cos Cob,CT,yes
06810,Danbury,CT,yes
06811,Danbury,CT,yes
06812,New Fairfield,CT,yes
06820,Darien,CT,yes
06824,Fairfield,CT,yes
06825,Fairfield,CT,yes
06830,Greenwich,CT,yes
06831,Greenwich,CT,yes
06840,New Canaan,CT,yes
06850,Norwalk,CT,yes
06851,Norwalk,CT,yes
06853,Norwalk,CT,yes
06854,Norwalk,CT,yes
06855,Norwalk,CT,yes
06856,Norwalk,CT,yes
06870,Old Greenwich,CT,yes
06877,Ridgefield,CT,yes
06878,Riverside,CT,yes
06880,Westport,CT,yes
06883,Weston,CT,yes
06890,Southport,CT,yes
06896,Redding,CT,yes
06897,Wilton,CT,yes
06901,Stamford,CT,yes
06902,Stamford,CT,yes
06903,Stamford,CT,yes
06905,Stamford,CT,yes
06906,Stamford,CT,yes
06907,Stamford,CT,yes
07001,Avenel,NJ,yes
07002,Bayonne,NJ,yes
07003,Bloomfield,NJ,yes
07004,Fairfield,NJ,yes
07005,Boonton,NJ,yes
07006,Caldwell,NJ,yes
07008,Carteret,NJ,yes
07009,Cedar Grove,NJ,yes
07010,Cliffside Park,NJ,yes
07011,Clifton,NJ,yes
07012,Clifton,NJ,yes
07013,Clifton,NJ,yes
07014,Clifton,NJ,yes
07016,Cranford,NJ,yes
07017,East Orange,NJ,yes
07018,East Orange,NJ,yes
07020,Edgewater,NJ,yes
07021,Essex Fells,NJ,yes
07022,Fairview,NJ,yes
07023,Fanwood,NJ,yes
07024,Fort Lee,NJ,yes
07026,Garfield,NJ,yes
07027,Garwood,NJ,yes
07028,Glen Ridge,NJ,yes
07029,Harrison,NJ,yes
07030,Hoboken,NJ,yes
07031,North Arlington,NJ,yes
07032,Kearny,NJ,yes
07033,Kenilworth,NJ,yes
07034,Lake Hiawatha,NJ,yes
07035,Lincoln Park,NJ,yes
07036,Linden,NJ,yes
07039,Livingston,NJ,yes
07040,Maplewood,NJ,yes
07041,Millburn,NJ,yes
07042,Montclair,NJ,yes
07043,Montclair,NJ,yes
07044,Verona,NJ,yes
07045,Montville,NJ,yes
07046,Mountain Lakes,NJ,yes
07047,North Bergen,NJ,yes
07050,Orange,NJ,yes
07052,West Orange,NJ,yes
07054,Parsippany,NJ,yes
07055,Passaic,NJ,yes
07057,Wallington,NJ,yes
07058,Pine Brook,NJ,yes
07059,Warren,NJ,yes
07060,Plainfield,NJ,yes
07062,Plainfield,NJ,yes
07063,Plainfield,NJ,yes
07064,Port Reading,NJ,yes
07065,Rahway,NJ,yes
07066,Clark,NJ,yes
07067,Colonia,NJ,yes
07068,Roseland,NJ,yes
07069,Watchung,NJ,yes
07070,Rutherford,NJ,yes
07071,Lyndhurst,NJ,yes
07072,Carlstadt,NJ,yes
07073,East Rutherford,NJ,yes
07074,Moonachie,NJ,yes
07075,Wood Ridge,NJ,yes
07076,Scotch Plains,NJ,yes
07077,Sewaren,NJ,yes
07078,Short Hills,NJ,yes
07079,South Orange,NJ,yes
07080,South Plainfield,NJ,yes
07081,Springfield,NJ,yes
07082,Towaco,NJ,yes
07083,Union,NJ,yes
07086,Weehawken,NJ,yes
07087,Union City,NJ,yes
07088,Vauxhall,NJ,yes
07090,Westfield,NJ,yes
07092,Mountainside,NJ,yes
07093,West New York,NJ,yes
07094,Secaucus,NJ,yes
07095,Woodbridge,NJ,yes
07102,Newark,NJ,yes
07103,Newark,NJ,yes
07104,Newark,NJ,yes
07105,Newark,NJ,yes
07106,Newark,NJ,yes
07107,Newark,NJ,yes
07108,Newark,NJ,yes
07109,Belleville,NJ,yes
07110,Nutley,NJ,yes
07111,Irvington,NJ,yes
07112,Newark,NJ,yes
07114,Newark,NJ,yes
07201,Elizabeth,NJ,yes
07202,Elizabeth,NJ,yes
07203,Roselle,NJ,yes
07204,Roselle Park,NJ,yes
07205,Hillside,NJ,yes
07206,Elizabethport,NJ,yes
07208,Elizabeth,NJ,yes
07302,Jersey City,NJ,yes
07304,Jersey City,NJ,yes
07305,Jersey City,NJ,yes
07306,Jersey City,NJ,yes
07307,Jersey City,NJ,yes
07310,Jersey City,NJ,yes
07311,Jersey City,NJ,yes
07401,Allendale,NJ,yes
07403,Bloomingdale,NJ,yes
07405,Butler,NJ,yes
07407,Elmwood Park,NJ,yes
07410,Fair Lawn,NJ,yes
07416,Franklin,NJ,yes
07417,Franklin Lakes,NJ,yes
07418,Glenwood,NJ,yes
07419,Hamburg,NJ,yes
07420,Haskell,NJ,yes
07421,Hewitt,NJ,yes
07422,Highland Lakes,NJ,yes
07423,Ho Ho Kus,NJ,yes
07424,Little Falls,NJ,yes
07430,Mahwah,NJ,yes
07432,Midland Park,NJ,yes
07435,Newfoundland,NJ,yes
07436,Oakland,NJ,yes
07438,Oak Ridge,NJ,yes
07439,Ogdensburg,NJ,yes
07440,Pequannock,NJ,yes
07442,Pompton Lakes,NJ,yes
07444,Pompton Plains,NJ,yes
07446,Ramsey,NJ,yes
07450,Ridgewood,NJ,yes
07452,Glen Rock,NJ,yes
07456,Ringwood,NJ,yes
07457,Riverdale,NJ,yes
07458,Saddle River,NJ,yes
07460,Stockholm,NJ,yes
07461,Sussex,NJ,yes
07462,Vernon,NJ,yes
07463,Waldwick,NJ,yes
07465,Wanaque,NJ,yes
07470,Wayne,NJ,yes
07480,West Milford,NJ,yes
07481,Wyckoff,NJ,yes
07495,Mahwah,NJ,yes
07501,Paterson,NJ,yes
07502,Paterson,NJ,yes
07503,Paterson,NJ,yes
07504,Paterson,NJ,yes
07505,Paterson,NJ,yes
07506,Hawthorne,NJ,yes
07508,Haledon,NJ,yes
07512,Totowa,NJ,yes
07513,Paterson,NJ,yes
07514,Paterson,NJ,yes
07522,Paterson,NJ,yes
07524,Paterson,NJ,yes
07601,Hackensack,NJ,yes
07603,Bogota,NJ,yes
07604,Hasbrouck Heights,NJ,yes
07605,Leonia,NJ,yes
07606,South Hackensack,NJ,yes
07607,Maywood,NJ,yes
07608,Teterboro,NJ,yes
07620,Alpine,NJ,yes
07621,Bergenfield,NJ,yes
07624,Closter,NJ,yes
07626,Cresskill,NJ,yes
07627,Demarest,NJ,yes
07628,Dumont,NJ,yes
07630,Emerson,NJ,yes
07631,Englewood,NJ,yes
07632,Englewood Cliffs,NJ,yes
07640,Harrington Park,NJ,yes
07641,Haworth,NJ,yes
07642,Hillsdale,NJ,yes
07643,Little Ferry,NJ,yes
07644,Lodi,NJ,yes
07645,Montvale,NJ,yes
07646,New Milford,NJ,yes
07647,Northvale,NJ,yes
07648,Norwood,NJ,yes
07649,Oradell,NJ,yes
07650,Palisades Park,NJ,yes
07652,Paramus,NJ,yes
07656,Park Ridge,NJ,yes
07657,Ridgefield,NJ,yes
07660,Ridgefield Park,NJ,yes
07661,River Edge,NJ,yes
07662,Rochelle Park,NJ,yes
07663,Saddle Brook,NJ,yes
07666,Teaneck,NJ,yes
07670,Tenafly,NJ,yes
07675,Westwood,NJ,yes
07676,Township Of Washington,NJ,yes
07677,Woodcliff Lake,NJ,yes
07701,Red Bank,NJ,yes
07702,Shrewsbury,NJ,yes
07703,Fort Monmouth,NJ,yes
07704,Fair Haven,NJ,yes
07711,Allenhurst,NJ,yes
07712,Asbury Park,NJ,yes
07716,Atlantic Highlands,NJ,yes
07717,Avon By The Sea,NJ,yes
07718,Belford,NJ,yes
07719,Belmar,NJ,yes
07720,Bradley Beach,NJ,yes
07721,Cliffwood,NJ,yes
07722,Colts Neck,NJ,yes
07723,Deal,NJ,yes
07724,Eatontown,NJ,yes
07726,Englishtown,NJ,yes
07727,Farmingdale,NJ,yes
07728,Freehold,NJ,yes
07730,Hazlet,NJ,yes
07731,Howell,NJ,yes
07732,Highlands,NJ,yes
07733,Holmdel,NJ,yes
07734,Keansburg,NJ,yes
07735,Keyport,NJ,yes
07737,Leonardo,NJ,yes
07738,Lincroft,NJ,yes
07739,Little Silver,NJ,yes
07740,Long Branch,NJ,yes
07746,Marlboro,NJ,yes
07747,Matawan,NJ,yes
07748,Middletown,NJ,yes
07750,Monmouth Beach,NJ,yes
07751,Morganville,NJ,yes
07753,Neptune,NJ,yes
07755,Oakhurst,NJ,yes
07756,Ocean Grove,NJ,yes
07757,Oceanport,NJ,yes
07758,Port Monmouth,NJ,yes
07760,Rumson,NJ,yes
07762,Spring Lake,NJ,yes
07764,West Long Branch,NJ,yes
07801,Dover,NJ,yes
07803,Mine Hill,NJ,yes
07820,Allamuchy,NJ,yes
07821,Andover,NJ,yes
07822,Augusta,NJ,yes
07823,Belvidere,NJ,yes
07825,Blairstown,NJ,yes
07826,Branchville,NJ,yes
07827,Montague,NJ,yes
07828,Budd Lake,NJ,yes
07830,Califon,NJ,yes
07832,Columbia,NJ,yes
07833,Delaware,NJ,yes
07834,Denville,NJ,yes
07836,Flanders,NJ,yes
07838,Great Meadows,NJ,yes
07840,Hackettstown,NJ,yes
07842,Hibernia,NJ,yes
07843,Hopatcong,NJ,yes
07846,Johnsonburg,NJ,yes
07847,Kenvil,NJ,yes
07848,Lafayette,NJ,yes
07849,Lake Hopatcong,NJ,yes
07850,Landing,NJ,yes
07851,Layton,NJ,yes
07852,Ledgewood,NJ,yes
07853,Long Valley,NJ,yes
07856,Mount Arlington,NJ,yes
07857,Netcong,NJ,yes
07860,Newton,NJ,yes
07863,Oxford,NJ,yes
07865,Port Murray,NJ,yes
07866,Rockaway,NJ,yes
07869,Randolph,NJ,yes
07870,Schooleys Mountain,NJ,yes
07871,Sparta,NJ,yes
07874,Stanhope,NJ,yes
07876,Succasunna,NJ,yes
07878,Mount Tabor,NJ,yes
07880,Vienna,NJ,yes
07881,Wallpack Center,NJ,yes
07882,Washington,NJ,yes
07885,Wharton,NJ,yes
07901,Summit,NJ,yes
07920,Basking Ridge,NJ,yes
07921,Bedminster,NJ,yes
07922,Berkeley Heights,NJ,yes
07924,Bernardsville,NJ,yes
07926,Brookside,NJ,yes
07927,Cedar Knolls,NJ,yes
07928,Chatham,NJ,yes
07930,Chester,NJ,yes
07931,Far Hills,NJ,yes
07932,Florham Park,NJ,yes
07933,Gillette,NJ,yes
07934,Gladstone,NJ,yes
07935,Green Village,NJ,yes
07936,East Hanover,NJ,yes
07939,Lyons,NJ,yes
07940,Madison,NJ,yes
07945,Mendham,NJ,yes
07946,Millington,NJ,yes
07950,Morris Plains,NJ,yes
07960,Morristown,NJ,yes
07961,Convent Station,NJ,yes
07970,Mount Freedom,NJ,yes
07974,New Providence,NJ,yes
07976,New Vernon,NJ,yes
07977,Peapack,NJ,yes
07979,Pottersville,NJ,yes
07980,Stirling,NJ,yes
07981,Whippany,NJ,yes
08001,Alloway,NJ,yes
08002,Cherry Hill,NJ,yes
08003,Cherry Hill,NJ,yes
08004,Atco,NJ,yes
08005,Barnegat,NJ,yes
08006,Barnegat Light,NJ,yes
08007,Barrington,NJ,yes
08008,Beach Haven,NJ,yes
08009,Berlin,NJ,yes
08010,Beverly,NJ,yes
08011,Birmingham,NJ,yes
08012,Blackwood,NJ,yes
08014,Bridgeport,NJ,yes
08015,Browns Mills,NJ,yes
08016,Burlington,NJ,yes
08019,Chatsworth,NJ,yes
08020,Clarksboro,NJ,yes
08021,Clementon,NJ,yes
08022,Columbus,NJ,yes
08023,Deepwater,NJ,yes
08026,Gibbsboro,NJ,yes
08027,Gibbstown,NJ,yes
08028,Glassboro,NJ,yes
08029,Glendora,NJ,yes
08030,Gloucester City,NJ,yes
08031,Bellmawr,NJ,yes
08033,Haddonfield,NJ,yes
08034,Cherry Hill,NJ,yes
08035,Haddon Heights,NJ,yes
08036,Hainesport,NJ,yes
08037,Hammonton,NJ,yes
08038,Hancocks Bridge,NJ,yes
08039,Harrisonville,NJ,yes
08041,Jobstown,NJ,yes
08042,Juliustown,NJ,yes
08043,Voorhees,NJ,yes
08045,Lawnside,NJ,yes
08046,Willingboro,NJ,yes
08048,Lumberton,NJ,yes
08049,Magnolia,NJ,yes
08050,Manahawkin,NJ,yes
08051,Mantua,NJ,yes
08052,Maple Shade,NJ,yes
08053,Marlton,NJ,yes
08054,Mount Laurel,NJ,yes
08055,Medford,NJ,yes
08056,Mickleton,NJ,yes
08057,Moorestown,NJ,yes
08059,Mount Ephraim,NJ,yes
08060,Mount Holly,NJ,yes
08061,Mount Royal,NJ,yes
08062,Mullica Hill,NJ,yes
08063,National Park,NJ,yes
08064,New Lisbon,NJ,yes
08065,Palmyra,NJ,yes
08066,Paulsboro,NJ,yes
08067,Pedricktown,NJ,yes
08068,Pemberton,NJ,yes
08069,Penns Grove,NJ,yes
08070,Pennsville,NJ,yes
08071,Pitman,NJ,yes
08072,Quinton,NJ,yes
08073,Rancocas,NJ,yes
08074,Richwood,NJ,yes
08075,Riverside,NJ,yes
08077,Riverton,NJ,yes
08078,Runnemede,NJ,yes
08079,Salem,NJ,yes
08080,Sewell,NJ,yes
08081,Sicklerville,NJ,yes
08083,Somerdale,NJ,yes
08084,Stratford,NJ,yes
08085,Swedesboro,NJ,yes
08086,Thorofare,NJ,yes
08087,Tuckerton,NJ,yes
08088,Vincentown,NJ,yes
08089,Waterford Works,NJ,yes
08090,Wenonah,NJ,yes
08091,West Berlin,NJ,yes
08092,West Creek,NJ,yes
08093,Westville,NJ,yes
08094,Williamstown,NJ,yes
08095,Winslow,NJ,yes
08096,Deptford,NJ,yes
08097,Woodbury Heights,NJ,yes
08098,Woodstown,NJ,yes
08102,Camden,NJ,yes
08103,Camden,NJ,yes
08104,Camden,NJ,yes
08105,Camden,NJ,yes
08106,Audubon,NJ,yes
08107,Oaklyn,NJ,yes
08108,Collingswood,NJ,yes
08109,Merchantville,NJ,yes
08110,Pennsauken,NJ,yes
08201,Absecon,NJ,yes
08205,Absecon,NJ,yes
08215,Egg Harbor City,NJ,yes
08217,Elwood,NJ,yes
08224,New Gretna,NJ,yes
08240,Pomona,NJ,yes
08241,Port Republic,NJ,yes
08302,Bridgeton,NJ,yes
08310,Buena,NJ,yes
08311,Cedarville,NJ,yes
08312,Clayton,NJ,yes
08317,Dorothy,NJ,yes
08318,Elmer,NJ,yes
08319,Estell Manor,NJ,yes
08320,Fairton,NJ,yes
08322,Franklinville,NJ,yes
08323,Greenwich,NJ,yes
08326,Landisville,NJ,yes
08328,Malaga,NJ,yes
08330,Mays Landing,NJ,yes
08340,Milmay,NJ,yes
08341,Minotola,NJ,yes
08343,Monroeville,NJ,yes
08344,Newfield,NJ,yes
08346,Newtonville,NJ,yes
08350,Richland,NJ,yes
08352,Rosenhayn,NJ,yes
08353,Shiloh,NJ,yes
08360,Vineland,NJ,yes
08361,Vineland,NJ,yes
08501,Allentown,NJ,yes
08502,Belle Mead,NJ,yes
08505,Bordentown,NJ,yes
08510,Millstone Township,NJ,yes
08511,Cookstown,NJ,yes
08512,Cranbury,NJ,yes
08514,Cream Ridge,NJ,yes
08515,Chesterfield,NJ,yes
08518,Florence,NJ,yes
08520,Hightstown,NJ,yes
08525,Hopewell,NJ,yes
08527,Jackson,NJ,yes
08528,Kingston,NJ,yes
08530,Lambertville,NJ,yes
08533,New Egypt,NJ,yes
08534,Pennington,NJ,yes
08535,Millstone Township,NJ,yes
08536,Plainsboro,NJ,yes
08540,Princeton,NJ,yes
08542,Princeton,NJ,yes
08550,Princeton Junction,NJ,yes
08551,Ringoes,NJ,yes
08553,Rocky Hill,NJ,yes
08554,Roebling,NJ,yes
08555,Roosevelt,NJ,yes
08558,Skillman,NJ,yes
08559,Stockton,NJ,yes
08560,Titusville,NJ,yes
08561,Windsor,NJ,yes
08562,Wrightstown,NJ,yes
08608,Trenton,NJ,yes
08609,Trenton,NJ,yes
08610,Trenton,NJ,yes
08611,Trenton,NJ,yes
08618,Trenton,NJ,yes
08619,Trenton,NJ,yes
08620,Trenton,NJ,yes
08628,Trenton,NJ,yes
08629,Trenton,NJ,yes
08638,Trenton,NJ,yes
08640,Joint Base Mdl,NJ,yes
08641,Joint Base Mdl,NJ,yes
08648,Lawrence Township,NJ,yes
08690,Trenton,NJ,yes
08691,Trenton,NJ,yes
08701,Lakewood,NJ,yes
08720,Allenwood,NJ,yes
08721,Bayville,NJ,yes
08722,Beachwood,NJ,yes
08723,Brick,NJ,yes
08724,Brick,NJ,yes
08730,Brielle,NJ,yes
08731,Forked River,NJ,yes
08732,Island Heights,NJ,yes
08733,Lakehurst,NJ,yes
08734,Lanoka Harbor,NJ,yes
08735,Lavallette,NJ,yes
08736,Manasquan,NJ,yes
08738,Mantoloking,NJ,yes
08740,Ocean Gate,NJ,yes
08741,Pine Beach,NJ,yes
08742,Point Pleasant Beach,NJ,yes
08750,Sea Girt,NJ,yes
08751,Seaside Heights,NJ,yes
08752,Seaside Park,NJ,yes
08753,Toms River,NJ,yes
08755,Toms River,NJ,yes
08757,Toms River,NJ,yes
08758,Waretown,NJ,yes
08759,Manchester Township,NJ,yes
08801,Annandale,NJ,yes
08802,Asbury,NJ,yes
08804,Bloomsbury,NJ,yes
08805,Bound Brook,NJ,yes
08807,Bridgewater,NJ,yes
08808,Broadway,NJ,yes
08809,Clinton,NJ,yes
08810,Dayton,NJ,yes
08812,Dunellen,NJ,yes
08816,East Brunswick,NJ,yes
08817,Edison,NJ,yes
08820,Edison,NJ,yes
08821,Flagtown,NJ,yes
08822,Flemington,NJ,yes
08823,Franklin Park,NJ,yes
08824,Kendall Park,NJ,yes
08825,Frenchtown,NJ,yes
08826,Glen Gardner,NJ,yes
08827,Hampton,NJ,yes
08828,Helmetta,NJ,yes
08829,High Bridge,NJ,yes
08830,Iselin,NJ,yes
08831,Monroe Township,NJ,yes
08832,Keasbey,NJ,yes
08833,Lebanon,NJ,yes
08835,Manville,NJ,yes
08836,Martinsville,NJ,yes
08837,Edison,NJ,yes
08840,Metuchen,NJ,yes
08844,Hillsborough,NJ,yes
08846,Middlesex,NJ,yes
08848,Milford,NJ,yes
08850,Milltown,NJ,yes
08852,Monmouth Junction,NJ,yes
08853,Neshanic Station,NJ,yes
08854,Piscataway,NJ,yes
08857,Old Bridge,NJ,yes
08858,Oldwick,NJ,yes
08859,Parlin,NJ,yes
08861,Perth Amboy,NJ,yes
08863,Fords,NJ,yes
08865,Phillipsburg,NJ,yes
08867,Pittstown,NJ,yes
08869,Raritan,NJ,yes
08872,Sayreville,NJ,yes
08873,Somerset,NJ,yes
08876,Somerville,NJ,yes
08879,South Amboy,NJ,yes
08880,South Bound Brook,NJ,yes
08882,South River,NJ,yes
08884,Spotswood,NJ,yes
08886,Stewartsville,NJ,yes
08887,Three Bridges,NJ,yes
08889,Whitehouse Station,NJ,yes
08890,Zarephath,NJ,yes
08901,New Brunswick,NJ,yes
08902,North Brunswick,NJ,yes
08904,Highland Park,NJ,yes
10001,New York,NY,yes
10002,New York,NY,yes
10003,New York,NY,yes
10004,New York,NY,yes
10005,New York,NY,yes
10006,New York,NY,yes
10007,New York,NY,yes
10009,New York,NY,yes
10010,New York,NY,yes
10011,New York,NY,yes
10012,New York,NY,yes
10013,New York,NY,yes
10014,New York,NY,yes
10016,New York,NY,yes
10017,New York,NY,yes
10018,New York,NY,yes
10019,New York,NY,yes
10020,New York,NY,yes
10021,New York,NY,yes
10022,New York,NY,yes
10023,New York,NY,yes
10024,New York,NY,yes
10025,New York,NY,yes
10026,New York,NY,yes
10027,New York,NY,yes
10028,New York,NY,yes
10029,New York,NY,yes
10030,New York,NY,yes
10031,New York,NY,yes
10032,New York,NY,yes
10033,New York,NY,yes
10034,New York,NY,yes
10035,New York,NY,yes
10036,New York,NY,yes
10037,New York,NY,yes
10038,New York,NY,yes
10039,New York,NY,yes
10040,New York,NY,yes
10044,New York,NY,yes
10065,New York,NY,yes
10069,New York,NY,yes
10075,New York,NY,yes
10103,New York,NY,yes
10110,New York,NY,yes
10111,New York,NY,yes
10112,New York,NY,yes
10115,New York,NY,yes
10119,New York,NY,yes
10128,New York,NY,yes
10152,New York,NY,yes
10153,New York,NY,yes
10154,New York,NY,yes
10162,New York,NY,yes
10165,New York,NY,yes
10167,New York,NY,yes
10168,New York,NY,yes
10169,New York,NY,yes
10170,New York,NY,yes
10171,New York,NY,yes
10172,New York,NY,yes
10173,New York,NY,yes
10174,New York,NY,yes
10177,New York,NY,yes
10199,New York,NY,yes
10271,New York,NY,yes
10278,New York,NY,yes
10279,New York,NY,yes
10280,New York,NY,yes
10282,New York,NY,yes
10301,Staten Island,NY,yes
10302,Staten Island,NY,yes
10303,Staten Island,NY,yes
10304,Staten Island,NY,yes
10305,Staten Island,NY,yes
10306,Staten Island,NY,yes
10307,Staten Island,NY,yes
10308,Staten Island,NY,yes
10309,Staten Island,NY,yes
10310,Staten Island,NY,yes
10311,Staten Island,NY,yes
10312,Staten Island,NY,yes
10314,Staten Island,NY,yes
10451,Bronx,NY,yes
10452,Bronx,NY,yes
10453,Bronx,NY,yes
10454,Bronx,NY,yes
10455,Bronx,NY,yes
10456,Bronx,NY,yes
10457,Bronx,NY,yes
10458,Bronx,NY,yes
10459,Bronx,NY,yes
10460,Bronx,NY,yes
10461,Bronx,NY,yes
10462,Bronx,NY,yes
10463,Bronx,NY,yes
10464,Bronx,NY,yes
10465,Bronx,NY,yes
10466,Bronx,NY,yes
10467,Bronx,NY,yes
10468,Bronx,NY,yes
10469,Bronx,NY,yes
10470,Bronx,NY,yes
10471,Bronx,NY,yes
10472,Bronx,NY,yes
10473,Bronx,NY,yes
10474,Bronx,NY,yes
10475,Bronx,NY,yes
10501,Amawalk,NY,yes
10502,Ardsley,NY,yes
10503,Ardsley On Hudson,NY,yes
10504,Armonk,NY,yes
10505,Baldwin Place,NY,yes
10506,Bedford,NY,yes
10507,Bedford Hills,NY,yes
10509,Brewster,NY,yes
10510,Briarcliff Manor,NY,yes
10511,Buchanan,NY,yes
10512,Carmel,NY,yes
10514,Chappaqua,NY,yes
10516,Cold Spring,NY,yes
10517,Crompond,NY,yes
10518,Cross River,NY,yes
10519,Croton Falls,NY,yes
10520,Croton On Hudson,NY,yes
10522,Dobbs Ferry,NY,yes
10523,Elmsford,NY,yes
10524,Garrison,NY,yes
10526,Goldens Bridge,NY,yes
10527,Granite Springs,NY,yes
10528,Harrison,NY,yes
10530,Hartsdale,NY,yes
10532,Hawthorne,NY,yes
10533,Irvington,NY,yes
10535,Jefferson Valley,NY,yes
10536,Katonah,NY,yes
10537,Lake Peekskill,NY,yes
10538,Larchmont,NY,yes
10541,Mahopac,NY,yes
10543,Mamaroneck,NY,yes
10545,Maryknoll,NY,yes
10546,Millwood,NY,yes
10547,Mohegan Lake,NY,yes
10548,Montrose,NY,yes
10549,Mount Kisco,NY,yes
10550,Mount Vernon,NY,yes
10552,Mount Vernon,NY,yes
10553,Mount Vernon,NY,yes
10560,North Salem,NY,yes
10562,Ossining,NY,yes
10566,Peekskill,NY,yes
10567,Cortlandt Manor,NY,yes
10570,Pleasantville,NY,yes
10573,Port Chester,NY,yes
10576,Pound Ridge,NY,yes
10577,Purchase,NY,yes
10578,Purdys,NY,yes
10579,Putnam Valley,NY,yes
10580,Rye,NY,yes
10583,Scarsdale,NY,yes
10588,Shrub Oak,NY,yes
10589,Somers,NY,yes
10590,South Salem,NY,yes
10591,Tarrytown,NY,yes
10594,Thornwood,NY,yes
10595,Valhalla,NY,yes
10596,Verplanck,NY,yes
10597,Waccabuc,NY,yes
10598,Yorktown Heights,NY,yes
10601,White Plains,NY,yes
10603,White Plains,NY,yes
10604,West Harrison,NY,yes
10605,White Plains,NY,yes
10606,White Plains,NY,yes
10607,White Plains,NY,yes
10701,Yonkers,NY,yes
10703,Yonkers,NY,yes
10704,Yonkers,NY,yes
10705,Yonkers,NY,yes
10706,Hastings On Hudson,NY,yes
10707,Tuckahoe,NY,yes
10708,Bronxville,NY,yes
10709,Eastchester,NY,yes
10710,Yonkers,NY,yes
10801,New Rochelle,NY,yes
10803,Pelham,NY,yes
10804,New Rochelle,NY,yes
10805,New Rochelle,NY,yes
10901,Suffern,NY,yes
10910,Arden,NY,yes
10911,Bear Mountain,NY,yes
10913,Blauvelt,NY,yes
10914,Blooming Grove,NY,yes
10915,Bullville,NY,yes
10916,Campbell Hall,NY,yes
10917,Central Valley,NY,yes
10918,Chester,NY,yes
10919,Circleville,NY,yes
10920,Congers,NY,yes
10921,Florida,NY,yes
10922,Fort Montgomery,NY,yes
10923,Garnerville,NY,yes
10924,Goshen,NY,yes
10925,Greenwood Lake,NY,yes
10926,Harriman,NY,yes
10927,Haverstraw,NY,yes
10928,Highland Falls,NY,yes
10930,Highland Mills,NY,yes
10931,Hillburn,NY,yes
10932,Howells,NY,yes
10933,Johnson,NY,yes
10940,Middletown,NY,yes
10941,Middletown,NY,yes
10950,Monroe,NY,yes
10952,Monsey,NY,yes
10953,Mountainville,NY,yes
10954,Nanuet,NY,yes
10956,New City,NY,yes
10958,New Hampton,NY,yes
10960,Nyack,NY,yes
10962,Orangeburg,NY,yes
10963,Otisville,NY,yes
10964,Palisades,NY,yes
10965,Pearl River,NY,yes
10968,Piermont,NY,yes
10969,Pine Island,NY,yes
10970,Pomona,NY,yes
10973,Slate Hill,NY,yes
10974,Sloatsburg,NY,yes
10975,Southfields,NY,yes
10976,Sparkill,NY,yes
10977,Spring Valley,NY,yes
10979,Sterling Forest,NY,yes
10980,Stony Point,NY,yes
10983,Tappan,NY,yes
10984,Thiells,NY,yes
10985,Thompson Ridge,NY,yes
10986,Tomkins Cove,NY,yes
10987,Tuxedo Park,NY,yes
10988,Unionville,NY,yes
10989,Valley Cottage,NY,yes
10990,Warwick,NY,yes
10992,Washingtonville,NY,yes
10993,West Haverstraw,NY,yes
10994,West Nyack,NY,yes
10996,West Point,NY,yes
10998,Westtown,NY,yes
11001,Floral Park,NY,yes
11003,Elmont,NY,yes
11004,Glen Oaks,NY,yes
11005,Floral Park,NY,yes
11010,Franklin Square,NY,yes
11020,Great Neck,NY,yes
11021,Great Neck,NY,yes
11023,Great Neck,NY,yes
11024,Great Neck,NY,yes
11030,Manhasset,NY,yes
11040,New Hyde Park,NY,yes
11042,New Hyde Park,NY,yes
11050,Port Washington,NY,yes
11096,Inwood,NY,yes
11101,Long Island City,NY,yes
11102,Astoria,NY,yes
11103,Astoria,NY,yes
11104,Sunnyside,NY,yes
11105,Astoria,NY,yes
11106,Astoria,NY,yes
11109,Long Island City,NY,yes
11201,Brooklyn,NY,yes
11203,Brooklyn,NY,yes
11204,Brooklyn,NY,yes
11205,Brooklyn,NY,yes
11206,Brooklyn,NY,yes
11207,Brooklyn,NY,yes
11208,Brooklyn,NY,yes
11209,Brooklyn,NY,yes
11210,Brooklyn,NY,yes
11211,Brooklyn,NY,yes
11212,Brooklyn,NY,yes
11213,Brooklyn,NY,yes
11214,Brooklyn,NY,yes
11215,Brooklyn,NY,yes
11216,Brooklyn,NY,yes
11217,Brooklyn,NY,yes
11218,Brooklyn,NY,yes
11219,Brooklyn,NY,yes
11220,Brooklyn,NY,yes
11221,Brooklyn,NY,yes
11222,Brooklyn,NY,yes
11223,Brooklyn,NY,yes
11224,Brooklyn,NY,yes
11225,Brooklyn,NY,yes
11226,Brooklyn,NY,yes
11228,Brooklyn,NY,yes
11229,Brooklyn,NY,yes
11230,Brooklyn,NY,yes
11231,Brooklyn,NY,yes
11232,Brooklyn,NY,yes
11233,Brooklyn,NY,yes
11234,Brooklyn,NY,yes
11235,Brooklyn,NY,yes
11236,Brooklyn,NY,yes
11237,Brooklyn,NY,yes
11238,Brooklyn,NY,yes
11239,Brooklyn,NY,yes
11351,Flushing,NY,yes
11354,Flushing,NY,yes
11355,Flushing,NY,yes
11356,College Point,NY,yes
11357,Whitestone,NY,yes
11358,Flushing,NY,yes
11359,Bayside,NY,yes
11360,Bayside,NY,yes
11361,Bayside,NY,yes
11362,Little Neck,NY,yes
11363,Little Neck,NY,yes
11364,Oakland Gardens,NY,yes
11365,Fresh Meadows,NY,yes
11366,Fresh Meadows,NY,yes
11367,Flushing,NY,yes
11368,Corona,NY,yes
11369,East Elmhurst,NY,yes
11370,East Elmhurst,NY,yes
11371,Flushing,NY,yes
11372,Jackson Heights,NY,yes
11373,Elmhurst,NY,yes
11374,Rego Park,NY,yes
11375,Forest Hills,NY,yes
11377,Woodside,NY,yes
11378,Maspeth,NY,yes
11379,Middle Village,NY,yes
11385,Ridgewood,NY,yes
11411,Cambria Heights,NY,yes
11412,Saint Albans,NY,yes
11413,Springfield Gardens,NY,yes
11414,Howard Beach,NY,yes
11415,Kew Gardens,NY,yes
11416,Ozone Park,NY,yes
11417,Ozone Park,NY,yes
11418,Richmond Hill,NY,yes
11419,South Richmond Hill,NY,yes
11420,South Ozone Park,NY,yes
11421,Woodhaven,NY,yes
11422,Rosedale,NY,yes
11423,Hollis,NY,yes
11424,Jamaica,NY,yes
11425,Jamaica,NY,yes
11426,Bellerose,NY,yes
11427,Queens Village,NY,yes
11428,Queens Village,NY,yes
11429,Queens Village,NY,yes
11430,Jamaica,NY,yes
11432,Jamaica,NY,yes
11433,Jamaica,NY,yes
11434,Jamaica,NY,yes
11435,Jamaica,NY,yes
11436,Jamaica,NY,yes
11451,Jamaica,NY,yes
11501,Mineola,NY,yes
11507,Albertson,NY,yes
11509,Atlantic Beach,NY,yes
11510,Baldwin,NY,yes
11514,Carle Place,NY,yes
11516,Cedarhurst,NY,yes
11518,East Rockaway,NY,yes
11520,Freeport,NY,yes
11530,Garden City,NY,yes
11542,Glen Cove,NY,yes
11545,Glen Head,NY,yes
11547,Glenwood Landing,NY,yes
11548,Greenvale,NY,yes
11549,Hempstead,NY,yes
11550,Hempstead,NY,yes
11552,West Hempstead,NY,yes
11553,Uniondale,NY,yes
11554,East Meadow,NY,yes
11556,Uniondale,NY,yes
11557,Hewlett,NY,yes
11558,Island Park,NY,yes
11559,Lawrence,NY,yes
11560,Locust Valley,NY,yes
11561,Long Beach,NY,yes
11563,Lynbrook,NY,yes
11565,Malverne,NY,yes
11566,Merrick,NY,yes
11568,Old Westbury,NY,yes
11569,Point Lookout,NY,yes
11570,Rockville Centre,NY,yes
11572,Oceanside,NY,yes
11575,Roosevelt,NY,yes
11576,Roslyn,NY,yes
11577,Roslyn Heights,NY,yes
11579,Sea Cliff,NY,yes
11580,Valley Stream,NY,yes
11581,Valley Stream,NY,yes
11590,Westbury,NY,yes
11596,Williston Park,NY,yes
11598,Woodmere,NY,yes
11691,Far Rockaway,NY,yes
11692,Arverne,NY,yes
11693,Far Rockaway,NY,yes
11694,Rockaway Park,NY,yes
11697,Breezy Point,NY,yes
11701,Amityville,NY,yes
11702,Babylon,NY,yes
11703,North Babylon,NY,yes
11704,West Babylon,NY,yes
11705,Bayport,NY,yes
11706,Bay Shore,NY,yes
11709,Bayville,NY,yes
11710,Bellmore,NY,yes
11713,Bellport,NY,yes
11714,Bethpage,NY,yes
11715,Blue Point,NY,yes
11716,Bohemia,NY,yes
11717,Brentwood,NY,yes
11718,Brightwaters,NY,yes
11719,Brookhaven,NY,yes
11720,Centereach,NY,yes
11721,Centerport,NY,yes
11722,Central Islip,NY,yes
11724,Cold Spring Harbor,NY,yes
11725,Commack,NY,yes
11726,Copiague,NY,yes
11727,Coram,NY,yes
11729,Deer Park,NY,yes
11730,East Islip,NY,yes
11731,East Northport,NY,yes
11732,East Norwich,NY,yes
11733,East Setauket,NY,yes
11735,Farmingdale,NY,yes
11738,Farmingville,NY,yes
11739,Great River,NY,yes
11740,Greenlawn,NY,yes
11741,Holbrook,NY,yes
11742,Holtsville,NY,yes
11743,Huntington,NY,yes
11746,Huntington Station,NY,yes
11747,Melville,NY,yes
11749,Islandia,NY,yes
11751,Islip,NY,yes
11752,Islip Terrace,NY,yes
11753,Jericho,NY,yes
11754,Kings Park,NY,yes
11755,Lake Grove,NY,yes
11756,Levittown,NY,yes
11757,Lindenhurst,NY,yes
11758,Massapequa,NY,yes
11762,Massapequa Park,NY,yes
11763,Medford,NY,yes
11764,Miller Place,NY,yes
11765,Mill Neck,NY,yes
11766,Mount Sinai,NY,yes
11767,Nesconset,NY,yes
11768,Northport,NY,yes
11769,Oakdale,NY,yes
11770,Ocean Beach,NY,yes
11771,Oyster Bay,NY,yes
11772,Patchogue,NY,yes
11776,Port Jefferson Station,NY,yes
11777,Port Jefferson,NY,yes
11778,Rocky Point,NY,yes
11779,Ronkonkoma,NY,yes
11780,Saint James,NY,yes
11782,Sayville,NY,yes
11783,Seaford,NY,yes
11784,Selden,NY,yes
11786,Shoreham,NY,yes
11787,Smithtown,NY,yes
11788,Hauppauge,NY,yes
11789,Sound Beach,NY,yes
11790,Stony Brook,NY,yes
11791,Syosset,NY,yes
11792,Wading River,NY,yes
11793,Wantagh,NY,yes
11794,Stony Brook,NY,yes
11795,West Islip,NY,yes
11796,West Sayville,NY,yes
11797,Woodbury,NY,yes
11798,Wyandanch,NY,yes
11801,Hicksville,NY,yes
11803,Plainview,NY,yes
11804,Old Bethpage,NY,yes
11901,Riverhead,NY,yes
11930,Amagansett,NY,yes
11931,Aquebogue,NY,yes
11932,Bridgehampton,NY,yes
11933,Calverton,NY,yes
11934,Center Moriches,NY,yes
11935,Cutchogue,NY,yes
11937,East Hampton,NY,yes
11939,East Marion,NY,yes
11940,East Moriches,NY,yes
11941,Eastport,NY,yes
11942,East Quogue,NY,yes
11944,Greenport,NY,yes
11946,Hampton Bays,NY,yes
11947,Jamesport,NY,yes
11948,Laurel,NY,yes
11949,Manorville,NY,yes
11950,Mastic,NY,yes
11951,Mastic Beach,NY,yes
11952,Mattituck,NY,yes
11953,Middle Island,NY,yes
11954,Montauk,NY,yes
11955,Moriches,NY,yes
11956,New Suffolk,NY,yes
11957,Orient,NY,yes
11958,Peconic,NY,yes
11959,Quogue,NY,yes
11960,Remsenburg,NY,yes
11961,Ridge,NY,yes
11962,Sagaponack,NY,yes
11963,Sag Harbor,NY,yes
11964,Shelter Island,NY,yes
11965,Shelter Island Heights,NY,yes
11967,Shirley,NY,yes
11968,Southampton,NY,yes
11970,South Jamesport,NY,yes
11971,Southold,NY,yes
11972,Speonk,NY,yes
11973,Upton,NY,yes
11975,Wainscott,NY,yes
11976,Water Mill,NY,yes
11977,Westhampton,NY,yes
11978,Westhampton Beach,NY,yes
11980,Yaphank,NY,yes
12007,Alcove,NY,yes
12008,Alplaus,NY,yes
12009,Altamont,NY,yes
12010,Amsterdam,NY,yes
12015,Athens,NY,yes
12017,Austerlitz,NY,yes
12018,Averill Park,NY,yes
12019,Ballston Lake,NY,yes
12020,Ballston Spa,NY,yes
12022,Berlin,NY,yes
12023,Berne,NY,yes
12024,Brainard,NY,yes
12025,Broadalbin,NY,yes
12027,Burnt Hills,NY,yes
12028,Buskirk,NY,yes
12029,Canaan,NY,yes
12031,Carlisle,NY,yes
12032,Caroga Lake,NY,yes
12033,Castleton On Hudson,NY,yes
12035,Central Bridge,NY,yes
12036,Charlotteville,NY,yes
12037,Chatham,NY,yes
12040,Cherry Plain,NY,yes
12041,Clarksville,NY,yes
12042,Climax,NY,yes
12043,Cobleskill,NY,yes
12045,Coeymans,NY,yes
12046,Coeymans Hollow,NY,yes
12047,Cohoes,NY,yes
12051,Coxsackie,NY,yes
12052,Cropseyville,NY,yes
12053,Delanson,NY,yes
12054,Delmar,NY,yes
12056,Duanesburg,NY,yes
12057,Eagle Bridge,NY,yes
12058,Earlton,NY,yes
12059,East Berne,NY,yes
12060,East Chatham,NY,yes
12061,East Greenbush,NY,yes
12062,East Nassau,NY,yes
12063,East Schodack,NY,yes
12064,East Worcester,NY,yes
12065,Clifton Park,NY,yes
12066,Esperance,NY,yes
12067,Feura Bush,NY,yes
12068,Fonda,NY,yes
12069,Fort Hunter,NY,yes
12070,Fort Johnson,NY,yes
12071,Fultonham,NY,yes
12072,Fultonville,NY,yes
12074,Galway,NY,yes
12075,Ghent,NY,yes
12076,Gilboa,NY,yes
12077,Glenmont,NY,yes
12078,Gloversville,NY,yes
12083,Greenville,NY,yes
12084,Guilderland,NY,yes
12085,Guilderland Center,NY,yes
12086,Hagaman,NY,yes
12087,Hannacroix,NY,yes
12089,Hoosick,NY,yes
12090,Hoosick Falls,NY,yes
12092,Howes Cave,NY,yes
12093,Jefferson,NY,yes
12094,Johnsonville,NY,yes
12095,Johnstown,NY,yes
12106,Kinderhook,NY,yes
12110,Latham,NY,yes
12115,Malden Bridge,NY,yes
12117,Mayfield,NY,yes
12118,Mechanicville,NY,yes
12120,Medusa,NY,yes
12121,Melrose,NY,yes
12122,Middleburgh,NY,yes
12123,Nassau,NY,yes
12124,New Baltimore,NY,yes
12125,New Lebanon,NY,yes
12130,Niverville,NY,yes
12131,North Blenheim,NY,yes
12132,North Chatham,NY,yes
12134,Northville,NY,yes
12136,Old Chatham,NY,yes
12137,Pattersonville,NY,yes
12138,Petersburg,NY,yes
12140,Poestenkill,NY,yes
12143,Ravena,NY,yes
12144,Rensselaer,NY,yes
12147,Rensselaerville,NY,yes
12148,Rexford,NY,yes
12149,Richmondville,NY,yes
12150,Rotterdam Junction,NY,yes
12151,Round Lake,NY,yes
12153,Sand Lake,NY,yes
12154,Schaghticoke,NY,yes
12156,Schodack Landing,NY,yes
12157,Schoharie,NY,yes
12158,Selkirk,NY,yes
12159,Slingerlands,NY,yes
12160,Sloansville,NY,yes
12161,South Bethlehem,NY,yes
12165,Spencertown,NY,yes
12166,Sprakers,NY,yes
12167,Stamford,NY,yes
12168,Stephentown,NY,yes
12169,Stephentown,NY,yes
12170,Stillwater,NY,yes
12172,Stottville,NY,yes
12173,Stuyvesant,NY,yes
12174,Stuyvesant Falls,NY,yes
12175,Summit,NY,yes
12176,Surprise,NY,yes
12177,Tribes Hill,NY,yes
12180,Troy,NY,yes
12182,Troy,NY,yes
12183,Troy,NY,yes
12184,Valatie,NY,yes
12185,Valley Falls,NY,yes
12186,Voorheesville,NY,yes
12187,Warnerville,NY,yes
12188,Waterford,NY,yes
12189,Watervliet,NY,yes
12192,West Coxsackie,NY,yes
12193,Westerlo,NY,yes
12194,West Fulton,NY,yes
12195,West Lebanon,NY,yes
12196,West Sand Lake,NY,yes
12198,Wynantskill,NY,yes
12202,Albany,NY,yes
12203,Albany,NY,yes
12204,Albany,NY,yes
12205,Albany,NY,yes
12206,Albany,NY,yes
12207,Albany,NY,yes
12208,Albany,NY,yes
12209,Albany,NY,yes
12210,Albany,NY,yes
12211,Albany,NY,yes
12222,Albany,NY,yes
12302,Schenectady,NY,yes
12303,Schenectady,NY,yes
12304,Schenectady,NY,yes
12305,Schenectady,NY,yes
12306,Schenectady,NY,yes
12307,Schenectady,NY,yes
12308,Schenectady,NY,yes
12309,Schenectady,NY,yes
12401,Kingston,NY,yes
12404,Accord,NY,yes
12405,Acra,NY,yes
12407,Ashland,NY,yes
12409,Bearsville,NY,yes
12410,Big Indian,NY,yes
12411,Bloomington,NY,yes
12412,Boiceville,NY,yes
12413,Cairo,NY,yes
12414,Catskill,NY,yes
12416,Chichester,NY,yes
12417,Connelly,NY,yes
12418,Cornwallville,NY,yes
12419,Cottekill,NY,yes
12420,Cragsmoor,NY,yes
12421,Denver,NY,yes
12422,Durham,NY,yes
12423,East Durham,NY,yes
12424,East Jewett,NY,yes
12427,Elka Park,NY,yes
12428,Ellenville,NY,yes
12429,Esopus,NY,yes
12431,Freehold,NY,yes
12432,Glasco,NY,yes
12433,Glenford,NY,yes
12434,Grand Gorge,NY,yes
12435,Greenfield Park,NY,yes
12436,Haines Falls,NY,yes
12439,Hensonville,NY,yes
12440,High Falls,NY,yes
12441,Highmount,NY,yes
12442,Hunter,NY,yes
12443,Hurley,NY,yes
12444,Jewett,NY,yes
12446,Kerhonkson,NY,yes
12448,Lake Hill,NY,yes
12449,Lake Katrine,NY,yes
12450,Lanesville,NY,yes
12451,Leeds,NY,yes
12452,Lexington,NY,yes
12453,Malden On Hudson,NY,yes
12454,Maplecrest,NY,yes
12456,Mount Marion,NY,yes
12457,Mount Tremper,NY,yes
12458,Napanoch,NY,yes
12460,Oak Hill,NY,yes
12461,Olivebridge,NY,yes
12463,Palenville,NY,yes
12464,Phoenicia,NY,yes
12465,Pine Hill,NY,yes
12466,Port Ewen,NY,yes
12468,Prattsville,NY,yes
12469,Preston Hollow,NY,yes
12470,Purling,NY,yes
12471,Rifton,NY,yes
12472,Rosendale,NY,yes
12473,Round Top,NY,yes
12475,Ruby,NY,yes
12477,Saugerties,NY,yes
12480,Shandaken,NY,yes
12481,Shokan,NY,yes
12482,South Cairo,NY,yes
12483,Spring Glen,NY,yes
12484,Stone Ridge,NY,yes
12485,Tannersville,NY,yes
12486,Tillson,NY,yes
12487,Ulster Park,NY,yes
12489,Wawarsing,NY,yes
12490,West Camp,NY,yes
12491,West Hurley,NY,yes
12492,West Kill,NY,yes
12493,West Park,NY,yes
12494,West Shokan,NY,yes
12495,Willow,NY,yes
12496,Windham,NY,yes
12498,Woodstock,NY,yes
12501,Amenia,NY,yes
12502,Ancram,NY,yes
12503,Ancramdale,NY,yes
12504,Annandale On Hudson,NY,yes
12507,Barrytown,NY,yes
12508,Beacon,NY,yes
12512,Chelsea,NY,yes
12513,Claverack,NY,yes
12514,Clinton Corners,NY,yes
12515,Clintondale,NY,yes
12516,Copake,NY,yes
12517,Copake Falls,NY,yes
12518,Cornwall,NY,yes
12520,Cornwall On Hudson,NY,yes
12521,Craryville,NY,yes
12522,Dover Plains,NY,yes
12523,Elizaville,NY,yes
12524,Fishkill,NY,yes
12525,Gardiner,NY,yes
12526,Germantown,NY,yes
12527,Glenham,NY,yes
12528,Highland,NY,yes
12529,Hillsdale,NY,yes
12530,Hollowville,NY,yes
12531,Holmes,NY,yes
12533,Hopewell Junction,NY,yes
12534,Hudson,NY,yes
12538,Hyde Park,NY,yes
12540,Lagrangeville,NY,yes
12542,Marlboro,NY,yes
12543,Maybrook,NY,yes
12545,Millbrook,NY,yes
12546,Millerton,NY,yes
12547,Milton,NY,yes
12548,Modena,NY,yes
12549,Montgomery,NY,yes
12550,Newburgh,NY,yes
12553,New Windsor,NY,yes
12561,New Paltz,NY,yes
12563,Patterson,NY,yes
12564,Pawling,NY,yes
12565,Philmont,NY,yes
12566,Pine Bush,NY,yes
12567,Pine Plains,NY,yes
12569,Pleasant Valley,NY,yes
12570,Poughquag,NY,yes
12571,Red Hook,NY,yes
12572,Rhinebeck,NY,yes
12574,Rhinecliff,NY,yes
12575,Rock Tavern,NY,yes
12577,Salisbury Mills,NY,yes
12578,Salt Point,NY,yes
12580,Staatsburg,NY,yes
12581,Stanfordville,NY,yes
12582,Stormville,NY,yes
12583,Tivoli,NY,yes
12585,Verbank,NY,yes
12586,Walden,NY,yes
12589,Wallkill,NY,yes
12590,Wappingers Falls,NY,yes
12592,Wassaic,NY,yes
12594,Wingdale,NY,yes
12601,Poughkeepsie,NY,yes
12603,Poughkeepsie,NY,yes
12604,Poughkeepsie,NY,yes
12701,Monticello,NY,yes
12719,Barryville,NY,yes
12720,Bethel,NY,yes
12721,Bloomingburg,NY,yes
12722,Burlingham,NY,yes
12725,Claryville,NY,yes
12729,Cuddebackville,NY,yes
12732,Eldred,NY,yes
12733,Fallsburg,NY,yes
12734,Ferndale,NY,yes
12737,Glen Spey,NY,yes
12738,Glen Wild,NY,yes
12740,Grahamsville,NY,yes
12742,Harris,NY,yes
12743,Highland Lake,NY,yes
12746,Huguenot,NY,yes
12747,Hurleyville,NY,yes
12749,Kauneonga Lake,NY,yes
12751,Kiamesha Lake,NY,yes
12754,Liberty,NY,yes
12759,Loch Sheldrake,NY,yes
12762,Mongaup Valley,NY,yes
12763,Mountain Dale,NY,yes
12765,Neversink,NY,yes
12769,Phillipsport,NY,yes
12770,Pond Eddy,NY,yes
12771,Port Jervis,NY,yes
12775,Rock Hill,NY,yes
12777,Forestburgh,NY,yes
12778,Smallwood,NY,yes
12779,South Fallsburg,NY,yes
12780,Sparrow Bush,NY,yes
12781,Summitville,NY,yes
12783,Swan Lake,NY,yes
12784,Thompsonville,NY,yes
12785,Westbrookville,NY,yes
12786,White Lake,NY,yes
12788,Woodbourne,NY,yes
12789,Woodridge,NY,yes
12790,Wurtsboro,NY,yes
12792,Yulan,NY,yes
12801,Glens Falls,NY,yes
12803,South Glens Falls,NY,yes
12804,Queensbury,NY,yes
12809,Argyle,NY,yes
12816,Cambridge,NY,yes
12822,Corinth,NY,yes
12823,Cossayuna,NY,yes
12828,Fort Edward,NY,yes
12831,Gansevoort,NY,yes
12832,Granville,NY,yes
12833,Greenfield Center,NY,yes
12834,Greenwich,NY,yes
12835,Hadley,NY,yes
12838,Hartford,NY,yes
12839,Hudson Falls,NY,yes
12845,Lake George,NY,yes
12846,Lake Luzerne,NY,yes
12850,Middle Grove,NY,yes
12859,Porter Corners,NY,yes
12863,Rock City Falls,NY,yes
12865,Salem,NY,yes
12866,Saratoga Springs,NY,yes
12871,Schuylerville,NY,yes
12873,Shushan,NY,yes
12884,Victory Mills,NY,yes
13033,Cato,NY,yes
13064,Fair Haven,NY,yes
13111,Martville,NY,yes
13113,Meridian,NY,yes
13156,Sterling,NY,yes
13317,Canajoharie,NY,yes
13319,Chadwicks,NY,yes
13320,Cherry Valley,NY,yes
13329,Dolgeville,NY,yes
13333,East Springfield,NY,yes
13339,Fort Plain,NY,yes
13361,Jordanville,NY,yes
13365,Little Falls,NY,yes
13407,Mohawk,NY,yes
13410,Nelliston,NY,yes
13413,New Hartford,NY,yes
13417,New York Mills,NY,yes
13428,Palatine Bridge,NY,yes
13450,Roseboom,NY,yes
13452,Saint Johnsville,NY,yes
13456,Sauquoit,NY,yes
13459,Sharon Springs,NY,yes
13468,Springfield Center,NY,yes
13475,Van Hornesville,NY,yes
13488,Westford,NY,yes
13495,Yorkville,NY,yes
13501,Utica,NY,yes
13502,Utica,NY,yes
14005,Alexander,NY,yes
14011,Attica,NY,yes
14013,Basom,NY,yes
14020,Batavia,NY,yes
14036,Corfu,NY,yes
14039,Dale,NY,yes
14054,East Bethany,NY,yes
14058,Elba,NY,yes
14098,Lyndonville,NY,yes
14103,Medina,NY,yes
14105,Middleport,NY,yes
14125,Oakfield,NY,yes
14143,Stafford,NY,yes
14411,Albion,NY,yes
14414,Avon,NY,yes
14416,Bergen,NY,yes
14420,Brockport,NY,yes
14422,Byron,NY,yes
14423,Caledonia,NY,yes
14424,Canandaigua,NY,yes
14425,Farmington,NY,yes
14428,Churchville,NY,yes
14432,Clifton Springs,NY,yes
14435,Conesus,NY,yes
14445,East Rochester,NY,yes
14450,Fairport,NY,yes
14454,Geneseo,NY,yes
14462,Groveland,NY,yes
14464,Hamlin,NY,yes
14466,Hemlock,NY,yes
14467,Henrietta,NY,yes
14468,Hilton,NY,yes
14469,Bloomfield,NY,yes
14470,Holley,NY,yes
14471,Honeoye,NY,yes
14472,Honeoye Falls,NY,yes
14475,Ionia,NY,yes
14476,Kendall,NY,yes
14477,Kent,NY,yes
14479,Knowlesville,NY,yes
14480,Lakeville,NY,yes
14481,Leicester,NY,yes
14482,Le Roy,NY,yes
14485,Lima,NY,yes
14486,Linwood,NY,yes
14487,Livonia,NY,yes
14502,Macedon,NY,yes
14504,Manchester,NY,yes
14505,Marion,NY,yes
14506,Mendon,NY,yes
14507,Middlesex,NY,yes
14510,Mount Morris,NY,yes
14511,Mumford,NY,yes
14512,Naples,NY,yes
14513,Newark,NY,yes
14514,North Chili,NY,yes
14519,Ontario,NY,yes
14522,Palmyra,NY,yes
14525,Pavilion,NY,yes
14526,Penfield,NY,yes
14533,Piffard,NY,yes
14534,Pittsford,NY,yes
14537,Port Gibson,NY,yes
14539,Retsof,NY,yes
14543,Rush,NY,yes
14544,Rushville,NY,yes
14546,Scottsville,NY,yes
14548,Shortsville,NY,yes
14559,Spencerport,NY,yes
14564,Victor,NY,yes
14568,Walworth,NY,yes
14571,Waterport,NY,yes
14580,Webster,NY,yes
14585,West Bloomfield,NY,yes
14586,West Henrietta,NY,yes
14589,Williamson,NY,yes
14591,Wyoming,NY,yes
14592,York,NY,yes
14604,Rochester,NY,yes
14605,Rochester,NY,yes
14606,Rochester,NY,yes
14607,Rochester,NY,yes
14608,Rochester,NY,yes
14609,Rochester,NY,yes
14610,Rochester,NY,yes
14611,Rochester,NY,yes
14612,Rochester,NY,yes
14613,Rochester,NY,yes
14614,Rochester,NY,yes
14615,Rochester,NY,yes
14616,Rochester,NY,yes
14617,Rochester,NY,yes
14618,Rochester,NY,yes
14619,Rochester,NY,yes
14620,Rochester,NY,yes
14621,Rochester,NY,yes
14622,Rochester,NY,yes
14623,Rochester,NY,yes
14624,Rochester,NY,yes
14625,Rochester,NY,yes
14626,Rochester,NY,yes
14627,Rochester,NY,yes
15001,Aliquippa,PA,yes
15003,Ambridge,PA,yes
15004,Atlasburg,PA,yes
15005,Baden,PA,yes
15006,Bairdford,PA,yes
15007,Bakerstown,PA,yes
15009,Beaver,PA,yes
15010,Beaver Falls,PA,yes
15012,Belle Vernon,PA,yes
15014,Brackenridge,PA,yes
15015,Bradfordwoods,PA,yes
15017,Bridgeville,PA,yes
15018,Buena Vista,PA,yes
15019,Bulger,PA,yes
15020,Bunola,PA,yes
15021,Burgettstown,PA,yes
15022,Charleroi,PA,yes
15024,Cheswick,PA,yes
15025,Clairton,PA,yes
15026,Clinton,PA,yes
15027,Conway,PA,yes
15028,Coulters,PA,yes
15030,Creighton,PA,yes
15031,Cuddy,PA,yes
15033,Donora,PA,yes
15034,Dravosburg,PA,yes
15035,East Mc Keesport,PA,yes
15037,Elizabeth,PA,yes
15038,Elrama,PA,yes
15042,Freedom,PA,yes
15043,Georgetown,PA,yes
15044,Gibsonia,PA,yes
15045,Glassport,PA,yes
15046,Crescent,PA,yes
15047,Greenock,PA,yes
15049,Harwick,PA,yes
15050,Hookstown,PA,yes
15051,Indianola,PA,yes
15052,Industry,PA,yes
15053,Joffre,PA,yes
15054,Langeloth,PA,yes
15055,Lawrence,PA,yes
15056,Leetsdale,PA,yes
15057,Mc Donald,PA,yes
15059,Midland,PA,yes
15060,Midway,PA,yes
15061,Monaca,PA,yes
15062,Monessen,PA,yes
15063,Monongahela,PA,yes
15064,Morgan,PA,yes
15065,Natrona Heights,PA,yes
15066,New Brighton,PA,yes
15067,New Eagle,PA,yes
15068,New Kensington,PA,yes
15071,Oakdale,PA,yes
15072,Pricedale,PA,yes
15074,Rochester,PA,yes
15075,Rural Ridge,PA,yes
15076,Russellton,PA,yes
15077,Shippingport,PA,yes
15078,Slovan,PA,yes
15081,South Heights,PA,yes
15082,Sturgeon,PA,yes
15083,Sutersville,PA,yes
15084,Tarentum,PA,yes
15085,Trafford,PA,yes
15086,Warrendale,PA,yes
15087,Webster,PA,yes
15088,West Elizabeth,PA,yes
15089,West Newton,PA,yes
15090,Wexford,PA,yes
15101,Allison Park,PA,yes
15102,Bethel Park,PA,yes
15104,Braddock,PA,yes
15106,Carnegie,PA,yes
15108,Coraopolis,PA,yes
15110,Duquesne,PA,yes
15112,East Pittsburgh,PA,yes
15116,Glenshaw,PA,yes
15120,Homestead,PA,yes
15122,West Mifflin,PA,yes
15126,Imperial,PA,yes
15129,South Park,PA,yes
15131,Mckeesport,PA,yes
15132,Mckeesport,PA,yes
15133,Mckeesport,PA,yes
15135,Mckeesport,PA,yes
15136,Mc Kees Rocks,PA,yes
15137,North Versailles,PA,yes
15139,Oakmont,PA,yes
15140,Pitcairn,PA,yes
15142,Presto,PA,yes
15143,Sewickley,PA,yes
15144,Springdale,PA,yes
15145,Turtle Creek,PA,yes
15146,Monroeville,PA,yes
15147,Verona,PA,yes
15148,Wilmerding,PA,yes
15201,Pittsburgh,PA,yes
15202,Pittsburgh,PA,yes
15203,Pittsburgh,PA,yes
15204,Pittsburgh,PA,yes
15205,Pittsburgh,PA,yes
15206,Pittsburgh,PA,yes
15207,Pittsburgh,PA,yes
15208,Pittsburgh,PA,yes
15209,Pittsburgh,PA,yes
15210,Pittsburgh,PA,yes
15211,Pittsburgh,PA,yes
15212,Pittsburgh,PA,yes
15213,Pittsburgh,PA,yes
15214,Pittsburgh,PA,yes
15215,Pittsburgh,PA,yes
15216,Pittsburgh,PA,yes
15217,Pittsburgh,PA,yes
15218,Pittsburgh,PA,yes
15219,Pittsburgh,PA,yes
15220,Pittsburgh,PA,yes
15221,Pittsburgh,PA,yes
15222,Pittsburgh,PA,yes
15223,Pittsburgh,PA,yes
15224,Pittsburgh,PA,yes
15225,Pittsburgh,PA,yes
15226,Pittsburgh,PA,yes
15227,Pittsburgh,PA,yes
15228,Pittsburgh,PA,yes
15229,Pittsburgh,PA,yes
15232,Pittsburgh,PA,yes
15233,Pittsburgh,PA,yes
15234,Pittsburgh,PA,yes
15235,Pittsburgh,PA,yes
15236,Pittsburgh,PA,yes
15237,Pittsburgh,PA,yes
15238,Pittsburgh,PA,yes
15239,Pittsburgh,PA,yes
15241,Pittsburgh,PA,yes
15243,Pittsburgh,PA,yes
15260,Pittsburgh,PA,yes
15290,Pittsburgh,PA,yes
15301,Washington,PA,yes
15311,Amity,PA,yes
15312,Avella,PA,yes
15313,Beallsville,PA,yes
15314,Bentleyville,PA,yes
15315,Bobtown,PA,yes
15317,Canonsburg,PA,yes
15320,Carmichaels,PA,yes
15321,Cecil,PA,yes
15322,Clarksville,PA,yes
15323,Claysville,PA,yes
15324,Cokeburg,PA,yes
15325,Crucible,PA,yes
15327,Dilliner,PA,yes
15329,Prosperity,PA,yes
15330,Eighty Four,PA,yes
15331,Ellsworth,PA,yes
15332,Finleyville,PA,yes
15333,Fredericktown,PA,yes
15334,Garards Fort,PA,yes
15338,Greensboro,PA,yes
15340,Hickory,PA,yes
15342,Houston,PA,yes
15344,Jefferson,PA,yes
15345,Marianna,PA,yes
15346,Mather,PA,yes
15347,Meadow Lands,PA,yes
15348,Millsboro,PA,yes
15349,Mount Morris,PA,yes
15350,Muse,PA,yes
15351,Nemacolin,PA,yes
15353,Nineveh,PA,yes
15357,Rices Landing,PA,yes
15358,Richeyville,PA,yes
15360,Scenery Hill,PA,yes
15361,Southview,PA,yes
15363,Strabane,PA,yes
15364,Sycamore,PA,yes
15366,Van Voorhis,PA,yes
15367,Venetia,PA,yes
15368,Vestaburg,PA,yes
15370,Waynesburg,PA,yes
15376,West Alexander,PA,yes
15378,Westland,PA,yes
15379,West Middletown,PA,yes
15401,Uniontown,PA,yes
15410,Adah,PA,yes
15412,Allenport,PA,yes
15413,Allison,PA,yes
15417,Brownsville,PA,yes
15419,California,PA,yes
15420,Cardale,PA,yes
15421,Chalk Hill,PA,yes
15422,Chestnut Ridge,PA,yes
15423,Coal Center,PA,yes
15425,Connellsville,PA,yes
15427,Daisytown,PA,yes
15428,Dawson,PA,yes
15429,Denbo,PA,yes
15430,Dickerson Run,PA,yes
15431,Dunbar,PA,yes
15432,Dunlevy,PA,yes
15433,East Millsboro,PA,yes
15434,Elco,PA,yes
15435,Fairbank,PA,yes
15436,Fairchance,PA,yes
15437,Farmington,PA,yes
15438,Fayette City,PA,yes
15440,Gibbon Glade,PA,yes
15442,Grindstone,PA,yes
15443,Hibbs,PA,yes
15444,Hiller,PA,yes
15445,Hopwood,PA,yes
15446,Indian Head,PA,yes
15447,Isabella,PA,yes
15448,Jacobs Creek,PA,yes
15449,Keisterville,PA,yes
15450,La Belle,PA,yes
15451,Lake Lynn,PA,yes
15454,Leckrone,PA,yes
15455,Leisenring,PA,yes
15456,Lemont Furnace,PA,yes
15458,Mc Clellandtown,PA,yes
15460,Martin,PA,yes
15461,Masontown,PA,yes
15462,Melcroft,PA,yes
15463,Merrittstown,PA,yes
15464,Mill Run,PA,yes
15466,Newell,PA,yes
15467,New Geneva,PA,yes
15468,New Salem,PA,yes
15469,Normalville,PA,yes
15470,Ohiopyle,PA,yes
15472,Oliver,PA,yes
15473,Perryopolis,PA,yes
15475,Republic,PA,yes
15476,Ronco,PA,yes
15477,Roscoe,PA,yes
15478,Smithfield,PA,yes
15479,Smithton,PA,yes
15480,Smock,PA,yes
15482,Star Junction,PA,yes
15483,Stockdale,PA,yes
15484,Uledi,PA,yes
15486,Vanderbilt,PA,yes
15489,West Leisenring,PA,yes
15490,White,PA,yes
15492,Wickhaven,PA,yes
15601,Greensburg,PA,yes
15610,Acme,PA,yes
15611,Adamsburg,PA,yes
15612,Alverton,PA,yes
15613,Apollo,PA,yes
15615,Ardara,PA,yes
15616,Armbrust,PA,yes
15617,Arona,PA,yes
15618,Avonmore,PA,yes
15620,Bradenville,PA,yes
15621,Calumet,PA,yes
15622,Champion,PA,yes
15623,Claridge,PA,yes
15624,Crabtree,PA,yes
15625,Darragh,PA,yes
15626,Delmont,PA,yes
15627,Derry,PA,yes
15628,Donegal,PA,yes
15629,East Vandergrift,PA,yes
15631,Everson,PA,yes
15632,Export,PA,yes
15633,Forbes Road,PA,yes
15634,Grapeville,PA,yes
15635,Hannastown,PA,yes
15636,Harrison City,PA,yes
15637,Herminie,PA,yes
15638,Hostetter,PA,yes
15639,Hunker,PA,yes
15640,Hutchinson,PA,yes
15641,Hyde Park,PA,yes
15642,Irwin,PA,yes
15644,Jeannette,PA,yes
15646,Jones Mills,PA,yes
15647,Larimer,PA,yes
15650,Latrobe,PA,yes
15655,Laughlintown,PA,yes
15656,Leechburg,PA,yes
15658,Ligonier,PA,yes
15660,Lowber,PA,yes
15661,Loyalhanna,PA,yes
15662,Luxor,PA,yes
15663,Madison,PA,yes
15665,Manor,PA,yes
15666,Mount Pleasant,PA,yes
15668,Murrysville,PA,yes
15670,New Alexandria,PA,yes
15671,New Derry,PA,yes
15672,New Stanton,PA,yes
15673,North Apollo,PA,yes
15675,Penn,PA,yes
15676,Pleasant Unity,PA,yes
15677,Rector,PA,yes
15678,Rillton,PA,yes
15679,Ruffs Dale,PA,yes
15680,Salina,PA,yes
15681,Saltsburg,PA,yes
15683,Scottdale,PA,yes
15684,Slickville,PA,yes
15686,Spring Church,PA,yes
15687,Stahlstown,PA,yes
15688,Tarrs,PA,yes
15689,United,PA,yes
15690,Vandergrift,PA,yes
15691,Wendel,PA,yes
15692,Westmoreland City,PA,yes
15693,Whitney,PA,yes
15695,Wyano,PA,yes
15696,Youngstown,PA,yes
15697,Youngwood,PA,yes
15698,Yukon,PA,yes
15717,Blairsville,PA,yes
15725,Clarksburg,PA,yes
15736,Elderton,PA,yes
15779,Torrance,PA,yes
15923,Bolivar,PA,yes
16001,Butler,PA,yes
16002,Butler,PA,yes
16023,Cabot,PA,yes
16024,Callery,PA,yes
16025,Chicora,PA,yes
16027,Connoquenessing,PA,yes
16029,East Butler,PA,yes
16033,Evans City,PA,yes
16034,Fenelton,PA,yes
16037,Harmony,PA,yes
16045,Lyndora,PA,yes
16046,Mars,PA,yes
16051,Portersville,PA,yes
16052,Prospect,PA,yes
16053,Renfrew,PA,yes
16055,Sarver,PA,yes
16056,Saxonburg,PA,yes
16057,Slippery Rock,PA,yes
16059,Valencia,PA,yes
16061,West Sunbury,PA,yes
16063,Zelienople,PA,yes
16066,Cranberry Township,PA,yes
16115,Darlington,PA,yes
16117,Ellwood City,PA,yes
16120,Enon Valley,PA,yes
16123,Fombell,PA,yes
16136,Koppel,PA,yes
16141,New Galilee,PA,yes
16157,Wampum,PA,yes
16201,Kittanning,PA,yes
16212,Cadogan,PA,yes
16218,Cowansville,PA,yes
16226,Ford City,PA,yes
16228,Ford Cliff,PA,yes
16229,Freeport,PA,yes
16236,Mc Grann,PA,yes
16238,Manorville,PA,yes
16262,Worthington,PA,yes
17003,Annville,PA,yes
17007,Boiling Springs,PA,yes
17010,Campbelltown,PA,yes
17011,Camp Hill,PA,yes
17013,Carlisle,PA,yes
17015,Carlisle,PA,yes
17016,Cornwall,PA,yes
17018,Dauphin,PA,yes
17019,Dillsburg,PA,yes
17020,Duncannon,PA,yes
17022,Elizabethtown,PA,yes
17025,Enola,PA,yes
17026,Fredericksburg,PA,yes
17027,Grantham,PA,yes
17028,Grantville,PA,yes
17032,Halifax,PA,yes
17033,Hershey,PA,yes
17034,Highspire,PA,yes
17036,Hummelstown,PA,yes
17038,Jonestown,PA,yes
17039,Kleinfeltersville,PA,yes
17041,Lawn,PA,yes
17042,Lebanon,PA,yes
17043,Lemoyne,PA,yes
17046,Lebanon,PA,yes
17050,Mechanicsburg,PA,yes
17053,Marysville,PA,yes
17055,Mechanicsburg,PA,yes
17057,Middletown,PA,yes
17064,Mount Gretna,PA,yes
17065,Mount Holly Springs,PA,yes
17067,Myerstown,PA,yes
17069,New Buffalo,PA,yes
17070,New Cumberland,PA,yes
17072,New Kingstown,PA,yes
17073,Newmanstown,PA,yes
17077,Ono,PA,yes
17078,Palmyra,PA,yes
17081,Plainfield,PA,yes
17083,Quentin,PA,yes
17087,Richland,PA,yes
17088,Schaefferstown,PA,yes
17090,Shermans Dale,PA,yes
17093,Summerdale,PA,yes
17098,Williamstown,PA,yes
17101,Harrisburg,PA,yes
17102,Harrisburg,PA,yes
17103,Harrisburg,PA,yes
17104,Harrisburg,PA,yes
17109,Harrisburg,PA,yes
17110,Harrisburg,PA,yes
17111,Harrisburg,PA,yes
17112,Harrisburg,PA,yes
17113,Harrisburg,PA,yes
17120,Harrisburg,PA,yes
17241,Newville,PA,yes
17257,Shippensburg,PA,yes
17266,Walnut Bottom,PA,yes
17301,Abbottstown,PA,yes
17302,Airville,PA,yes
17304,Aspers,PA,yes
17306,Bendersville,PA,yes
17307,Biglerville,PA,yes
17309,Brogue,PA,yes
17311,Codorus,PA,yes
17313,Dallastown,PA,yes
17314,Delta,PA,yes
17315,Dover,PA,yes
17316,East Berlin,PA,yes
17317,East Prospect,PA,yes
17318,Emigsville,PA,yes
17319,Etters,PA,yes
17320,Fairfield,PA,yes
17321,Fawn Grove,PA,yes
17322,Felton,PA,yes
17324,Gardners,PA,yes
17325,Gettysburg,PA,yes
17327,Glen Rock,PA,yes
17329,Glenville,PA,yes
17331,Hanover,PA,yes
17339,Lewisberry,PA,yes
17340,Littlestown,PA,yes
17343,Mc Knightstown,PA,yes
17344,Mc Sherrystown,PA,yes
17345,Manchester,PA,yes
17347,Mount Wolf,PA,yes
17349,New Freedom,PA,yes
17350,New Oxford,PA,yes
17352,New Park,PA,yes
17353,Orrtanna,PA,yes
17355,Railroad,PA,yes
17356,Red Lion,PA,yes
17360,Seven Valleys,PA,yes
17361,Shrewsbury,PA,yes
17362,Spring Grove,PA,yes
17363,Stewartstown,PA,yes
17364,Thomasville,PA,yes
17365,Wellsville,PA,yes
17366,Windsor,PA,yes
17368,Wrightsville,PA,yes
17371,York New Salem,PA,yes
17372,York Springs,PA,yes
17401,York,PA,yes
17402,York,PA,yes
17403,York,PA,yes
17404,York,PA,yes
17406,York,PA,yes
17407,York,PA,yes
17408,York,PA,yes
17501,Akron,PA,yes
17502,Bainbridge,PA,yes
17505,Bird In Hand,PA,yes
17507,Bowmansville,PA,yes
17508,Brownstown,PA,yes
17509,Christiana,PA,yes
17512,Columbia,PA,yes
17516,Conestoga,PA,yes
17517,Denver,PA,yes
17518,Drumore,PA,yes
17519,East Earl,PA,yes
17520,East Petersburg,PA,yes
17522,Ephrata,PA,yes
17527,Gap,PA,yes
17529,Gordonville,PA,yes
17532,Holtwood,PA,yes
17535,Kinzers,PA,yes
17536,Kirkwood,PA,yes
17538,Landisville,PA,yes
17540,Leola,PA,yes
17543,Lititz,PA,yes
17545,Manheim,PA,yes
17547,Marietta,PA,yes
17550,Maytown,PA,yes
17551,Millersville,PA,yes
17552,Mount Joy,PA,yes
17554,Mountville,PA,yes
17555,Narvon,PA,yes
17557,New Holland,PA,yes
17560,New Providence,PA,yes
17562,Paradise,PA,yes
17563,Peach Bottom,PA,yes
17565,Pequea,PA,yes
17566,Quarryville,PA,yes
17569,Reinholds,PA,yes
17570,Rheems,PA,yes
17572,Ronks,PA,yes
17576,Smoketown,PA,yes
17578,Stevens,PA,yes
17579,Strasburg,PA,yes
17581,Terre Hill,PA,yes
17582,Washington Boro,PA,yes
17584,Willow Street,PA,yes
17601,Lancaster,PA,yes
17602,Lancaster,PA,yes
17603,Lancaster,PA,yes
17606,Lancaster,PA,yes
18011,Alburtis,PA,yes
18013,Bangor,PA,yes
18014,Bath,PA,yes
18015,Bethlehem,PA,yes
18016,Bethlehem,PA,yes
18017,Bethlehem,PA,yes
18018,Bethlehem,PA,yes
18020,Bethlehem,PA,yes
18031,Breinigsville,PA,yes
18032,Catasauqua,PA,yes
18034,Center Valley,PA,yes
18035,Cherryville,PA,yes
18036,Coopersburg,PA,yes
18037,Coplay,PA,yes
18040,Easton,PA,yes
18041,East Greenville,PA,yes
18042,Easton,PA,yes
18045,Easton,PA,yes
18046,East Texas,PA,yes
18049,Emmaus,PA,yes
18051,Fogelsville,PA,yes
18052,Whitehall,PA,yes
18054,Green Lane,PA,yes
18055,Hellertown,PA,yes
18056,Hereford,PA,yes
18058,Kunkletown,PA,yes
18059,Laurys Station,PA,yes
18062,Macungie,PA,yes
18063,Martins Creek,PA,yes
18064,Nazareth,PA,yes
18067,Northampton,PA,yes
18068,Old Zionsville,PA,yes
18069,Orefield,PA,yes
18070,Palm,PA,yes
18072,Pen Argyl,PA,yes
18073,Pennsburg,PA,yes
18074,Perkiomenville,PA,yes
18076,Red Hill,PA,yes
18077,Riegelsville,PA,yes
18078,Schnecksville,PA,yes
18081,Springtown,PA,yes
18083,Stockertown,PA,yes
18085,Tatamy,PA,yes
18086,Treichlers,PA,yes
18087,Trexlertown,PA,yes
18088,Walnutport,PA,yes
18091,Wind Gap,PA,yes
18092,Zionsville,PA,yes
18101,Allentown,PA,yes
18102,Allentown,PA,yes
18103,Allentown,PA,yes
18104,Allentown,PA,yes
18105,Allentown,PA,yes
18106,Allentown,PA,yes
18109,Allentown,PA,yes
18195,Allentown,PA,yes
18210,Albrightsville,PA,yes
18229,Jim Thorpe,PA,yes
18301,East Stroudsburg,PA,yes
18302,East Stroudsburg,PA,yes
18321,Bartonsville,PA,yes
18322,Brodheadsville,PA,yes
18323,Buck Hill Falls,PA,yes
18324,Bushkill,PA,yes
18325,Canadensis,PA,yes
18326,Cresco,PA,yes
18327,Delaware Water Gap,PA,yes
18328,Dingmans Ferry,PA,yes
18330,Effort,PA,yes
18331,Gilbert,PA,yes
18332,Henryville,PA,yes
18333,Kresgeville,PA,yes
18334,Long Pond,PA,yes
18335,Marshalls Creek,PA,yes
18336,Matamoras,PA,yes
18337,Milford,PA,yes
18342,Mountainhome,PA,yes
18343,Mount Bethel,PA,yes
18344,Mount Pocono,PA,yes
18346,Pocono Summit,PA,yes
18347,Pocono Lake,PA,yes
18349,Pocono Manor,PA,yes
18350,Pocono Pines,PA,yes
18351,Portland,PA,yes
18352,Reeders,PA,yes
18353,Saylorsburg,PA,yes
18354,Sciota,PA,yes
18355,Scotrun,PA,yes
18356,Shawnee On Delaware,PA,yes
18357,Skytop,PA,yes
18360,Stroudsburg,PA,yes
18370,Swiftwater,PA,yes
18371,Tamiment,PA,yes
18372,Tannersville,PA,yes
18426,Greentown,PA,yes
18466,Tobyhanna,PA,yes
18610,Blakeslee,PA,yes
18624,Lake Harmony,PA,yes
18901,Doylestown,PA,yes
18902,Doylestown,PA,yes
18912,Buckingham,PA,yes
18913,Carversville,PA,yes
18914,Chalfont,PA,yes
18915,Colmar,PA,yes
18917,Dublin,PA,yes
18920,Erwinna,PA,yes
18923,Fountainville,PA,yes
18925,Furlong,PA,yes
18929,Jamison,PA,yes
18930,Kintnersville,PA,yes
18932,Line Lexington,PA,yes
18935,Milford Square,PA,yes
18936,Montgomeryville,PA,yes
18938,New Hope,PA,yes
18940,Newtown,PA,yes
18942,Ottsville,PA,yes
18944,Perkasie,PA,yes
18947,Pipersville,PA,yes
18950,Point Pleasant,PA,yes
18951,Quakertown,PA,yes
18954,Richboro,PA,yes
18955,Richlandtown,PA,yes
18960,Sellersville,PA,yes
18962,Silverdale,PA,yes
18964,Souderton,PA,yes
18966,Southampton,PA,yes
18969,Telford,PA,yes
18970,Trumbauersville,PA,yes
18972,Upper Black Eddy,PA,yes
18974,Warminster,PA,yes
18976,Warrington,PA,yes
18977,Washington Crossing,PA,yes
18980,Wycombe,PA,yes
19001,Abington,PA,yes
19002,Ambler,PA,yes
19003,Ardmore,PA,yes
19004,Bala Cynwyd,PA,yes
19006,Huntingdon Valley,PA,yes
19007,Bristol,PA,yes
19008,Broomall,PA,yes
19009,Bryn Athyn,PA,yes
19010,Bryn Mawr,PA,yes
19012,Cheltenham,PA,yes
19013,Chester,PA,yes
19014,Aston,PA,yes
19015,Brookhaven,PA,yes
19017,Chester Heights,PA,yes
19018,Clifton Heights,PA,yes
19020,Bensalem,PA,yes
19021,Croydon,PA,yes
19022,Crum Lynne,PA,yes
19023,Darby,PA,yes
19025,Dresher,PA,yes
19026,Drexel Hill,PA,yes
19027,Elkins Park,PA,yes
19029,Essington,PA,yes
19030,Fairless Hills,PA,yes
19031,Flourtown,PA,yes
19032,Folcroft,PA,yes
19033,Folsom,PA,yes
19034,Fort Washington,PA,yes
19035,Gladwyne,PA,yes
19036,Glenolden,PA,yes
19038,Glenside,PA,yes
19040,Hatboro,PA,yes
19041,Haverford,PA,yes
19043,Holmes,PA,yes
19044,Horsham,PA,yes
19046,Jenkintown,PA,yes
19047,Langhorne,PA,yes
19050,Lansdowne,PA,yes
19053,Feasterville Trevose,PA,yes
19054,Levittown,PA,yes
19055,Levittown,PA,yes
19056,Levittown,PA,yes
19057,Levittown,PA,yes
19060,Garnet Valley,PA,yes
19061,Marcus Hook,PA,yes
19063,Media,PA,yes
19064,Springfield,PA,yes
19066,Merion Station,PA,yes
19067,Morrisville,PA,yes
19070,Morton,PA,yes
19072,Narberth,PA,yes
19073,Newtown Square,PA,yes
19074,Norwood,PA,yes
19075,Oreland,PA,yes
19076,Prospect Park,PA,yes
19078,Ridley Park,PA,yes
19079,Sharon Hill,PA,yes
19081,Swarthmore,PA,yes
19082,Upper Darby,PA,yes
19083,Havertown,PA,yes
19085,Villanova,PA,yes
19086,Wallingford,PA,yes
19087,Wayne,PA,yes
19090,Willow Grove,PA,yes
19094,Woodlyn,PA,yes
19095,Wyncote,PA,yes
19096,Wynnewood,PA,yes
19301,Paoli,PA,yes
19310,Atglen,PA,yes
19311,Avondale,PA,yes
19312,Berwyn,PA,yes
19316,Brandamore,PA,yes
19317,Chadds Ford,PA,yes
19319,Cheyney,PA,yes
19320,Coatesville,PA,yes
19330,Cochranville,PA,yes
19333,Devon,PA,yes
19335,Downingtown,PA,yes
19341,Exton,PA,yes
19342,Glen Mills,PA,yes
19343,Glenmoore,PA,yes
19344,Honey Brook,PA,yes
19345,Immaculata,PA,yes
19348,Kennett Square,PA,yes
19350,Landenberg,PA,yes
19352,Lincoln University,PA,yes
19355,Malvern,PA,yes
19358,Modena,PA,yes
19362,Nottingham,PA,yes
19363,Oxford,PA,yes
19365,Parkesburg,PA,yes
19367,Pomeroy,PA,yes
19372,Thorndale,PA,yes
19373,Thornton,PA,yes
19374,Toughkenamon,PA,yes
19375,Unionville,PA,yes
19380,West Chester,PA,yes
19382,West Chester,PA,yes
19383,West Chester,PA,yes
19390,West Grove,PA,yes
19401,Norristown,PA,yes
19403,Norristown,PA,yes
19405,Bridgeport,PA,yes
19406,King Of Prussia,PA,yes
19422,Blue Bell,PA,yes
19425,Chester Springs,PA,yes
19426,Collegeville,PA,yes
19428,Conshohocken,PA,yes
19435,Frederick,PA,yes
19436,Gwynedd,PA,yes
19437,Gwynedd Valley,PA,yes
19438,Harleysville,PA,yes
19440,Hatfield,PA,yes
19442,Kimberton,PA,yes
19444,Lafayette Hill,PA,yes
19446,Lansdale,PA,yes
19453,Mont Clare,PA,yes
19454,North Wales,PA,yes
19456,Oaks,PA,yes
19457,Parker Ford,PA,yes
19460,Phoenixville,PA,yes
19462,Plymouth Meeting,PA,yes
19464,Pottstown,PA,yes
19465,Pottstown,PA,yes
19468,Royersford,PA,yes
19472,Sassamansville,PA,yes
19473,Schwenksville,PA,yes
19474,Skippack,PA,yes
19475,Spring City,PA,yes
19477,Spring House,PA,yes
19492,Zieglerville,PA,yes
19501,Adamstown,PA,yes
19503,Bally,PA,yes
19504,Barto,PA,yes
19505,Bechtelsville,PA,yes
19506,Bernville,PA,yes
19507,Bethel,PA,yes
19508,Birdsboro,PA,yes
19510,Blandon,PA,yes
19511,Bowers,PA,yes
19512,Boyertown,PA,yes
19518,Douglassville,PA,yes
19519,Earlville,PA,yes
19520,Elverson,PA,yes
19522,Fleetwood,PA,yes
19523,Geigertown,PA,yes
19525,Gilbertsville,PA,yes
19526,Hamburg,PA,yes
19530,Kutztown,PA,yes
19533,Leesport,PA,yes
19534,Lenhartsville,PA,yes
19535,Limekiln,PA,yes
19536,Lyon Station,PA,yes
19538,Maxatawny,PA,yes
19539,Mertztown,PA,yes
19540,Mohnton,PA,yes
19541,Mohrsville,PA,yes
19543,Morgantown,PA,yes
19544,Mount Aetna,PA,yes
19545,New Berlinville,PA,yes
19547,Oley,PA,yes
19550,Rehrersburg,PA,yes
19551,Robesonia,PA,yes
19554,Shartlesville,PA,yes
19555,Shoemakersville,PA,yes
19559,Strausstown,PA,yes
19560,Temple,PA,yes
19562,Topton,PA,yes
19564,Virginville,PA,yes
19565,Wernersville,PA,yes
19567,Womelsdorf,PA,yes
19601,Reading,PA,yes
19602,Reading,PA,yes
19604,Reading,PA,yes
19605,Reading,PA,yes
19606,Reading,PA,yes
19607,Reading,PA,yes
19608,Reading,PA,yes
19609,Reading,PA,yes
19610,Reading,PA,yes
19611,Reading,PA,yes
19701,Bear,DE,yes
19702,Newark,DE,yes
19703,Claymont,DE,yes
19706,Delaware City,DE,yes
19707,Hockessin,DE,yes
19709,Middletown,DE,yes
19710,Montchanin,DE,yes
19711,Newark,DE,yes
19713,Newark,DE,yes
19716,Newark,DE,yes
19717,Newark,DE,yes
19720,New Castle,DE,yes
19730,Odessa,DE,yes
19731,Port Penn,DE,yes
19732,Rockland,DE,yes
19733,Saint Georges,DE,yes
19734,Townsend,DE,yes
19735,Winterthur,DE,yes
19736,Yorklyn,DE,yes
19801,Wilmington,DE,yes
19802,Wilmington,DE,yes
19803,Wilmington,DE,yes
19804,Wilmington,DE,yes
19805,Wilmington,DE,yes
19806,Wilmington,DE,yes
19807,Wilmington,DE,yes
19808,Wilmington,DE,yes
19809,Wilmington,DE,yes
19810,Wilmington,DE,yes
19901,Dover,DE,yes
19902,Dover Afb,DE,yes
19904,Dover,DE,yes
19930,Bethany Beach,DE,yes
19931,Bethel,DE,yes
19933,Bridgeville,DE,yes
19934,Camden Wyoming,DE,yes
19936,Cheswold,DE,yes
19938,Clayton,DE,yes
19939,Dagsboro,DE,yes
19940,Delmar,DE,yes
19941,Ellendale,DE,yes
19943,Felton,DE,yes
19944,Fenwick Island,DE,yes
19945,Frankford,DE,yes
19946,Frederica,DE,yes
19947,Georgetown,DE,yes
19950,Greenwood,DE,yes
19951,Harbeson,DE,yes
19952,Harrington,DE,yes
19953,Hartly,DE,yes
19954,Houston,DE,yes
19955,Kenton,DE,yes
19956,Laurel,DE,yes
19958,Lewes,DE,yes
19960,Lincoln,DE,yes
19962,Magnolia,DE,yes
19963,Milford,DE,yes
19964,Marydel,DE,yes
19966,Millsboro,DE,yes
19967,Millville,DE,yes
19968,Milton,DE,yes
19970,Ocean View,DE,yes
19971,Rehoboth Beach,DE,yes
19973,Seaford,DE,yes
19975,Selbyville,DE,yes
19977,Smyrna,DE,yes
19979,Viola,DE,yes
20001,Washington,DC,yes
20002,Washington,DC,yes
20003,Washington,DC,yes
20004,Washington,DC,yes
20005,Washington,DC,yes
20006,Washington,DC,yes
20007,Washington,DC,yes
20008,Washington,DC,yes
20009,Washington,DC,yes
20010,Washington,DC,yes
20011,Washington,DC,yes
20012,Washington,DC,yes
20015,Washington,DC,yes
20016,Washington,DC,yes
20017,Washington,DC,yes
20018,Washington,DC,yes
20019,Washington,DC,yes
20020,Washington,DC,yes
20024,Washington,DC,yes
20032,Washington,DC,yes
20036,Washington,DC,yes
20037,Washington,DC,yes
20045,Washington,DC,yes
20052,Washington,DC,yes
20053,Washington,DC,yes
20057,Washington,DC,yes
20064,Washington,DC,yes
20105,Aldie,VA,yes
20106,Amissville,VA,yes
20109,Manassas,VA,yes
20110,Manassas,VA,yes
20111,Manassas,VA,yes
20112,Manassas,VA,yes
20115,Marshall,VA,yes
20117,Middleburg,VA,yes
20118,Middleburg,VA,yes
20119,Catlett,VA,yes
20120,Centreville,VA,yes
20121,Centreville,VA,yes
20124,Clifton,VA,yes
20129,Paeonian Springs,VA,yes
20130,Paris,VA,yes
20132,Purcellville,VA,yes
20135,Bluemont,VA,yes
20136,Bristow,VA,yes
20137,Broad Run,VA,yes
20139,Casanova,VA,yes
20141,Round Hill,VA,yes
20143,Catharpin,VA,yes
20144,Delaplane,VA,yes
20147,Ashburn,VA,yes
20148,Ashburn,VA,yes
20151,Chantilly,VA,yes
20152,Chantilly,VA,yes
20155,Gainesville,VA,yes
20158,Hamilton,VA,yes
20164,Sterling,VA,yes
20165,Sterling,VA,yes
20166,Sterling,VA,yes
20169,Haymarket,VA,yes
20170,Herndon,VA,yes
20171,Herndon,VA,yes
20175,Leesburg,VA,yes
20176,Leesburg,VA,yes
20180,Lovettsville,VA,yes
20181,Nokesville,VA,yes
20184,Upperville,VA,yes
20186,Warrenton,VA,yes
20187,Warrenton,VA,yes
20190,Reston,VA,yes
20191,Reston,VA,yes
20194,Reston,VA,yes
20197,Waterford,VA,yes
20198,The Plains,VA,yes
20202,Washington,DC,yes
20204,Washington,DC,yes
20228,Washington,DC,yes
20230,Washington,DC,yes
20240,Washington,DC,yes
20245,Washington,DC,yes
20260,Washington,DC,yes
20317,Washington,DC,yes
20319,Washington,DC,yes
20373,Naval Anacost Annex,DC,yes
20390,Washington,DC,yes
20405,Washington,DC,yes
20418,Washington,DC,yes
20427,Washington,DC,yes
20506,Washington,DC,yes
20510,Washington,DC,yes
20520,Washington,DC,yes
20535,Washington,DC,yes
20540,Washington,DC,yes
20551,Washington,DC,yes
20553,Washington,DC,yes
20560,Washington,DC,yes
20565,Washington,DC,yes
20566,Washington,DC,yes
20593,Washington,DC,yes
20601,Waldorf,MD,yes
20602,Waldorf,MD,yes
20603,Waldorf,MD,yes
20607,Accokeek,MD,yes
20608,Aquasco,MD,yes
20611,Bel Alton,MD,yes
20612,Benedict,MD,yes
20613,Brandywine,MD,yes
20616,Bryans Road,MD,yes
20617,Bryantown,MD,yes
20623,Cheltenham,MD,yes
20632,Faulkner,MD,yes
20637,Hughesville,MD,yes
20639,Huntingtown,MD,yes
20640,Indian Head,MD,yes
20646,La Plata,MD,yes
20658,Marbury,MD,yes
20662,Nanjemoy,MD,yes
20664,Newburg,MD,yes
20675,Pomfret,MD,yes
20676,Port Republic,MD,yes
20677,Port Tobacco,MD,yes
20678,Prince Frederick,MD,yes
20689,Sunderland,MD,yes
20693,Welcome,MD,yes
20695,White Plains,MD,yes
20701,Annapolis Junction,MD,yes
20705,Beltsville,MD,yes
20706,Lanham,MD,yes
20707,Laurel,MD,yes
20708,Laurel,MD,yes
20710,Bladensburg,MD,yes
20711,Lothian,MD,yes
20712,Mount Rainier,MD,yes
20714,North Beach,MD,yes
20715,Bowie,MD,yes
20716,Bowie,MD,yes
20720,Bowie,MD,yes
20721,Bowie,MD,yes
20722,Brentwood,MD,yes
20723,Laurel,MD,yes
20724,Laurel,MD,yes
20732,Chesapeake Beach,MD,yes
20733,Churchton,MD,yes
20735,Clinton,MD,yes
20736,Owings,MD,yes
20737,Riverdale,MD,yes
20740,College Park,MD,yes
20742,College Park,MD,yes
20743,Capitol Heights,MD,yes
20744,Fort Washington,MD,yes
20745,Oxon Hill,MD,yes
20746,Suitland,MD,yes
20747,District Heights,MD,yes
20748,Temple Hills,MD,yes
20751,Deale,MD,yes
20754,Dunkirk,MD,yes
20755,Fort George G Meade,MD,yes
20758,Friendship,MD,yes
20759,Fulton,MD,yes
20762,Andrews Air Force Base,MD,yes
20763,Savage,MD,yes
20764,Shady Side,MD,yes
20765,Galesville,MD,yes
20769,Glenn Dale,MD,yes
20770,Greenbelt,MD,yes
20772,Upper Marlboro,MD,yes
20774,Upper Marlboro,MD,yes
20776,Harwood,MD,yes
20777,Highland,MD,yes
20778,West River,MD,yes
20779,Tracys Landing,MD,yes
20781,Hyattsville,MD,yes
20782,Hyattsville,MD,yes
20783,Hyattsville,MD,yes
20784,Hyattsville,MD,yes
20785,Hyattsville,MD,yes
20794,Jessup,MD,yes
20812,Glen Echo,MD,yes
20814,Bethesda,MD,yes
20815,Chevy Chase,MD,yes
20816,Bethesda,MD,yes
20817,Bethesda,MD,yes
20818,Cabin John,MD,yes
20832,Olney,MD,yes
20833,Brookeville,MD,yes
20837,Poolesville,MD,yes
20838,Barnesville,MD,yes
20839,Beallsville,MD,yes
20841,Boyds,MD,yes
20842,Dickerson,MD,yes
20850,Rockville,MD,yes
20851,Rockville,MD,yes
20852,Rockville,MD,yes
20853,Rockville,MD,yes
20854,Potomac,MD,yes
20855,Derwood,MD,yes
20860,Sandy Spring,MD,yes
20861,Ashton,MD,yes
20862,Brinklow,MD,yes
20866,Burtonsville,MD,yes
20868,Spencerville,MD,yes
20871,Clarksburg,MD,yes
20872,Damascus,MD,yes
20874,Germantown,MD,yes
20876,Germantown,MD,yes
20877,Gaithersburg,MD,yes
20878,Gaithersburg,MD,yes
20879,Gaithersburg,MD,yes
20880,Washington Grove,MD,yes
20882,Gaithersburg,MD,yes
20886,Montgomery Village,MD,yes
20895,Kensington,MD,yes
20896,Garrett Park,MD,yes
20899,Gaithersburg,MD,yes
20901,Silver Spring,MD,yes
20902,Silver Spring,MD,yes
20903,Silver Spring,MD,yes
20904,Silver Spring,MD,yes
20905,Silver Spring,MD,yes
20906,Silver Spring,MD,yes
20910,Silver Spring,MD,yes
20912,Takoma Park,MD,yes
21001,Aberdeen,MD,yes
21005,Aberdeen Proving Ground,MD,yes
21009,Abingdon,MD,yes
21010,Gunpowder,MD,yes
21012,Arnold,MD,yes
21013,Baldwin,MD,yes
21014,Bel Air,MD,yes
21015,Bel Air,MD,yes
21017,Belcamp,MD,yes
21028,Churchville,MD,yes
21029,Clarksville,MD,yes
21030,Cockeysville,MD,yes
21031,Hunt Valley,MD,yes
21032,Crownsville,MD,yes
21034,Darlington,MD,yes
21035,Davidsonville,MD,yes
21036,Dayton,MD,yes
21037,Edgewater,MD,yes
21040,Edgewood,MD,yes
21042,Ellicott City,MD,yes
21043,Ellicott City,MD,yes
21044,Columbia,MD,yes
21045,Columbia,MD,yes
21046,Columbia,MD,yes
21047,Fallston,MD,yes
21048,Finksburg,MD,yes
21050,Forest Hill,MD,yes
21051,Fork,MD,yes
21052,Fort Howard,MD,yes
21053,Freeland,MD,yes
21054,Gambrills,MD,yes
21056,Gibson Island,MD,yes
21057,Glen Arm,MD,yes
21060,Glen Burnie,MD,yes
21061,Glen Burnie,MD,yes
21071,Glyndon,MD,yes
21074,Hampstead,MD,yes
21075,Elkridge,MD,yes
21076,Hanover,MD,yes
21077,Harmans,MD,yes
21078,Havre De Grace,MD,yes
21082,Hydes,MD,yes
21084,Jarrettsville,MD,yes
21085,Joppa,MD,yes
21087,Kingsville,MD,yes
21090,Linthicum Heights,MD,yes
21093,Lutherville Timonium,MD,yes
21102,Manchester,MD,yes
21104,Marriottsville,MD,yes
21105,Maryland Line,MD,yes
21108,Millersville,MD,yes
21111,Monkton,MD,yes
21113,Odenton,MD,yes
21114,Crofton,MD,yes
21117,Owings Mills,MD,yes
21120,Parkton,MD,yes
21122,Pasadena,MD,yes
21128,Perry Hall,MD,yes
21130,Perryman,MD,yes
21131,Phoenix,MD,yes
21132,Pylesville,MD,yes
21133,Randallstown,MD,yes
21136,Reisterstown,MD,yes
21140,Riva,MD,yes
21144,Severn,MD,yes
21146,Severna Park,MD,yes
21152,Sparks Glencoe,MD,yes
21153,Stevenson,MD,yes
21154,Street,MD,yes
21155,Upperco,MD,yes
21156,Upper Falls,MD,yes
21157,Westminster,MD,yes
21158,Westminster,MD,yes
21160,Whiteford,MD,yes
21161,White Hall,MD,yes
21162,White Marsh,MD,yes
21163,Woodstock,MD,yes
21201,Baltimore,MD,yes
21202,Baltimore,MD,yes
21204,Towson,MD,yes
21205,Baltimore,MD,yes
21206,Baltimore,MD,yes
21207,Gwynn Oak,MD,yes
21208,Pikesville,MD,yes
21209,Baltimore,MD,yes
21210,Baltimore,MD,yes
21211,Baltimore,MD,yes
21212,Baltimore,MD,yes
21213,Baltimore,MD,yes
21214,Baltimore,MD,yes
21215,Baltimore,MD,yes
21216,Baltimore,MD,yes
21217,Baltimore,MD,yes
21218,Baltimore,MD,yes
21219,Sparrows Point,MD,yes
21220,Middle River,MD,yes
21221,Essex,MD,yes
21222,Dundalk,MD,yes
21223,Baltimore,MD,yes
21224,Baltimore,MD,yes
21225,Brooklyn,MD,yes
21226,Curtis Bay,MD,yes
21227,Halethorpe,MD,yes
21228,Catonsville,MD,yes
21229,Baltimore,MD,yes
21230,Baltimore,MD,yes
21231,Baltimore,MD,yes
21234,Parkville,MD,yes
21236,Nottingham,MD,yes
21237,Rosedale,MD,yes
21239,Baltimore,MD,yes
21240,Baltimore,MD,yes
21244,Windsor Mill,MD,yes
21250,Baltimore,MD,yes
21251,Baltimore,MD,yes
21252,Towson,MD,yes
21286,Towson,MD,yes
21401,Annapolis,MD,yes
21402,Annapolis,MD,yes
21403,Annapolis,MD,yes
21405,Annapolis,MD,yes
21409,Annapolis,MD,yes
21619,Chester,MD,yes
21638,Grasonville,MD,yes
21666,Stevensville,MD,yes
21701,Frederick,MD,yes
21702,Frederick,MD,yes
21703,Frederick,MD,yes
21704,Frederick,MD,yes
21705,Frederick,MD,yes
21710,Adamstown,MD,yes
21714,Braddock Heights,MD,yes
21716,Brunswick,MD,yes
21717,Buckeystown,MD,yes
21718,Burkittsville,MD,yes
21719,Cascade,MD,yes
21723,Cooksville,MD,yes
21727,Emmitsburg,MD,yes
21737,Glenelg,MD,yes
21738,Glenwood,MD,yes
21754,Ijamsville,MD,yes
21755,Jefferson,MD,yes
21757,Keymar,MD,yes
21758,Knoxville,MD,yes
21762,Libertytown,MD,yes
21769,Middletown,MD,yes
21770,Monrovia,MD,yes
21771,Mount Airy,MD,yes
21773,Myersville,MD,yes
21774,New Market,MD,yes
21776,New Windsor,MD,yes
21777,Point Of Rocks,MD,yes
21778,Rocky Ridge,MD,yes
21780,Sabillasville,MD,yes
21783,Smithsburg,MD,yes
21784,Sykesville,MD,yes
21787,Taneytown,MD,yes
21788,Thurmont,MD,yes
21790,Tuscarora,MD,yes
21791,Union Bridge,MD,yes
21793,Walkersville,MD,yes
21794,West Friendship,MD,yes
21797,Woodbine,MD,yes
21798,Woodsboro,MD,yes
22003,Annandale,VA,yes
22015,Burke,VA,yes
22025,Dumfries,VA,yes
22026,Dumfries,VA,yes
22027,Dunn Loring,VA,yes
22030,Fairfax,VA,yes
22031,Fairfax,VA,yes
22032,Fairfax,VA,yes
22033,Fairfax,VA,yes
22035,Fairfax,VA,yes
22039,Fairfax Station,VA,yes
22041,Falls Church,VA,yes
22042,Falls Church,VA,yes
22043,Falls Church,VA,yes
22044,Falls Church,VA,yes
22046,Falls Church,VA,yes
22060,Fort Belvoir,VA,yes
22066,Great Falls,VA,yes
22079,Lorton,VA,yes
22101,Mc Lean,VA,yes
22102,Mc Lean,VA,yes
22124,Oakton,VA,yes
22125,Occoquan,VA,yes
22134,Quantico,VA,yes
22150,Springfield,VA,yes
22151,Springfield,VA,yes
22152,Springfield,VA,yes
22153,Springfield,VA,yes
22172,Triangle,VA,yes
22180,Vienna,VA,yes
22181,Vienna,VA,yes
22182,Vienna,VA,yes
22185,Vienna,VA,yes
22191,Woodbridge,VA,yes
22192,Woodbridge,VA,yes
22193,Woodbridge,VA,yes
22201,Arlington,VA,yes
22202,Arlington,VA,yes
22203,Arlington,VA,yes
22204,Arlington,VA,yes
22205,Arlington,VA,yes
22206,Arlington,VA,yes
22207,Arlington,VA,yes
22209,Arlington,VA,yes
22211,Fort Myer,VA,yes
22213,Arlington,VA,yes
22214,Arlington,VA,yes
22301,Alexandria,VA,yes
22302,Alexandria,VA,yes
22303,Alexandria,VA,yes
22304,Alexandria,VA,yes
22305,Alexandria,VA,yes
22306,Alexandria,VA,yes
22307,Alexandria,VA,yes
22308,Alexandria,VA,yes
22309,Alexandria,VA,yes
22310,Alexandria,VA,yes
22311,Alexandria,VA,yes
22312,Alexandria,VA,yes
22314,Alexandria,VA,yes
22315,Alexandria,VA,yes
22401,Fredericksburg,VA,yes
22405,Fredericksburg,VA,yes
22406,Fredericksburg,VA,yes
22407,Fredericksburg,VA,yes
22408,Fredericksburg,VA,yes
22427,Bowling Green,VA,yes
22433,Burr Hill,VA,yes
22448,Dahlgren,VA,yes
22485,King George,VA,yes
22508,Locust Grove,VA,yes
22514,Milford,VA,yes
22534,Partlow,VA,yes
22535,Port Royal,VA,yes
22538,Rappahannock Academy,VA,yes
22542,Rhoadesville,VA,yes
22546,Ruther Glen,VA,yes
22551,Spotsylvania,VA,yes
22553,Spotsylvania,VA,yes
22554,Stafford,VA,yes
22556,Stafford,VA,yes
22567,Unionville,VA,yes
22580,Woodford,VA,yes
22623,Chester Gap,VA,yes
22627,Flint Hill,VA,yes
22639,Hume,VA,yes
22642,Linden,VA,yes
22643,Markham,VA,yes
22701,Culpeper,VA,yes
22712,Bealeton,VA,yes
22714,Brandy Station,VA,yes
22718,Elkwood,VA,yes
22720,Goldvein,VA,yes
22724,Jeffersonton,VA,yes
22726,Lignum,VA,yes
22728,Midland,VA,yes
22729,Mitchells,VA,yes
22733,Rapidan,VA,yes
22734,Remington,VA,yes
22736,Richardsville,VA,yes
22737,Rixeyville,VA,yes
22741,Stevensburg,VA,yes
22742,Sumerduck,VA,yes
22942,Gordonsville,VA,yes
22960,Orange,VA,yes
23005,Ashland,VA,yes
23015,Beaverdam,VA,yes
23024,Bumpass,VA,yes
23039,Crozier,VA,yes
23047,Doswell,VA,yes
23059,Glen Allen,VA,yes
23060,Glen Allen,VA,yes
23063,Goochland,VA,yes
23065,Gum Spring,VA,yes
23069,Hanover,VA,yes
23075,Henrico,VA,yes
23084,Kents Store,VA,yes
23086,King William,VA,yes
23093,Louisa,VA,yes
23102,Maidens,VA,yes
23103,Manakin Sabot,VA,yes
23111,Mechanicsville,VA,yes
23112,Midlothian,VA,yes
23113,Midlothian,VA,yes
23114,Midlothian,VA,yes
23116,Mechanicsville,VA,yes
23117,Mineral,VA,yes
23120,Moseley,VA,yes
23124,New Kent,VA,yes
23129,Oilville,VA,yes
23139,Powhatan,VA,yes
23141,Quinton,VA,yes
23146,Rockville,VA,yes
23150,Sandston,VA,yes
23153,Sandy Hook,VA,yes
23160,State Farm,VA,yes
23173,Richmond,VA,yes
23192,Montpelier,VA,yes
23219,Richmond,VA,yes
23220,Richmond,VA,yes
23221,Richmond,VA,yes
23222,Richmond,VA,yes
23223,Richmond,VA,yes
23224,Richmond,VA,yes
23225,Richmond,VA,yes
23226,Richmond,VA,yes
23227,Richmond,VA,yes
23228,Henrico,VA,yes
23229,Henrico,VA,yes
23230,Richmond,VA,yes
23233,Henrico,VA,yes
23234,Richmond,VA,yes
23235,Richmond,VA,yes
23236,Richmond,VA,yes
23237,Richmond,VA,yes
23238,Henrico,VA,yes
23250,Richmond,VA,yes
23294,Henrico,VA,yes
23831,Chester,VA,yes
23832,Chesterfield,VA,yes
23836,Chester,VA,yes
23838,Chesterfield,VA,yes
27006,Advance,NC,yes
27012,Clemmons,NC,yes
27013,Cleveland,NC,yes
27014,Cooleemee,NC,yes
27028,Mocksville,NC,yes
27051,Walkertown,NC,yes
27054,Woodleaf,NC,yes
27101,Winston-Salem,NC,yes
27103,Winston-Salem,NC,yes
27104,Winston-Salem,NC,yes
27105,Winston-Salem,NC,yes
27106,Winston-Salem,NC,yes
27107,Winston-Salem,NC,yes
27109,Winston-Salem,NC,yes
27110,Winston-Salem,NC,yes
27127,Winston-Salem,NC,yes
27207,Bear Creek,NC,yes
27208,Bennett,NC,yes
27214,Browns Summit,NC,yes
27215,Burlington,NC,yes
27217,Burlington,NC,yes
27233,Climax,NC,yes
27235,Colfax,NC,yes
27239,Denton,NC,yes
27243,Efland,NC,yes
27244,Elon,NC,yes
27248,Franklinville,NC,yes
27249,Gibsonville,NC,yes
27252,Goldston,NC,yes
27253,Graham,NC,yes
27258,Haw River,NC,yes
27260,High Point,NC,yes
27262,High Point,NC,yes
27263,High Point,NC,yes
27265,High Point,NC,yes
27278,Hillsborough,NC,yes
27282,Jamestown,NC,yes
27283,Julian,NC,yes
27284,Kernersville,NC,yes
27292,Lexington,NC,yes
27295,Lexington,NC,yes
27299,Linwood,NC,yes
27301,Mc Leansville,NC,yes
27302,Mebane,NC,yes
27306,Mount Gilead,NC,yes
27310,Oak Ridge,NC,yes
27312,Pittsboro,NC,yes
27313,Pleasant Garden,NC,yes
27317,Randleman,NC,yes
27325,Robbins,NC,yes
27330,Sanford,NC,yes
27332,Sanford,NC,yes
27340,Saxapahaw,NC,yes
27344,Siler City,NC,yes
27349,Snow Camp,NC,yes
27355,Staley,NC,yes
27357,Stokesdale,NC,yes
27358,Summerfield,NC,yes
27360,Thomasville,NC,yes
27370,Trinity,NC,yes
27376,West End,NC,yes
27377,Whitsett,NC,yes
27401,Greensboro,NC,yes
27403,Greensboro,NC,yes
27405,Greensboro,NC,yes
27406,Greensboro,NC,yes
27407,Greensboro,NC,yes
27408,Greensboro,NC,yes
27409,Greensboro,NC,yes
27410,Greensboro,NC,yes
27455,Greensboro,NC,yes
27501,Angier,NC,yes
27502,Apex,NC,yes
27503,Bahama,NC,yes
27504,Benson,NC,yes
27505,Broadway,NC,yes
27508,Bunn,NC,yes
27509,Butner,NC,yes
27510,Carrboro,NC,yes
27511,Cary,NC,yes
27513,Cary,NC,yes
27514,Chapel Hill,NC,yes
27516,Chapel Hill,NC,yes
27517,Chapel Hill,NC,yes
27518,Cary,NC,yes
27519,Cary,NC,yes
27520,Clayton,NC,yes
27521,Coats,NC,yes
27522,Creedmoor,NC,yes
27523,Apex,NC,yes
27524,Four Oaks,NC,yes
27525,Franklinton,NC,yes
27526,Fuquay Varina,NC,yes
27527,Clayton,NC,yes
27529,Garner,NC,yes
27530,Goldsboro,NC,yes
27531,Goldsboro,NC,yes
27534,Goldsboro,NC,yes
27539,Apex,NC,yes
27540,Holly Springs,NC,yes
27542,Kenly,NC,yes
27545,Knightdale,NC,yes
27546,Lillington,NC,yes
27549,Louisburg,NC,yes
27555,Micro,NC,yes
27557,Middlesex,NC,yes
27559,Moncure,NC,yes
27560,Morrisville,NC,yes
27562,New Hill,NC,yes
27568,Pine Level,NC,yes
27569,Princeton,NC,yes
27571,Rolesville,NC,yes
27572,Rougemont,NC,yes
27576,Selma,NC,yes
27577,Smithfield,NC,yes
27581,Stem,NC,yes
27587,Wake Forest,NC,yes
27591,Wendell,NC,yes
27592,Willow Spring,NC,yes
27596,Youngsville,NC,yes
27597,Zebulon,NC,yes
27601,Raleigh,NC,yes
27603,Raleigh,NC,yes
27604,Raleigh,NC,yes
27605,Raleigh,NC,yes
27606,Raleigh,NC,yes
27607,Raleigh,NC,yes
27608,Raleigh,NC,yes
27609,Raleigh,NC,yes
27610,Raleigh,NC,yes
27612,Raleigh,NC,yes
27613,Raleigh,NC,yes
27614,Raleigh,NC,yes
27615,Raleigh,NC,yes
27616,Raleigh,NC,yes
27617,Raleigh,NC,yes
27701,Durham,NC,yes
27703,Durham,NC,yes
27704,Durham,NC,yes
27705,Durham,NC,yes
27707,Durham,NC,yes
27709,Durham,NC,yes
27712,Durham,NC,yes
27713,Durham,NC,yes
27801,Rocky Mount,NC,yes
27803,Rocky Mount,NC,yes
27804,Rocky Mount,NC,yes
27807,Bailey,NC,yes
27813,Black Creek,NC,yes
27830,Fremont,NC,yes
27851,Lucama,NC,yes
27863,Pikeville,NC,yes
27878,Sharpsburg,NC,yes
27880,Sims,NC,yes
27882,Spring Hope,NC,yes
27893,Wilson,NC,yes
27896,Wilson,NC,yes
28001,Albemarle,NC,yes
28006,Alexis,NC,yes
28007,Ansonville,NC,yes
28009,Badin,NC,yes
28012,Belmont,NC,yes
28016,Bessemer City,NC,yes
28017,Boiling Springs,NC,yes
28018,Bostic,NC,yes
28019,Caroleen,NC,yes
28021,Cherryville,NC,yes
28023,China Grove,NC,yes
28025,Concord,NC,yes
28027,Concord,NC,yes
28031,Cornelius,NC,yes
28032,Cramerton,NC,yes
28033,Crouse,NC,yes
28034,Dallas,NC,yes
28036,Davidson,NC,yes
28037,Denver,NC,yes
28039,East Spencer,NC,yes
28040,Ellenboro,NC,yes
28043,Forest City,NC,yes
28052,Gastonia,NC,yes
28054,Gastonia,NC,yes
28056,Gastonia,NC,yes
28071,Gold Hill,NC,yes
28072,Granite Quarry,NC,yes
28073,Grover,NC,yes
28075,Harrisburg,NC,yes
28076,Henrietta,NC,yes
28077,High Shoals,NC,yes
28078,Huntersville,NC,yes
28079,Indian Trail,NC,yes
28080,Iron Station,NC,yes
28081,Kannapolis,NC,yes
28083,Kannapolis,NC,yes
28086,Kings Mountain,NC,yes
28088,Landis,NC,yes
28089,Lattimore,NC,yes
28090,Lawndale,NC,yes
28092,Lincolnton,NC,yes
28097,Locust,NC,yes
28098,Lowell,NC,yes
28101,Mc Adenville,NC,yes
28103,Marshville,NC,yes
28104,Matthews,NC,yes
28105,Matthews,NC,yes
28107,Midland,NC,yes
28108,Mineral Springs,NC,yes
28109,Misenheimer,NC,yes
28110,Monroe,NC,yes
28112,Monroe,NC,yes
28114,Mooresboro,NC,yes
28115,Mooresville,NC,yes
28117,Mooresville,NC,yes
28119,Morven,NC,yes
28120,Mount Holly,NC,yes
28124,Mount Pleasant,NC,yes
28125,Mount Ulla,NC,yes
28127,New London,NC,yes
28128,Norwood,NC,yes
28129,Oakboro,NC,yes
28133,Peachland,NC,yes
28134,Pineville,NC,yes
28135,Polkton,NC,yes
28137,Richfield,NC,yes
28138,Rockwell,NC,yes
28139,Rutherfordton,NC,yes
28144,Salisbury,NC,yes
28146,Salisbury,NC,yes
28147,Salisbury,NC,yes
28150,Shelby,NC,yes
28152,Shelby,NC,yes
28159,Spencer,NC,yes
28160,Spindale,NC,yes
28163,Stanfield,NC,yes
28164,Stanley,NC,yes
28166,Troutman,NC,yes
28167,Union Mills,NC,yes
28168,Vale,NC,yes
28169,Waco,NC,yes
28170,Wadesboro,NC,yes
28173,Waxhaw,NC,yes
28174,Wingate,NC,yes
28202,Charlotte,NC,yes
28203,Charlotte,NC,yes
28204,Charlotte,NC,yes
28205,Charlotte,NC,yes
28206,Charlotte,NC,yes
28207,Charlotte,NC,yes
28208,Charlotte,NC,yes
28209,Charlotte,NC,yes
28210,Charlotte,NC,yes
28211,Charlotte,NC,yes
28212,Charlotte,NC,yes
28213,Charlotte,NC,yes
28214,Charlotte,NC,yes
28215,Charlotte,NC,yes
28216,Charlotte,NC,yes
28217,Charlotte,NC,yes
28226,Charlotte,NC,yes
28227,Charlotte,NC,yes
28244,Charlotte,NC,yes
28262,Charlotte,NC,yes
28269,Charlotte,NC,yes
28270,Charlotte,NC,yes
28273,Charlotte,NC,yes
28277,Charlotte,NC,yes
28278,Charlotte,NC,yes
28280,Charlotte,NC,yes
28282,Charlotte,NC,yes
28301,Fayetteville,NC,yes
28303,Fayetteville,NC,yes
28304,Fayetteville,NC,yes
28305,Fayetteville,NC,yes
28306,Fayetteville,NC,yes
28307,Fort Bragg,NC,yes
28310,Fort Bragg,NC,yes
28311,Fayetteville,NC,yes
28312,Fayetteville,NC,yes
28314,Fayetteville,NC,yes
28315,Aberdeen,NC,yes
28323,Bunnlevel,NC,yes
28326,Cameron,NC,yes
28327,Carthage,NC,yes
28334,Dunn,NC,yes
28339,Erwin,NC,yes
28342,Falcon,NC,yes
28348,Hope Mills,NC,yes
28350,Lakeview,NC,yes
28356,Linden,NC,yes
28365,Mount Olive,NC,yes
28366,Newton Grove,NC,yes
28373,Pinebluff,NC,yes
28374,Pinehurst,NC,yes
28376,Raeford,NC,yes
28387,Southern Pines,NC,yes
28390,Spring Lake,NC,yes
28394,Vass,NC,yes
28401,Wilmington,NC,yes
28403,Wilmington,NC,yes
28405,Wilmington,NC,yes
28409,Wilmington,NC,yes
28411,Wilmington,NC,yes
28412,Wilmington,NC,yes
28429,Castle Hayne,NC,yes
28480,Wrightsville Beach,NC,yes
28601,Hickory,NC,yes
28602,Hickory,NC,yes
28609,Catawba,NC,yes
28610,Claremont,NC,yes
28612,Connelly Springs,NC,yes
28613,Conover,NC,yes
28619,Drexel,NC,yes
28625,Statesville,NC,yes
28628,Glen Alpine,NC,yes
28630,Granite Falls,NC,yes
28634,Harmony,NC,yes
28637,Hildebran,NC,yes
28638,Hudson,NC,yes
28650,Maiden,NC,yes
28658,Newton,NC,yes
28660,Olin,NC,yes
28666,Icard,NC,yes
28667,Rhodhiss,NC,yes
28671,Rutherford College,NC,yes
28673,Sherrills Ford,NC,yes
28677,Statesville,NC,yes
28678,Stony Point,NC,yes
28681,Taylorsville,NC,yes
28682,Terrell,NC,yes
28690,Valdese,NC,yes
28701,Alexander,NC,yes
28704,Arden,NC,yes
28707,Balsam,NC,yes
28708,Balsam Grove,NC,yes
28709,Barnardsville,NC,yes
28711,Black Mountain,NC,yes
28712,Brevard,NC,yes
28715,Candler,NC,yes
28716,Canton,NC,yes
28717,Cashiers,NC,yes
28718,Cedar Mountain,NC,yes
28720,Chimney Rock,NC,yes
28721,Clyde,NC,yes
28722,Columbus,NC,yes
28723,Cullowhee,NC,yes
28725,Dillsboro,NC,yes
28726,East Flat Rock,NC,yes
28729,Etowah,NC,yes
28730,Fairview,NC,yes
28731,Flat Rock,NC,yes
28732,Fletcher,NC,yes
28735,Gerton,NC,yes
28736,Glenville,NC,yes
28739,Hendersonville,NC,yes
28742,Horse Shoe,NC,yes
28745,Lake Junaluska,NC,yes
28746,Lake Lure,NC,yes
28747,Lake Toxaway,NC,yes
28748,Leicester,NC,yes
28749,Little Switzerland,NC,yes
28751,Maggie Valley,NC,yes
28752,Marion,NC,yes
28754,Mars Hill,NC,yes
28756,Mill Spring,NC,yes
28757,Montreat,NC,yes
28759,Mills River,NC,yes
28761,Nebo,NC,yes
28762,Old Fort,NC,yes
28766,Penrose,NC,yes
28768,Pisgah Forest,NC,yes
28772,Rosman,NC,yes
28773,Saluda,NC,yes
28774,Sapphire,NC,yes
28778,Swannanoa,NC,yes
28779,Sylva,NC,yes
28782,Tryon,NC,yes
28783,Tuckasegee,NC,yes
28785,Waynesville,NC,yes
28786,Waynesville,NC,yes
28787,Weaverville,NC,yes
28790,Zirconia,NC,yes
28791,Hendersonville,NC,yes
28792,Hendersonville,NC,yes
28801,Asheville,NC,yes
28803,Asheville,NC,yes
28804,Asheville,NC,yes
28805,Asheville,NC,yes
28806,Asheville,NC,yes
29301,Spartanburg,SC,yes
29302,Spartanburg,SC,yes
29303,Spartanburg,SC,yes
29306,Spartanburg,SC,yes
29307,Spartanburg,SC,yes
29316,Boiling Springs,SC,yes
29320,Arcadia,SC,yes
29322,Campobello,SC,yes
29323,Chesnee,SC,yes
29324,Clifton,SC,yes
29329,Converse,SC,yes
29330,Cowpens,SC,yes
29333,Drayton,SC,yes
29334,Duncan,SC,yes
29346,Glendale,SC,yes
29349,Inman,SC,yes
29356,Landrum,SC,yes
29365,Lyman,SC,yes
29369,Moore,SC,yes
29375,Reidville,SC,yes
29376,Roebuck,SC,yes
29377,Startex,SC,yes
29378,Una,SC,yes
29385,Wellford,SC,yes
29388,Woodruff,SC,yes
29401,Charleston,SC,yes
29403,Charleston,SC,yes
29404,Charleston Afb,SC,yes
29405,North Charleston,SC,yes
29406,Charleston,SC,yes
29407,Charleston,SC,yes
29409,Charleston,SC,yes
29412,Charleston,SC,yes
29414,Charleston,SC,yes
29418,North Charleston,SC,yes
29420,North Charleston,SC,yes
29423,Charleston,SC,yes
29424,Charleston,SC,yes
29439,Folly Beach,SC,yes
29450,Huger,SC,yes
29451,Isle Of Palms,SC,yes
29455,Johns Island,SC,yes
29456,Ladson,SC,yes
29464,Mount Pleasant,SC,yes
29466,Mount Pleasant,SC,yes
29483,Summerville,SC,yes
29485,Summerville,SC,yes
29492,Charleston,SC,yes
29601,Greenville,SC,yes
29605,Greenville,SC,yes
29607,Greenville,SC,yes
29609,Greenville,SC,yes
29611,Greenville,SC,yes
29613,Greenville,SC,yes
29614,Greenville,SC,yes
29615,Greenville,SC,yes
29617,Greenville,SC,yes
29630,Central,SC,yes
29631,Clemson,SC,yes
29634,Clemson,SC,yes
29635,Cleveland,SC,yes
29640,Easley,SC,yes
29642,Easley,SC,yes
29644,Fountain Inn,SC,yes
29650,Greer,SC,yes
29651,Greer,SC,yes
29657,Liberty,SC,yes
29661,Marietta,SC,yes
29662,Mauldin,SC,yes
29667,Norris,SC,yes
29671,Pickens,SC,yes
29673,Piedmont,SC,yes
29680,Simpsonville,SC,yes
29681,Simpsonville,SC,yes
29682,Six Mile,SC,yes
29683,Slater,SC,yes
29685,Sunset,SC,yes
29687,Taylors,SC,yes
29690,Travelers Rest,SC,yes
29702,Blacksburg,SC,yes
29704,Catawba,SC,yes
29707,Fort Mill,SC,yes
29708,Fort Mill,SC,yes
29710,Clover,SC,yes
29715,Fort Mill,SC,yes
29720,Lancaster,SC,yes
29726,Mc Connells,SC,yes
29730,Rock Hill,SC,yes
29732,Rock Hill,SC,yes
29733,Rock Hill,SC,yes
29745,York,SC,yes
30002,Avondale Estates,GA,yes
30004,Alpharetta,GA,yes
30005,Alpharetta,GA,yes
30008,Marietta,GA,yes
30009,Alpharetta,GA,yes
30011,Auburn,GA,yes
30017,Grayson,GA,yes
30019,Dacula,GA,yes
30022,Alpharetta,GA,yes
30024,Suwanee,GA,yes
30028,Cumming,GA,yes
30038,Lithonia,GA,yes
30039,Snellville,GA,yes
30040,Cumming,GA,yes
30041,Cumming,GA,yes
30043,Lawrenceville,GA,yes
30044,Lawrenceville,GA,yes
30045,Lawrenceville,GA,yes
30046,Lawrenceville,GA,yes
30047,Lilburn,GA,yes
30052,Loganville,GA,yes
30058,Lithonia,GA,yes
30060,Marietta,GA,yes
30062,Marietta,GA,yes
30064,Marietta,GA,yes
30066,Marietta,GA,yes
30067,Marietta,GA,yes
30068,Marietta,GA,yes
30071,Norcross,GA,yes
30075,Roswell,GA,yes
30076,Roswell,GA,yes
30078,Snellville,GA,yes
30079,Scottdale,GA,yes
30080,Smyrna,GA,yes
30082,Smyrna,GA,yes
30083,Stone Mountain,GA,yes
30084,Tucker,GA,yes
30087,Stone Mountain,GA,yes
30088,Stone Mountain,GA,yes
30092,Peachtree Corners,GA,yes
30093,Norcross,GA,yes
30096,Duluth,GA,yes
30097,Duluth,GA,yes
30101,Acworth,GA,yes
30102,Acworth,GA,yes
30106,Austell,GA,yes
30107,Ball Ground,GA,yes
30114,Canton,GA,yes
30115,Canton,GA,yes
30120,Cartersville,GA,yes
30121,Cartersville,GA,yes
30122,Lithia Springs,GA,yes
30126,Mableton,GA,yes
30127,Powder Springs,GA,yes
30132,Dallas,GA,yes
30134,Douglasville,GA,yes
30135,Douglasville,GA,yes
30137,Emerson,GA,yes
30141,Hiram,GA,yes
30144,Kennesaw,GA,yes
30152,Kennesaw,GA,yes
30157,Dallas,GA,yes
30168,Austell,GA,yes
30183,Waleska,GA,yes
30184,White,GA,yes
30188,Woodstock,GA,yes
30189,Woodstock,GA,yes
30303,Atlanta,GA,yes
30305,Atlanta,GA,yes
30306,Atlanta,GA,yes
30307,Atlanta,GA,yes
30308,Atlanta,GA,yes
30309,Atlanta,GA,yes
30310,Atlanta,GA,yes
30311,Atlanta,GA,yes
30312,Atlanta,GA,yes
30313,Atlanta,GA,yes
30314,Atlanta,GA,yes
30315,Atlanta,GA,yes
30316,Atlanta,GA,yes
30317,Atlanta,GA,yes
30318,Atlanta,GA,yes
30319,Atlanta,GA,yes
30322,Atlanta,GA,yes
30324,Atlanta,GA,yes
30326,Atlanta,GA,yes
30327,Atlanta,GA,yes
30328,Atlanta,GA,yes
30329,Atlanta,GA,yes
30332,Atlanta,GA,yes
30334,Atlanta,GA,yes
30336,Atlanta,GA,yes
30338,Atlanta,GA,yes
30339,Atlanta,GA,yes
30340,Atlanta,GA,yes
30341,Atlanta,GA,yes
30342,Atlanta,GA,yes
30345,Atlanta,GA,yes
30346,Atlanta,GA,yes
30350,Atlanta,GA,yes
30360,Atlanta,GA,yes
30363,Atlanta,GA,yes
30501,Gainesville,GA,yes
30504,Gainesville,GA,yes
30506,Gainesville,GA,yes
30507,Gainesville,GA,yes
30517,Braselton,GA,yes
30518,Buford,GA,yes
30519,Buford,GA,yes
30542,Flowery Branch,GA,yes
30548,Hoschton,GA,yes
30566,Oakwood,GA,yes
30620,Bethlehem,GA,yes
30666,Statham,GA,yes
30680,Winder,GA,yes
32033,Elkton,FL,yes
32034,Fernandina Beach,FL,yes
32043,Green Cove Springs,FL,yes
32044,Hampton,FL,yes
32054,Lake Butler,FL,yes
32068,Middleburg,FL,yes
32080,Saint Augustine,FL,yes
32081,Ponte Vedra,FL,yes
32082,Ponte Vedra Beach,FL,yes
32084,Saint Augustine,FL,yes
32086,Saint Augustine,FL,yes
32091,Starke,FL,yes
32092,Saint Augustine,FL,yes
32095,Saint Augustine,FL,yes
32102,Astor,FL,yes
32110,Bunnell,FL,yes
32112,Crescent City,FL,yes
32113,Citra,FL,yes
32114,Daytona Beach,FL,yes
32117,Daytona Beach,FL,yes
32118,Daytona Beach,FL,yes
32119,Daytona Beach,FL,yes
32124,Daytona Beach,FL,yes
32127,Port Orange,FL,yes
32128,Port Orange,FL,yes
32129,Port Orange,FL,yes
32130,De Leon Springs,FL,yes
32132,Edgewater,FL,yes
32133,Eastlake Weir,FL,yes
32134,Fort Mc Coy,FL,yes
32136,Flagler Beach,FL,yes
32137,Palm Coast,FL,yes
32139,Georgetown,FL,yes
32140,Florahome,FL,yes
32141,Edgewater,FL,yes
32145,Hastings,FL,yes
32148,Interlachen,FL,yes
32157,Lake Como,FL,yes
32159,Lady Lake,FL,yes
32162,The Villages,FL,yes
32164,Palm Coast,FL,yes
32168,New Smyrna Beach,FL,yes
32169,New Smyrna Beach,FL,yes
32174,Ormond Beach,FL,yes
32176,Ormond Beach,FL,yes
32179,Ocklawaha,FL,yes
32180,Pierson,FL,yes
32181,Pomona Park,FL,yes
32190,Seville,FL,yes
32193,Welaka,FL,yes
32195,Weirsdale,FL,yes
32205,Jacksonville,FL,yes
32207,Jacksonville,FL,yes
32210,Jacksonville,FL,yes
32211,Jacksonville,FL,yes
32212,Jacksonville,FL,yes
32216,Jacksonville,FL,yes
32217,Jacksonville,FL,yes
32218,Jacksonville,FL,yes
32219,Jacksonville,FL,yes
32220,Jacksonville,FL,yes
32221,Jacksonville,FL,yes
32222,Jacksonville,FL,yes
32223,Jacksonville,FL,yes
32224,Jacksonville,FL,yes
32225,Jacksonville,FL,yes
32226,Jacksonville,FL,yes
32227,Jacksonville,FL,yes
32228,Jacksonville,FL,yes
32233,Atlantic Beach,FL,yes
32234,Jacksonville,FL,yes
32244,Jacksonville,FL,yes
32246,Jacksonville,FL,yes
32250,Jacksonville Beach,FL,yes
32254,Jacksonville,FL,yes
32256,Jacksonville,FL,yes
32257,Jacksonville,FL,yes
32258,Jacksonville,FL,yes
32259,Saint Johns,FL,yes
32266,Neptune Beach,FL,yes
32277,Jacksonville,FL,yes
32601,Gainesville,FL,yes
32603,Gainesville,FL,yes
32605,Gainesville,FL,yes
32606,Gainesville,FL,yes
32607,Gainesville,FL,yes
32608,Gainesville,FL,yes
32609,Gainesville,FL,yes
32612,Gainesville,FL,yes
32615,Alachua,FL,yes
32616,Alachua,FL,yes
32617,Anthony,FL,yes
32618,Archer,FL,yes
32622,Brooker,FL,yes
32631,Earleton,FL,yes
32640,Hawthorne,FL,yes
32641,Gainesville,FL,yes
32653,Gainesville,FL,yes
32656,Keystone Heights,FL,yes
32658,La Crosse,FL,yes
32664,Mc Intosh,FL,yes
32666,Melrose,FL,yes
32667,Micanopy,FL,yes
32681,Orange Lake,FL,yes
32686,Reddick,FL,yes
32694,Waldo,FL,yes
32701,Altamonte Springs,FL,yes
32702,Altoona,FL,yes
32703,Apopka,FL,yes
32707,Casselberry,FL,yes
32708,Winter Springs,FL,yes
32709,Christmas,FL,yes
32712,Apopka,FL,yes
32713,Debary,FL,yes
32714,Altamonte Springs,FL,yes
32720,Deland,FL,yes
32724,Deland,FL,yes
32725,Deltona,FL,yes
32726,Eustis,FL,yes
32730,Casselberry,FL,yes
32732,Geneva,FL,yes
32735,Grand Island,FL,yes
32736,Eustis,FL,yes
32738,Deltona,FL,yes
32744,Lake Helen,FL,yes
32746,Lake Mary,FL,yes
32750,Longwood,FL,yes
32751,Maitland,FL,yes
32754,Mims,FL,yes
32757,Mount Dora,FL,yes
32759,Oak Hill,FL,yes
32763,Orange City,FL,yes
32764,Osteen,FL,yes
32765,Oviedo,FL,yes
32766,Oviedo,FL,yes
32767,Paisley,FL,yes
32771,Sanford,FL,yes
32773,Sanford,FL,yes
32776,Sorrento,FL,yes
32778,Tavares,FL,yes
32779,Longwood,FL,yes
32780,Titusville,FL,yes
32784,Umatilla,FL,yes
32789,Winter Park,FL,yes
32792,Winter Park,FL,yes
32796,Titusville,FL,yes
32798,Zellwood,FL,yes
32801,Orlando,FL,yes
32803,Orlando,FL,yes
32804,Orlando,FL,yes
32805,Orlando,FL,yes
32806,Orlando,FL,yes
32807,Orlando,FL,yes
32808,Orlando,FL,yes
32809,Orlando,FL,yes
32810,Orlando,FL,yes
32811,Orlando,FL,yes
32812,Orlando,FL,yes
32814,Orlando,FL,yes
32817,Orlando,FL,yes
32818,Orlando,FL,yes
32819,Orlando,FL,yes
32820,Orlando,FL,yes
32821,Orlando,FL,yes
32822,Orlando,FL,yes
32824,Orlando,FL,yes
32825,Orlando,FL,yes
32826,Orlando,FL,yes
32827,Orlando,FL,yes
32828,Orlando,FL,yes
32829,Orlando,FL,yes
32830,Orlando,FL,yes
32831,Orlando,FL,yes
32832,Orlando,FL,yes
32833,Orlando,FL,yes
32835,Orlando,FL,yes
32836,Orlando,FL,yes
32837,Orlando,FL,yes
32839,Orlando,FL,yes
32901,Melbourne,FL,yes
32903,Indialantic,FL,yes
32904,Melbourne,FL,yes
32905,Palm Bay,FL,yes
32907,Palm Bay,FL,yes
32908,Palm Bay,FL,yes
32909,Palm Bay,FL,yes
32920,Cape Canaveral,FL,yes
32922,Cocoa,FL,yes
32925,Patrick Afb,FL,yes
32926,Cocoa,FL,yes
32927,Cocoa,FL,yes
32931,Cocoa Beach,FL,yes
32934,Melbourne,FL,yes
32935,Melbourne,FL,yes
32937,Satellite Beach,FL,yes
32940,Melbourne,FL,yes
32948,Fellsmere,FL,yes
32949,Grant,FL,yes
32950,Malabar,FL,yes
32951,Melbourne Beach,FL,yes
32952,Merritt Island,FL,yes
32953,Merritt Island,FL,yes
32955,Rockledge,FL,yes
32958,Sebastian,FL,yes
32960,Vero Beach,FL,yes
32962,Vero Beach,FL,yes
32963,Vero Beach,FL,yes
32966,Vero Beach,FL,yes
32967,Vero Beach,FL,yes
32968,Vero Beach,FL,yes
32970,Wabasso,FL,yes
32976,Sebastian,FL,yes
33004,Dania,FL,yes
33009,Hallandale,FL,yes
33010,Hialeah,FL,yes
33012,Hialeah,FL,yes
33013,Hialeah,FL,yes
33014,Hialeah,FL,yes
33015,Hialeah,FL,yes
33016,Hialeah,FL,yes
33018,Hialeah,FL,yes
33019,Hollywood,FL,yes
33020,Hollywood,FL,yes
33021,Hollywood,FL,yes
33023,Hollywood,FL,yes
33024,Hollywood,FL,yes
33025,Hollywood,FL,yes
33026,Hollywood,FL,yes
33027,Hollywood,FL,yes
33028,Pembroke Pines,FL,yes
33029,Hollywood,FL,yes
33030,Homestead,FL,yes
33031,Homestead,FL,yes
33032,Homestead,FL,yes
33033,Homestead,FL,yes
33035,Homestead,FL,yes
33039,Homestead,FL,yes
33054,Opa Locka,FL,yes
33055,Opa Locka,FL,yes
33056,Miami Gardens,FL,yes
33060,Pompano Beach,FL,yes
33062,Pompano Beach,FL,yes
33063,Pompano Beach,FL,yes
33064,Pompano Beach,FL,yes
33065,Pompano Beach,FL,yes
33066,Pompano Beach,FL,yes
33067,Pompano Beach,FL,yes
33068,Pompano Beach,FL,yes
33069,Pompano Beach,FL,yes
33071,Pompano Beach,FL,yes
33073,Pompano Beach,FL,yes
33076,Pompano Beach,FL,yes
33101,Miami,FL,yes
33109,Miami Beach,FL,yes
33122,Miami,FL,yes
33125,Miami,FL,yes
33126,Miami,FL,yes
33127,Miami,FL,yes
33128,Miami,FL,yes
33129,Miami,FL,yes
33130,Miami,FL,yes
33131,Miami,FL,yes
33132,Miami,FL,yes
33133,Miami,FL,yes
33134,Miami,FL,yes
33135,Miami,FL,yes
33136,Miami,FL,yes
33137,Miami,FL,yes
33138,Miami,FL,yes
33139,Miami Beach,FL,yes
33140,Miami Beach,FL,yes
33141,Miami Beach,FL,yes
33142,Miami,FL,yes
33143,Miami,FL,yes
33144,Miami,FL,yes
33145,Miami,FL,yes
33146,Miami,FL,yes
33147,Miami,FL,yes
33149,Key Biscayne,FL,yes
33150,Miami,FL,yes
33154,Miami Beach,FL,yes
33155,Miami,FL,yes
33156,Miami,FL,yes
33157,Miami,FL,yes
33158,Miami,FL,yes
33160,North Miami Beach,FL,yes
33161,Miami,FL,yes
33162,Miami,FL,yes
33165,Miami,FL,yes
33166,Miami,FL,yes
33167,Miami,FL,yes
33168,Miami,FL,yes
33169,Miami,FL,yes
33170,Miami,FL,yes
33172,Miami,FL,yes
33173,Miami,FL,yes
33174,Miami,FL,yes
33175,Miami,FL,yes
33176,Miami,FL,yes
33177,Miami,FL,yes
33178,Miami,FL,yes
33179,Miami,FL,yes
33180,Miami,FL,yes
33181,Miami,FL,yes
33182,Miami,FL,yes
33183,Miami,FL,yes
33184,Miami,FL,yes
33185,Miami,FL,yes
33186,Miami,FL,yes
33187,Miami,FL,yes
33189,Miami,FL,yes
33190,Miami,FL,yes
33193,Miami,FL,yes
33194,Miami,FL,yes
33196,Miami,FL,yes
33301,Fort Lauderdale,FL,yes
33304,Fort Lauderdale,FL,yes
33305,Fort Lauderdale,FL,yes
33306,Fort Lauderdale,FL,yes
33308,Fort Lauderdale,FL,yes
33309,Fort Lauderdale,FL,yes
33311,Fort Lauderdale,FL,yes
33312,Fort Lauderdale,FL,yes
33313,Fort Lauderdale,FL,yes
33314,Fort Lauderdale,FL,yes
33315,Fort Lauderdale,FL,yes
33316,Fort Lauderdale,FL,yes
33317,Fort Lauderdale,FL,yes
33319,Fort Lauderdale,FL,yes
33321,Fort Lauderdale,FL,yes
33322,Fort Lauderdale,FL,yes
33323,Fort Lauderdale,FL,yes
33324,Fort Lauderdale,FL,yes
33325,Fort Lauderdale,FL,yes
33326,Fort Lauderdale,FL,yes
33327,Fort Lauderdale,FL,yes
33328,Fort Lauderdale,FL,yes
33330,Fort Lauderdale,FL,yes
33331,Fort Lauderdale,FL,yes
33332,Fort Lauderdale,FL,yes
33334,Fort Lauderdale,FL,yes
33351,Fort Lauderdale,FL,yes
33401,West Palm Beach,FL,yes
33403,West Palm Beach,FL,yes
33404,West Palm Beach,FL,yes
33405,West Palm Beach,FL,yes
33406,West Palm Beach,FL,yes
33407,West Palm Beach,FL,yes
33408,North Palm Beach,FL,yes
33409,West Palm Beach,FL,yes
33410,Palm Beach Gardens,FL,yes
33411,West Palm Beach,FL,yes
33412,West Palm Beach,FL,yes
33413,West Palm Beach,FL,yes
33414,Wellington,FL,yes
33415,West Palm Beach,FL,yes
33417,West Palm Beach,FL,yes
33418,Palm Beach Gardens,FL,yes
33426,Boynton Beach,FL,yes
33428,Boca Raton,FL,yes
33430,Belle Glade,FL,yes
33431,Boca Raton,FL,yes
33432,Boca Raton,FL,yes
33433,Boca Raton,FL,yes
33434,Boca Raton,FL,yes
33435,Boynton Beach,FL,yes
33436,Boynton Beach,FL,yes
33437,Boynton Beach,FL,yes
33438,Canal Point,FL,yes
33441,Deerfield Beach,FL,yes
33442,Deerfield Beach,FL,yes
33444,Delray Beach,FL,yes
33445,Delray Beach,FL,yes
33446,Delray Beach,FL,yes
33449,Lake Worth,FL,yes
33455,Hobe Sound,FL,yes
33458,Jupiter,FL,yes
33460,Lake Worth,FL,yes
33461,Lake Worth,FL,yes
33462,Lake Worth,FL,yes
33463,Lake Worth,FL,yes
33467,Lake Worth,FL,yes
33469,Jupiter,FL,yes
33470,Loxahatchee,FL,yes
33472,Boynton Beach,FL,yes
33473,Boynton Beach,FL,yes
33476,Pahokee,FL,yes
33477,Jupiter,FL,yes
33478,Jupiter,FL,yes
33480,Palm Beach,FL,yes
33483,Delray Beach,FL,yes
33484,Delray Beach,FL,yes
33486,Boca Raton,FL,yes
33487,Boca Raton,FL,yes
33493,South Bay,FL,yes
33496,Boca Raton,FL,yes
33498,Boca Raton,FL,yes
33503,Balm,FL,yes
33510,Brandon,FL,yes
33511,Brandon,FL,yes
33513,Bushnell,FL,yes
33514,Center Hill,FL,yes
33521,Coleman,FL,yes
33523,Dade City,FL,yes
33525,Dade City,FL,yes
33527,Dover,FL,yes
33534,Gibsonton,FL,yes
33538,Lake Panasoffkee,FL,yes
33540,Zephyrhills,FL,yes
33541,Zephyrhills,FL,yes
33542,Zephyrhills,FL,yes
33543,Wesley Chapel,FL,yes
33544,Wesley Chapel,FL,yes
33545,Wesley Chapel,FL,yes
33547,Lithia,FL,yes
33548,Lutz,FL,yes
33549,Lutz,FL,yes
33556,Odessa,FL,yes
33558,Lutz,FL,yes
33559,Lutz,FL,yes
33563,Plant City,FL,yes
33565,Plant City,FL,yes
33566,Plant City,FL,yes
33567,Plant City,FL,yes
33569,Riverview,FL,yes
33570,Ruskin,FL,yes
33572,Apollo Beach,FL,yes
33573,Sun City Center,FL,yes
33576,San Antonio,FL,yes
33578,Riverview,FL,yes
33579,Riverview,FL,yes
33584,Seffner,FL,yes
33585,Sumterville,FL,yes
33592,Thonotosassa,FL,yes
33594,Valrico,FL,yes
33596,Valrico,FL,yes
33597,Webster,FL,yes
33598,Wimauma,FL,yes
33602,Tampa,FL,yes
33603,Tampa,FL,yes
33604,Tampa,FL,yes
33605,Tampa,FL,yes
33606,Tampa,FL,yes
33607,Tampa,FL,yes
33609,Tampa,FL,yes
33610,Tampa,FL,yes
33611,Tampa,FL,yes
33612,Tampa,FL,yes
33613,Tampa,FL,yes
33614,Tampa,FL,yes
33615,Tampa,FL,yes
33616,Tampa,FL,yes
33617,Tampa,FL,yes
33618,Tampa,FL,yes
33619,Tampa,FL,yes
33620,Tampa,FL,yes
33621,Tampa,FL,yes
33624,Tampa,FL,yes
33625,Tampa,FL,yes
33626,Tampa,FL,yes
33629,Tampa,FL,yes
33634,Tampa,FL,yes
33635,Tampa,FL,yes
33637,Tampa,FL,yes
33647,Tampa,FL,yes
33701,Saint Petersburg,FL,yes
33702,Saint Petersburg,FL,yes
33703,Saint Petersburg,FL,yes
33704,Saint Petersburg,FL,yes
33705,Saint Petersburg,FL,yes
33706,Saint Petersburg,FL,yes
33707,Saint Petersburg,FL,yes
33708,Saint Petersburg,FL,yes
33709,Saint Petersburg,FL,yes
33710,Saint Petersburg,FL,yes
33711,Saint Petersburg,FL,yes
33712,Saint Petersburg,FL,yes
33713,Saint Petersburg,FL,yes
33714,Saint Petersburg,FL,yes
33715,Saint Petersburg,FL,yes
33716,Saint Petersburg,FL,yes
33744,Bay Pines,FL,yes
33755,Clearwater,FL,yes
33756,Clearwater,FL,yes
33759,Clearwater,FL,yes
33760,Clearwater,FL,yes
33761,Clearwater,FL,yes
33762,Clearwater,FL,yes
33763,Clearwater,FL,yes
33764,Clearwater,FL,yes
33765,Clearwater,FL,yes
33767,Clearwater Beach,FL,yes
33770,Largo,FL,yes
33771,Largo,FL,yes
33772,Seminole,FL,yes
33773,Largo,FL,yes
33774,Largo,FL,yes
33776,Seminole,FL,yes
33777,Seminole,FL,yes
33778,Largo,FL,yes
33781,Pinellas Park,FL,yes
33782,Pinellas Park,FL,yes
33785,Indian Rocks Beach,FL,yes
33786,Belleair Beach,FL,yes
33801,Lakeland,FL,yes
33803,Lakeland,FL,yes
33805,Lakeland,FL,yes
33809,Lakeland,FL,yes
33810,Lakeland,FL,yes
33811,Lakeland,FL,yes
33812,Lakeland,FL,yes
33813,Lakeland,FL,yes
33815,Lakeland,FL,yes
33823,Auburndale,FL,yes
33825,Avon Park,FL,yes
33827,Babson Park,FL,yes
33830,Bartow,FL,yes
33834,Bowling Green,FL,yes
33837,Davenport,FL,yes
33838,Dundee,FL,yes
33839,Eagle Lake,FL,yes
33841,Fort Meade,FL,yes
33843,Frostproof,FL,yes
33844,Haines City,FL,yes
33847,Homeland,FL,yes
33848,Intercession City,FL,yes
33849,Kathleen,FL,yes
33850,Lake Alfred,FL,yes
33851,Lake Hamilton,FL,yes
33852,Lake Placid,FL,yes
33853,Lake Wales,FL,yes
33854,Lakeshore,FL,yes
33855,Indian Lake Estates,FL,yes
33856,Nalcrest,FL,yes
33859,Lake Wales,FL,yes
33860,Mulberry,FL,yes
33865,Ona,FL,yes
33867,River Ranch,FL,yes
33868,Polk City,FL,yes
33873,Wauchula,FL,yes
33877,Waverly,FL,yes
33880,Winter Haven,FL,yes
33881,Winter Haven,FL,yes
33884,Winter Haven,FL,yes
33890,Zolfo Springs,FL,yes
33896,Davenport,FL,yes
33897,Davenport,FL,yes
33898,Lake Wales,FL,yes
33901,Fort Myers,FL,yes
33903,North Fort Myers,FL,yes
33904,Cape Coral,FL,yes
33905,Fort Myers,FL,yes
33907,Fort Myers,FL,yes
33908,Fort Myers,FL,yes
33909,Cape Coral,FL,yes
33912,Fort Myers,FL,yes
33913,Fort Myers,FL,yes
33914,Cape Coral,FL,yes
33916,Fort Myers,FL,yes
33917,North Fort Myers,FL,yes
33919,Fort Myers,FL,yes
33920,Alva,FL,yes
33921,Boca Grande,FL,yes
33922,Bokeelia,FL,yes
33924,Captiva,FL,yes
33928,Estero,FL,yes
33930,Felda,FL,yes
33931,Fort Myers Beach,FL,yes
33935,Labelle,FL,yes
33936,Lehigh Acres,FL,yes
33945,Pineland,FL,yes
33946,Placida,FL,yes
33947,Rotonda West,FL,yes
33948,Port Charlotte,FL,yes
33950,Punta Gorda,FL,yes
33952,Port Charlotte,FL,yes
33953,Port Charlotte,FL,yes
33954,Port Charlotte,FL,yes
33955,Punta Gorda,FL,yes
33956,Saint James City,FL,yes
33957,Sanibel,FL,yes
33965,Fort Myers,FL,yes
33966,Fort Myers,FL,yes
33967,Fort Myers,FL,yes
33971,Lehigh Acres,FL,yes
33972,Lehigh Acres,FL,yes
33973,Lehigh Acres,FL,yes
33974,Lehigh Acres,FL,yes
33976,Lehigh Acres,FL,yes
33980,Punta Gorda,FL,yes
33981,Port Charlotte,FL,yes
33982,Punta Gorda,FL,yes
33983,Punta Gorda,FL,yes
33990,Cape Coral,FL,yes
33991,Cape Coral,FL,yes
33993,Cape Coral,FL,yes
34101,Naples,FL,yes
34102,Naples,FL,yes
34103,Naples,FL,yes
34104,Naples,FL,yes
34105,Naples,FL,yes
34108,Naples,FL,yes
34109,Naples,FL,yes
34110,Naples,FL,yes
34112,Naples,FL,yes
34113,Naples,FL,yes
34114,Naples,FL,yes
34116,Naples,FL,yes
34117,Naples,FL,yes
34119,Naples,FL,yes
34120,Naples,FL,yes
34134,Bonita Springs,FL,yes
34135,Bonita Springs,FL,yes
34140,Goodland,FL,yes
34142,Immokalee,FL,yes
34145,Marco Island,FL,yes
34201,Bradenton,FL,yes
34202,Bradenton,FL,yes
34203,Bradenton,FL,yes
34205,Bradenton,FL,yes
34207,Bradenton,FL,yes
34208,Bradenton,FL,yes
34209,Bradenton,FL,yes
34210,Bradenton,FL,yes
34211,Bradenton,FL,yes
34212,Bradenton,FL,yes
34215,Cortez,FL,yes
34216,Anna Maria,FL,yes
34217,Bradenton Beach,FL,yes
34219,Parrish,FL,yes
34221,Palmetto,FL,yes
34222,Ellenton,FL,yes
34223,Englewood,FL,yes
34224,Englewood,FL,yes
34228,Longboat Key,FL,yes
34229,Osprey,FL,yes
34231,Sarasota,FL,yes
34232,Sarasota,FL,yes
34233,Sarasota,FL,yes
34235,Sarasota,FL,yes
34236,Sarasota,FL,yes
34237,Sarasota,FL,yes
34238,Sarasota,FL,yes
34239,Sarasota,FL,yes
34240,Sarasota,FL,yes
34241,Sarasota,FL,yes
34242,Sarasota,FL,yes
34243,Sarasota,FL,yes
34251,Myakka City,FL,yes
34266,Arcadia,FL,yes
34268,Nocatee,FL,yes
34269,Arcadia,FL,yes
34275,Nokomis,FL,yes
34285,Venice,FL,yes
34286,North Port,FL,yes
34287,North Port,FL,yes
34288,North Port,FL,yes
34289,North Port,FL,yes
34291,North Port,FL,yes
34292,Venice,FL,yes
34293,Venice,FL,yes
34420,Belleview,FL,yes
34429,Crystal River,FL,yes
34431,Dunnellon,FL,yes
34432,Dunnellon,FL,yes
34433,Dunnellon,FL,yes
34434,Dunnellon,FL,yes
34436,Floral City,FL,yes
34442,Hernando,FL,yes
34445,Holder,FL,yes
34446,Homosassa,FL,yes
34448,Homosassa,FL,yes
34450,Inverness,FL,yes
34452,Inverness,FL,yes
34453,Inverness,FL,yes
34461,Lecanto,FL,yes
34465,Beverly Hills,FL,yes
34470,Ocala,FL,yes
34471,Ocala,FL,yes
34472,Ocala,FL,yes
34473,Ocala,FL,yes
34474,Ocala,FL,yes
34475,Ocala,FL,yes
34476,Ocala,FL,yes
34479,Ocala,FL,yes
34480,Ocala,FL,yes
34481,Ocala,FL,yes
34482,Ocala,FL,yes
34484,Oxford,FL,yes
34488,Silver Springs,FL,yes
34491,Summerfield,FL,yes
34601,Brooksville,FL,yes
34602,Brooksville,FL,yes
34604,Brooksville,FL,yes
34606,Spring Hill,FL,yes
34607,Spring Hill,FL,yes
34608,Spring Hill,FL,yes
34609,Spring Hill,FL,yes
34610,Spring Hill,FL,yes
34613,Brooksville,FL,yes
34614,Brooksville,FL,yes
34637,Land O Lakes,FL,yes
34638,Land O Lakes,FL,yes
34639,Land O Lakes,FL,yes
34652,New Port Richey,FL,yes
34653,New Port Richey,FL,yes
34654,New Port Richey,FL,yes
34655,New Port Richey,FL,yes
34661,Nobleton,FL,yes
34667,Hudson,FL,yes
34668,Port Richey,FL,yes
34669,Hudson,FL,yes
34677,Oldsmar,FL,yes
34679,Aripeka,FL,yes
34681,Crystal Beach,FL,yes
34683,Palm Harbor,FL,yes
34684,Palm Harbor,FL,yes
34685,Palm Harbor,FL,yes
34688,Tarpon Springs,FL,yes
34689,Tarpon Springs,FL,yes
34690,Holiday,FL,yes
34691,Holiday,FL,yes
34695,Safety Harbor,FL,yes
34698,Dunedin,FL,yes
34705,Astatula,FL,yes
34711,Clermont,FL,yes
34714,Clermont,FL,yes
34715,Clermont,FL,yes
34731,Fruitland Park,FL,yes
34734,Gotha,FL,yes
34736,Groveland,FL,yes
34737,Howey In The Hills,FL,yes
34739,Kenansville,FL,yes
34741,Kissimmee,FL,yes
34743,Kissimmee,FL,yes
34744,Kissimmee,FL,yes
34746,Kissimmee,FL,yes
34747,Kissimmee,FL,yes
34748,Leesburg,FL,yes
34753,Mascotte,FL,yes
34756,Montverde,FL,yes
34758,Kissimmee,FL,yes
34759,Kissimmee,FL,yes
34760,Oakland,FL,yes
34761,Ocoee,FL,yes
34762,Okahumpka,FL,yes
34769,Saint Cloud,FL,yes
34771,Saint Cloud,FL,yes
34772,Saint Cloud,FL,yes
34773,Saint Cloud,FL,yes
34785,Wildwood,FL,yes
34786,Windermere,FL,yes
34787,Winter Garden,FL,yes
34788,Leesburg,FL,yes
34797,Yalaha,FL,yes
34945,Fort Pierce,FL,yes
34946,Fort Pierce,FL,yes
34947,Fort Pierce,FL,yes
34949,Fort Pierce,FL,yes
34950,Fort Pierce,FL,yes
34951,Fort Pierce,FL,yes
34952,Port Saint Lucie,FL,yes
34953,Port Saint Lucie,FL,yes
34956,Indiantown,FL,yes
34957,Jensen Beach,FL,yes
34972,Okeechobee,FL,yes
34974,Okeechobee,FL,yes
34981,Fort Pierce,FL,yes
34982,Fort Pierce,FL,yes
34983,Port Saint Lucie,FL,yes
34984,Port Saint Lucie,FL,yes
34986,Port Saint Lucie,FL,yes
34987,Port Saint Lucie,FL,yes
34990,Palm City,FL,yes
34994,Stuart,FL,yes
34996,Stuart,FL,yes
34997,Stuart,FL,yes
37010,Adams,TN,yes
37012,Alexandria,TN,yes
37013,Antioch,TN,yes
37014,Arrington,TN,yes
37015,Ashland City,TN,yes
37016,Auburntown,TN,yes
37020,Bell Buckle,TN,yes
37022,Bethpage,TN,yes
37025,Bon Aqua,TN,yes
37027,Brentwood,TN,yes
37029,Burns,TN,yes
37030,Carthage,TN,yes
37031,Castalian Springs,TN,yes
37032,Cedar Hill,TN,yes
37034,Chapel Hill,TN,yes
37035,Chapmansboro,TN,yes
37036,Charlotte,TN,yes
37037,Christiana,TN,yes
37040,Clarksville,TN,yes
37042,Clarksville,TN,yes
37043,Clarksville,TN,yes
37046,College Grove,TN,yes
37048,Cottontown,TN,yes
37049,Cross Plains,TN,yes
37051,Cumberland Furnace,TN,yes
37052,Cunningham,TN,yes
37055,Dickson,TN,yes
37057,Dixon Springs,TN,yes
37059,Dowelltown,TN,yes
37060,Eagleville,TN,yes
37062,Fairview,TN,yes
37064,Franklin,TN,yes
37066,Gallatin,TN,yes
37067,Franklin,TN,yes
37069,Franklin,TN,yes
37072,Goodlettsville,TN,yes
37073,Greenbrier,TN,yes
37074,Hartsville,TN,yes
37075,Hendersonville,TN,yes
37076,Hermitage,TN,yes
37080,Joelton,TN,yes
37082,Kingston Springs,TN,yes
37083,Lafayette,TN,yes
37085,Lascassas,TN,yes
37086,La Vergne,TN,yes
37087,Lebanon,TN,yes
37090,Lebanon,TN,yes
37091,Lewisburg,TN,yes
37095,Liberty,TN,yes
37115,Madison,TN,yes
37118,Milton,TN,yes
37122,Mount Juliet,TN,yes
37127,Murfreesboro,TN,yes
37128,Murfreesboro,TN,yes
37129,Murfreesboro,TN,yes
37130,Murfreesboro,TN,yes
37132,Murfreesboro,TN,yes
37135,Nolensville,TN,yes
37138,Old Hickory,TN,yes
37141,Orlinda,TN,yes
37143,Pegram,TN,yes
37145,Pleasant Shade,TN,yes
37146,Pleasant View,TN,yes
37148,Portland,TN,yes
37149,Readyville,TN,yes
37150,Red Boiling Springs,TN,yes
37151,Riddleton,TN,yes
37153,Rockvale,TN,yes
37165,Slayden,TN,yes
37167,Smyrna,TN,yes
37171,Southside,TN,yes
37172,Springfield,TN,yes
37174,Spring Hill,TN,yes
37179,Thompsons Station,TN,yes
37180,Unionville,TN,yes
37181,Vanleer,TN,yes
37184,Watertown,TN,yes
37186,Westmoreland,TN,yes
37187,White Bluff,TN,yes
37188,White House,TN,yes
37189,Whites Creek,TN,yes
37190,Woodbury,TN,yes
37201,Nashville,TN,yes
37203,Nashville,TN,yes
37204,Nashville,TN,yes
37205,Nashville,TN,yes
37206,Nashville,TN,yes
37207,Nashville,TN,yes
37208,Nashville,TN,yes
37209,Nashville,TN,yes
37210,Nashville,TN,yes
37211,Nashville,TN,yes
37212,Nashville,TN,yes
37213,Nashville,TN,yes
37214,Nashville,TN,yes
37215,Nashville,TN,yes
37216,Nashville,TN,yes
37217,Nashville,TN,yes
37218,Nashville,TN,yes
37219,Nashville,TN,yes
37220,Nashville,TN,yes
37221,Nashville,TN,yes
37228,Nashville,TN,yes
37240,Nashville,TN,yes
37243,Nashville,TN,yes
37246,Nashville,TN,yes
37725,Dandridge,TN,yes
37738,Gatlinburg,TN,yes
37760,Jefferson City,TN,yes
37764,Kodak,TN,yes
37862,Sevierville,TN,yes
37863,Pigeon Forge,TN,yes
37876,Sevierville,TN,yes
37877,Talbott,TN,yes
37882,Townsend,TN,yes
38401,Columbia,TN,yes
38476,Primm Springs,TN,yes
38482,Santa Fe,TN,yes
38487,Williamsport,TN,yes
38547,Brush Creek,TN,yes
38548,Buffalo Valley,TN,yes
38552,Chestnut Mound,TN,yes
38560,Elmwood,TN,yes
38563,Gordonsville,TN,yes
38564,Granville,TN,yes
38567,Hickman,TN,yes
38569,Lancaster,TN,yes
40022,Finchville,KY,yes
40023,Fisherville,KY,yes
40025,Glenview,KY,yes
40041,Masonic Home,KY,yes
40047,Mount Washington,KY,yes
40056,Pewee Valley,KY,yes
40059,Prospect,KY,yes
40065,Shelbyville,KY,yes
40067,Simpsonville,KY,yes
40109,Brooks,KY,yes
40110,Clermont,KY,yes
40118,Fairdale,KY,yes
40165,Shepherdsville,KY,yes
40177,West Point,KY,yes
40202,Louisville,KY,yes
40203,Louisville,KY,yes
40204,Louisville,KY,yes
40205,Louisville,KY,yes
40206,Louisville,KY,yes
40207,Louisville,KY,yes
40208,Louisville,KY,yes
40209,Louisville,KY,yes
40210,Louisville,KY,yes
40211,Louisville,KY,yes
40212,Louisville,KY,yes
40213,Louisville,KY,yes
40214,Louisville,KY,yes
40215,Louisville,KY,yes
40216,Louisville,KY,yes
40217,Louisville,KY,yes
40218,Louisville,KY,yes
40219,Louisville,KY,yes
40220,Louisville,KY,yes
40222,Louisville,KY,yes
40223,Louisville,KY,yes
40228,Louisville,KY,yes
40229,Louisville,KY,yes
40231,Louisville,KY,yes
40241,Louisville,KY,yes
40242,Louisville,KY,yes
40243,Louisville,KY,yes
40245,Louisville,KY,yes
40258,Louisville,KY,yes
40272,Louisville,KY,yes
40280,Louisville,KY,yes
40291,Louisville,KY,yes
40299,Louisville,KY,yes
40324,Georgetown,KY,yes
40347,Midway,KY,yes
40370,Sadieville,KY,yes
41001,Alexandria,KY,yes
41003,Berry,KY,yes
41005,Burlington,KY,yes
41006,Butler,KY,yes
41007,California,KY,yes
41010,Corinth,KY,yes
41011,Covington,KY,yes
41014,Covington,KY,yes
41015,Latonia,KY,yes
41016,Covington,KY,yes
41017,Ft Mitchell,KY,yes
41018,Erlanger,KY,yes
41030,Crittenden,KY,yes
41031,Cynthiana,KY,yes
41033,De Mossville,KY,yes
41042,Florence,KY,yes
41043,Foster,KY,yes
41048,Hebron,KY,yes
41051,Independence,KY,yes
41052,Jonesville,KY,yes
41059,Melbourne,KY,yes
41063,Morning View,KY,yes
41071,Newport,KY,yes
41073,Bellevue,KY,yes
41074,Dayton,KY,yes
41075,Fort Thomas,KY,yes
41076,Newport,KY,yes
41080,Petersburg,KY,yes
41085,Silver Grove,KY,yes
41091,Union,KY,yes
41092,Verona,KY,yes
41094,Walton,KY,yes
41099,Newport,KY,yes
43001,Alexandria,OH,yes
43002,Amlin,OH,yes
43003,Ashley,OH,yes
43004,Blacklick,OH,yes
43005,Bladensburg,OH,yes
43008,Buckeye Lake,OH,yes
43011,Centerburg,OH,yes
43013,Croton,OH,yes
43015,Delaware,OH,yes
43016,Dublin,OH,yes
43017,Dublin,OH,yes
43019,Fredericktown,OH,yes
43021,Galena,OH,yes
43022,Gambier,OH,yes
43023,Granville,OH,yes
43025,Hebron,OH,yes
43026,Hilliard,OH,yes
43028,Howard,OH,yes
43029,Irwin,OH,yes
43030,Jacksontown,OH,yes
43031,Johnstown,OH,yes
43033,Kirkersville,OH,yes
43035,Lewis Center,OH,yes
43036,Magnetic Springs,OH,yes
43037,Martinsburg,OH,yes
43040,Marysville,OH,yes
43045,Milford Center,OH,yes
43046,Millersport,OH,yes
43050,Mount Vernon,OH,yes
43054,New Albany,OH,yes
43055,Newark,OH,yes
43056,Heath,OH,yes
43061,Ostrander,OH,yes
43062,Pataskala,OH,yes
43064,Plain City,OH,yes
43065,Powell,OH,yes
43066,Radnor,OH,yes
43067,Raymond,OH,yes
43068,Reynoldsburg,OH,yes
43071,Saint Louisville,OH,yes
43074,Sunbury,OH,yes
43076,Thornville,OH,yes
43077,Unionville Center,OH,yes
43080,Utica,OH,yes
43081,Westerville,OH,yes
43082,Westerville,OH,yes
43085,Columbus,OH,yes
43102,Amanda,OH,yes
43103,Ashville,OH,yes
43105,Baltimore,OH,yes
43107,Bremen,OH,yes
43109,Brice,OH,yes
43110,Canal Winchester,OH,yes
43112,Carroll,OH,yes
43113,Circleville,OH,yes
43116,Commercial Point,OH,yes
43117,Derby,OH,yes
43119,Galloway,OH,yes
43123,Grove City,OH,yes
43125,Groveport,OH,yes
43126,Harrisburg,OH,yes
43130,Lancaster,OH,yes
43136,Lithopolis,OH,yes
43137,Lockbourne,OH,yes
43140,London,OH,yes
43143,Mount Sterling,OH,yes
43146,Orient,OH,yes
43147,Pickerington,OH,yes
43148,Pleasantville,OH,yes
43150,Rushville,OH,yes
43151,Sedalia,OH,yes
43153,South Solon,OH,yes
43154,Stoutsville,OH,yes
43155,Sugar Grove,OH,yes
43157,Thurston,OH,yes
43162,West Jefferson,OH,yes
43201,Columbus,OH,yes
43202,Columbus,OH,yes
43203,Columbus,OH,yes
43204,Columbus,OH,yes
43205,Columbus,OH,yes
43206,Columbus,OH,yes
43207,Columbus,OH,yes
43209,Columbus,OH,yes
43210,Columbus,OH,yes
43211,Columbus,OH,yes
43212,Columbus,OH,yes
43213,Columbus,OH,yes
43214,Columbus,OH,yes
43215,Columbus,OH,yes
43217,Columbus,OH,yes
43219,Columbus,OH,yes
43220,Columbus,OH,yes
43221,Columbus,OH,yes
43222,Columbus,OH,yes
43223,Columbus,OH,yes
43224,Columbus,OH,yes
43227,Columbus,OH,yes
43228,Columbus,OH,yes
43229,Columbus,OH,yes
43230,Columbus,OH,yes
43231,Columbus,OH,yes
43232,Columbus,OH,yes
43235,Columbus,OH,yes
43240,Columbus,OH,yes
43302,Marion,OH,yes
43314,Caledonia,OH,yes
43315,Cardington,OH,yes
43317,Chesterville,OH,yes
43320,Edison,OH,yes
43321,Fulton,OH,yes
43322,Green Camp,OH,yes
43334,Marengo,OH,yes
43338,Mount Gilead,OH,yes
43341,New Bloomington,OH,yes
43342,Prospect,OH,yes
43344,Richwood,OH,yes
43356,Waldo,OH,yes
43721,Brownsville,OH,yes
43740,Gratiot,OH,yes
43920,East Liverpool,OH,yes
43962,Summitville,OH,yes
44011,Avon,OH,yes
44012,Avon Lake,OH,yes
44017,Berea,OH,yes
44021,Burton,OH,yes
44022,Chagrin Falls,OH,yes
44023,Chagrin Falls,OH,yes
44024,Chardon,OH,yes
44026,Chesterland,OH,yes
44028,Columbia Station,OH,yes
44039,North Ridgeville,OH,yes
44040,Gates Mills,OH,yes
44045,Grand River,OH,yes
44046,Huntsburg,OH,yes
44054,Sheffield Lake,OH,yes
44056,Macedonia,OH,yes
44060,Mentor,OH,yes
44062,Middlefield,OH,yes
44064,Montville,OH,yes
44065,Newbury,OH,yes
44067,Northfield,OH,yes
44070,North Olmsted,OH,yes
44072,Novelty,OH,yes
44077,Painesville,OH,yes
44080,Parkman,OH,yes
44081,Perry,OH,yes
44086,Thompson,OH,yes
44087,Twinsburg,OH,yes
44092,Wickliffe,OH,yes
44094,Willoughby,OH,yes
44095,Eastlake,OH,yes
44101,Cleveland,OH,yes
44102,Cleveland,OH,yes
44103,Cleveland,OH,yes
44107,Lakewood,OH,yes
44108,Cleveland,OH,yes
44109,Cleveland,OH,yes
44111,Cleveland,OH,yes
44113,Cleveland,OH,yes
44114,Cleveland,OH,yes
44115,Cleveland,OH,yes
44116,Rocky River,OH,yes
44117,Euclid,OH,yes
44118,Cleveland,OH,yes
44119,Cleveland,OH,yes
44120,Cleveland,OH,yes
44121,Cleveland,OH,yes
44122,Beachwood,OH,yes
44123,Euclid,OH,yes
44124,Cleveland,OH,yes
44125,Cleveland,OH,yes
44126,Cleveland,OH,yes
44128,Cleveland,OH,yes
44129,Cleveland,OH,yes
44130,Cleveland,OH,yes
44131,Independence,OH,yes
44132,Euclid,OH,yes
44133,North Royalton,OH,yes
44134,Cleveland,OH,yes
44135,Cleveland,OH,yes
44136,Strongsville,OH,yes
44137,Maple Heights,OH,yes
44138,Olmsted Falls,OH,yes
44139,Solon,OH,yes
44140,Bay Village,OH,yes
44141,Brecksville,OH,yes
44142,Brookpark,OH,yes
44143,Cleveland,OH,yes
44144,Cleveland,OH,yes
44145,Westlake,OH,yes
44146,Bedford,OH,yes
44147,Broadview Heights,OH,yes
44149,Strongsville,OH,yes
44201,Atwater,OH,yes
44202,Aurora,OH,yes
44203,Barberton,OH,yes
44212,Brunswick,OH,yes
44215,Chippewa Lake,OH,yes
44216,Clinton,OH,yes
44221,Cuyahoga Falls,OH,yes
44223,Cuyahoga Falls,OH,yes
44224,Stow,OH,yes
44233,Hinckley,OH,yes
44235,Homerville,OH,yes
44236,Hudson,OH,yes
44240,Kent,OH,yes
44241,Streetsboro,OH,yes
44243,Kent,OH,yes
44250,Lakemore,OH,yes
44251,Westfield Center,OH,yes
44253,Litchfield,OH,yes
44254,Lodi,OH,yes
44255,Mantua,OH,yes
44256,Medina,OH,yes
44260,Mogadore,OH,yes
44262,Munroe Falls,OH,yes
44264,Peninsula,OH,yes
44265,Randolph,OH,yes
44266,Ravenna,OH,yes
44272,Rootstown,OH,yes
44273,Seville,OH,yes
44274,Sharon Center,OH,yes
44275,Spencer,OH,yes
44278,Tallmadge,OH,yes
44280,Valley City,OH,yes
44281,Wadsworth,OH,yes
44286,Richfield,OH,yes
44301,Akron,OH,yes
44302,Akron,OH,yes
44303,Akron,OH,yes
44304,Akron,OH,yes
44305,Akron,OH,yes
44306,Akron,OH,yes
44307,Akron,OH,yes
44308,Akron,OH,yes
44310,Akron,OH,yes
44311,Akron,OH,yes
44312,Akron,OH,yes
44313,Akron,OH,yes
44314,Akron,OH,yes
44319,Akron,OH,yes
44320,Akron,OH,yes
44321,Akron,OH,yes
44333,Akron,OH,yes
44401,Berlin Center,OH,yes
44411,Deerfield,OH,yes
44412,Diamond,OH,yes
44429,Lake Milton,OH,yes
44449,North Benton,OH,yes
44601,Alliance,OH,yes
44614,Canal Fulton,OH,yes
44626,East Sparta,OH,yes
44632,Hartville,OH,yes
44640,Limaville,OH,yes
44641,Louisville,OH,yes
44646,Massillon,OH,yes
44647,Massillon,OH,yes
44652,Middlebranch,OH,yes
44657,Minerva,OH,yes
44662,Navarre,OH,yes
44666,North Lawrence,OH,yes
44669,Paris,OH,yes
44670,Robertsville,OH,yes
44672,Sebring,OH,yes
44685,Uniontown,OH,yes
44688,Waynesburg,OH,yes
44702,Canton,OH,yes
44703,Canton,OH,yes
44704,Canton,OH,yes
44705,Canton,OH,yes
44706,Canton,OH,yes
44707,Canton,OH,yes
44708,Canton,OH,yes
44709,Canton,OH,yes
44710,Canton,OH,yes
44714,Canton,OH,yes
44718,Canton,OH,yes
44720,North Canton,OH,yes
44721,Canton,OH,yes
44730,East Canton,OH,yes
44813,Bellville,OH,yes
44822,Butler,OH,yes
45001,Addyston,OH,yes
45002,Cleves,OH,yes
45003,College Corner,OH,yes
45005,Franklin,OH,yes
45011,Hamilton,OH,yes
45013,Hamilton,OH,yes
45014,Fairfield,OH,yes
45015,Hamilton,OH,yes
45030,Harrison,OH,yes
45032,Harveysburg,OH,yes
45033,Hooven,OH,yes
45034,Kings Mills,OH,yes
45036,Lebanon,OH,yes
45039,Maineville,OH,yes
45040,Mason,OH,yes
45041,Miamitown,OH,yes
45042,Middletown,OH,yes
45044,Middletown,OH,yes
45050,Monroe,OH,yes
45051,Mount Saint Joseph,OH,yes
45052,North Bend,OH,yes
45053,Okeana,OH,yes
45054,Oregonia,OH,yes
45056,Oxford,OH,yes
45062,Seven Mile,OH,yes
45064,Somerville,OH,yes
45065,South Lebanon,OH,yes
45066,Springboro,OH,yes
45067,Trenton,OH,yes
45068,Waynesville,OH,yes
45069,West Chester,OH,yes
45070,West Elkton,OH,yes
45102,Amelia,OH,yes
45103,Batavia,OH,yes
45106,Bethel,OH,yes
45107,Blanchester,OH,yes
45111,Camp Dennison,OH,yes
45112,Chilo,OH,yes
45113,Clarksville,OH,yes
45118,Fayetteville,OH,yes
45120,Felicity,OH,yes
45122,Goshen,OH,yes
45130,Hamersville,OH,yes
45140,Loveland,OH,yes
45142,Lynchburg,OH,yes
45146,Martinsville,OH,yes
45147,Miamiville,OH,yes
45148,Midland,OH,yes
45150,Milford,OH,yes
45152,Morrow,OH,yes
45153,Moscow,OH,yes
45154,Mount Orab,OH,yes
45156,Neville,OH,yes
45157,New Richmond,OH,yes
45158,Newtonsville,OH,yes
45159,New Vienna,OH,yes
45160,Owensville,OH,yes
45162,Pleasant Plain,OH,yes
45164,Port William,OH,yes
45166,Reesville,OH,yes
45169,Sabina,OH,yes
45174,Terrace Park,OH,yes
45176,Williamsburg,OH,yes
45177,Wilmington,OH,yes
45202,Cincinnati,OH,yes
45203,Cincinnati,OH,yes
45204,Cincinnati,OH,yes
45205,Cincinnati,OH,yes
45206,Cincinnati,OH,yes
45207,Cincinnati,OH,yes
45208,Cincinnati,OH,yes
45209,Cincinnati,OH,yes
45211,Cincinnati,OH,yes
45212,Cincinnati,OH,yes
45213,Cincinnati,OH,yes
45214,Cincinnati,OH,yes
45215,Cincinnati,OH,yes
45216,Cincinnati,OH,yes
45217,Cincinnati,OH,yes
45218,Cincinnati,OH,yes
45219,Cincinnati,OH,yes
45220,Cincinnati,OH,yes
45223,Cincinnati,OH,yes
45224,Cincinnati,OH,yes
45225,Cincinnati,OH,yes
45226,Cincinnati,OH,yes
45227,Cincinnati,OH,yes
45229,Cincinnati,OH,yes
45230,Cincinnati,OH,yes
45231,Cincinnati,OH,yes
45232,Cincinnati,OH,yes
45233,Cincinnati,OH,yes
45236,Cincinnati,OH,yes
45237,Cincinnati,OH,yes
45238,Cincinnati,OH,yes
45239,Cincinnati,OH,yes
45240,Cincinnati,OH,yes
45241,Cincinnati,OH,yes
45242,Cincinnati,OH,yes
45243,Cincinnati,OH,yes
45244,Cincinnati,OH,yes
45245,Cincinnati,OH,yes
45246,Cincinnati,OH,yes
45247,Cincinnati,OH,yes
45248,Cincinnati,OH,yes
45249,Cincinnati,OH,yes
45251,Cincinnati,OH,yes
45252,Cincinnati,OH,yes
45255,Cincinnati,OH,yes
45301,Alpha,OH,yes
45305,Bellbrook,OH,yes
45307,Bowersville,OH,yes
45309,Brookville,OH,yes
45311,Camden,OH,yes
45315,Clayton,OH,yes
45322,Englewood,OH,yes
45324,Fairborn,OH,yes
45325,Farmersville,OH,yes
45327,Germantown,OH,yes
45330,Gratis,OH,yes
45335,Jamestown,OH,yes
45342,Miamisburg,OH,yes
45345,New Lebanon,OH,yes
45368,South Charleston,OH,yes
45370,Spring Valley,OH,yes
45377,Vandalia,OH,yes
45381,West Alexandria,OH,yes
45384,Wilberforce,OH,yes
45385,Xenia,OH,yes
45387,Yellow Springs,OH,yes
45402,Dayton,OH,yes
45403,Dayton,OH,yes
45404,Dayton,OH,yes
45405,Dayton,OH,yes
45406,Dayton,OH,yes
45409,Dayton,OH,yes
45410,Dayton,OH,yes
45414,Dayton,OH,yes
45415,Dayton,OH,yes
45416,Dayton,OH,yes
45417,Dayton,OH,yes
45419,Dayton,OH,yes
45420,Dayton,OH,yes
45424,Dayton,OH,yes
45426,Dayton,OH,yes
45428,Dayton,OH,yes
45429,Dayton,OH,yes
45430,Dayton,OH,yes
45431,Dayton,OH,yes
45432,Dayton,OH,yes
45433,Dayton,OH,yes
45434,Dayton,OH,yes
45439,Dayton,OH,yes
45440,Dayton,OH,yes
45449,Dayton,OH,yes
45458,Dayton,OH,yes
45459,Dayton,OH,yes
46001,Alexandria,IN,yes
46011,Anderson,IN,yes
46012,Anderson,IN,yes
46013,Anderson,IN,yes
46016,Anderson,IN,yes
46017,Anderson,IN,yes
46030,Arcadia,IN,yes
46031,Atlanta,IN,yes
46032,Carmel,IN,yes
46033,Carmel,IN,yes
46034,Cicero,IN,yes
46036,Elwood,IN,yes
46037,Fishers,IN,yes
46038,Fishers,IN,yes
46040,Fortville,IN,yes
46044,Frankton,IN,yes
46048,Ingalls,IN,yes
46049,Kempton,IN,yes
46051,Lapel,IN,yes
46052,Lebanon,IN,yes
46055,Mccordsville,IN,yes
46056,Markleville,IN,yes
46060,Noblesville,IN,yes
46062,Noblesville,IN,yes
46064,Pendleton,IN,yes
46069,Sheridan,IN,yes
46072,Tipton,IN,yes
46074,Westfield,IN,yes
46075,Whitestown,IN,yes
46077,Zionsville,IN,yes
46106,Bargersville,IN,yes
46107,Beech Grove,IN,yes
46110,Boggstown,IN,yes
46111,Brooklyn,IN,yes
46112,Brownsburg,IN,yes
46113,Camby,IN,yes
46117,Charlottesville,IN,yes
46118,Clayton,IN,yes
46122,Danville,IN,yes
46123,Avon,IN,yes
46124,Edinburgh,IN,yes
46126,Fairland,IN,yes
46130,Fountaintown,IN,yes
46131,Franklin,IN,yes
46140,Greenfield,IN,yes
46142,Greenwood,IN,yes
46143,Greenwood,IN,yes
46148,Knightstown,IN,yes
46149,Lizton,IN,yes
46151,Martinsville,IN,yes
46157,Monrovia,IN,yes
46158,Mooresville,IN,yes
46160,Morgantown,IN,yes
46161,Morristown,IN,yes
46162,Needham,IN,yes
46163,New Palestine,IN,yes
46167,Pittsboro,IN,yes
46168,Plainfield,IN,yes
46176,Shelbyville,IN,yes
46181,Trafalgar,IN,yes
46183,West Newton,IN,yes
46184,Whiteland,IN,yes
46186,Wilkinson,IN,yes
46201,Indianapolis,IN,yes
46202,Indianapolis,IN,yes
46203,Indianapolis,IN,yes
46204,Indianapolis,IN,yes
46205,Indianapolis,IN,yes
46208,Indianapolis,IN,yes
46214,Indianapolis,IN,yes
46216,Indianapolis,IN,yes
46217,Indianapolis,IN,yes
46218,Indianapolis,IN,yes
46219,Indianapolis,IN,yes
46220,Indianapolis,IN,yes
46221,Indianapolis,IN,yes
46222,Indianapolis,IN,yes
46224,Indianapolis,IN,yes
46225,Indianapolis,IN,yes
46226,Indianapolis,IN,yes
46227,Indianapolis,IN,yes
46228,Indianapolis,IN,yes
46229,Indianapolis,IN,yes
46231,Indianapolis,IN,yes
46234,Indianapolis,IN,yes
46235,Indianapolis,IN,yes
46236,Indianapolis,IN,yes
46237,Indianapolis,IN,yes
46239,Indianapolis,IN,yes
46240,Indianapolis,IN,yes
46241,Indianapolis,IN,yes
46250,Indianapolis,IN,yes
46254,Indianapolis,IN,yes
46256,Indianapolis,IN,yes
46259,Indianapolis,IN,yes
46260,Indianapolis,IN,yes
46268,Indianapolis,IN,yes
46278,Indianapolis,IN,yes
46280,Indianapolis,IN,yes
46290,Indianapolis,IN,yes
47003,West College Corner,IN,yes
47025,Lawrenceburg,IN,yes
47060,West Harrison,IN,yes
47337,Dunreith,IN,yes
47344,Greensboro,IN,yes
47351,Kennard,IN,yes
47356,Middletown,IN,yes
47361,Mount Summit,IN,yes
47362,New Castle,IN,yes
47384,Shirley,IN,yes
47385,Spiceland,IN,yes
47386,Springport,IN,yes
47387,Straughn,IN,yes
47388,Sulphur Springs,IN,yes
48009,Birmingham,MI,yes
48015,Center Line,MI,yes
48017,Clawson,MI,yes
48021,Eastpointe,MI,yes
48025,Franklin,MI,yes
48026,Fraser,MI,yes
48030,Hazel Park,MI,yes
48033,Southfield,MI,yes
48034,Southfield,MI,yes
48035,Clinton Township,MI,yes
48036,Clinton Township,MI,yes
48038,Clinton Township,MI,yes
48042,Macomb,MI,yes
48043,Mount Clemens,MI,yes
48044,Macomb,MI,yes
48045,Harrison Township,MI,yes
48066,Roseville,MI,yes
48067,Royal Oak,MI,yes
48069,Pleasant Ridge,MI,yes
48070,Huntington Woods,MI,yes
48071,Madison Heights,MI,yes
48072,Berkley,MI,yes
48073,Royal Oak,MI,yes
48075,Southfield,MI,yes
48076,Southfield,MI,yes
48080,Saint Clair Shores,MI,yes
48081,Saint Clair Shores,MI,yes
48082,Saint Clair Shores,MI,yes
48083,Troy,MI,yes
48084,Troy,MI,yes
48085,Troy,MI,yes
48088,Warren,MI,yes
48089,Warren,MI,yes
48091,Warren,MI,yes
48092,Warren,MI,yes
48093,Warren,MI,yes
48094,Washington,MI,yes
48095,Washington,MI,yes
48098,Troy,MI,yes
48101,Allen Park,MI,yes
48103,Ann Arbor,MI,yes
48104,Ann Arbor,MI,yes
48105,Ann Arbor,MI,yes
48108,Ann Arbor,MI,yes
48109,Ann Arbor,MI,yes
48111,Belleville,MI,yes
48114,Brighton,MI,yes
48116,Brighton,MI,yes
48117,Carleton,MI,yes
48118,Chelsea,MI,yes
48120,Dearborn,MI,yes
48122,Melvindale,MI,yes
48124,Dearborn,MI,yes
48125,Dearborn Heights,MI,yes
48126,Dearborn,MI,yes
48127,Dearborn Heights,MI,yes
48128,Dearborn,MI,yes
48130,Dexter,MI,yes
48131,Dundee,MI,yes
48134,Flat Rock,MI,yes
48135,Garden City,MI,yes
48137,Gregory,MI,yes
48138,Grosse Ile,MI,yes
48139,Hamburg,MI,yes
48140,Ida,MI,yes
48141,Inkster,MI,yes
48143,Lakeland,MI,yes
48145,La Salle,MI,yes
48146,Lincoln Park,MI,yes
48150,Livonia,MI,yes
48152,Livonia,MI,yes
48154,Livonia,MI,yes
48157,Luna Pier,MI,yes
48158,Manchester,MI,yes
48159,Maybee,MI,yes
48160,Milan,MI,yes
48161,Monroe,MI,yes
48162,Monroe,MI,yes
48164,New Boston,MI,yes
48165,New Hudson,MI,yes
48166,Newport,MI,yes
48167,Northville,MI,yes
48168,Northville,MI,yes
48169,Pinckney,MI,yes
48170,Plymouth,MI,yes
48173,Rockwood,MI,yes
48174,Romulus,MI,yes
48176,Saline,MI,yes
48178,South Lyon,MI,yes
48179,South Rockwood,MI,yes
48180,Taylor,MI,yes
48183,Trenton,MI,yes
48184,Wayne,MI,yes
48185,Westland,MI,yes
48186,Westland,MI,yes
48187,Canton,MI,yes
48188,Canton,MI,yes
48189,Whitmore Lake,MI,yes
48190,Whittaker,MI,yes
48191,Willis,MI,yes
48192,Wyandotte,MI,yes
48193,Riverview,MI,yes
48195,Southgate,MI,yes
48197,Ypsilanti,MI,yes
48198,Ypsilanti,MI,yes
48220,Ferndale,MI,yes
48225,Harper Woods,MI,yes
48229,Ecorse,MI,yes
48230,Grosse Pointe,MI,yes
48236,Grosse Pointe,MI,yes
48237,Oak Park,MI,yes
48239,Redford,MI,yes
48240,Redford,MI,yes
48301,Bloomfield Hills,MI,yes
48302,Bloomfield Hills,MI,yes
48304,Bloomfield Hills,MI,yes
48306,Rochester,MI,yes
48307,Rochester,MI,yes
48309,Rochester,MI,yes
48310,Sterling Heights,MI,yes
48312,Sterling Heights,MI,yes
48313,Sterling Heights,MI,yes
48314,Sterling Heights,MI,yes
48315,Utica,MI,yes
48316,Utica,MI,yes
48317,Utica,MI,yes
48320,Keego Harbor,MI,yes
48322,West Bloomfield,MI,yes
48323,West Bloomfield,MI,yes
48324,West Bloomfield,MI,yes
48326,Auburn Hills,MI,yes
48327,Waterford,MI,yes
48328,Waterford,MI,yes
48329,Waterford,MI,yes
48331,Farmington,MI,yes
48334,Farmington,MI,yes
48335,Farmington,MI,yes
48336,Farmington,MI,yes
48340,Pontiac,MI,yes
48341,Pontiac,MI,yes
48342,Pontiac,MI,yes
48346,Clarkston,MI,yes
48348,Clarkston,MI,yes
48350,Davisburg,MI,yes
48353,Hartland,MI,yes
48356,Highland,MI,yes
48357,Highland,MI,yes
48359,Lake Orion,MI,yes
48360,Lake Orion,MI,yes
48362,Lake Orion,MI,yes
48363,Oakland,MI,yes
48367,Leonard,MI,yes
48370,Oxford,MI,yes
48371,Oxford,MI,yes
48374,Novi,MI,yes
48375,Novi,MI,yes
48377,Novi,MI,yes
48380,Milford,MI,yes
48381,Milford,MI,yes
48382,Commerce Township,MI,yes
48383,White Lake,MI,yes
48386,White Lake,MI,yes
48390,Walled Lake,MI,yes
48393,Wixom,MI,yes
48397,Warren,MI,yes
48430,Fenton,MI,yes
48442,Holly,MI,yes
48462,Ortonville,MI,yes
48809,Belding,MI,yes
48815,Clarksville,MI,yes
48819,Dansville,MI,yes
48836,Fowlerville,MI,yes
48838,Greenville,MI,yes
48840,Haslett,MI,yes
48842,Holt,MI,yes
48843,Howell,MI,yes
48846,Ionia,MI,yes
48849,Lake Odessa,MI,yes
48854,Mason,MI,yes
48855,Howell,MI,yes
48857,Morrice,MI,yes
48861,Mulliken,MI,yes
48864,Okemos,MI,yes
48865,Orleans,MI,yes
48872,Perry,MI,yes
48875,Portland,MI,yes
48881,Saranac,MI,yes
48890,Sunfield,MI,yes
48892,Webberville,MI,yes
48895,Williamston,MI,yes
48897,Woodland,MI,yes
49001,Kalamazoo,MI,yes
49002,Portage,MI,yes
49004,Kalamazoo,MI,yes
49006,Kalamazoo,MI,yes
49007,Kalamazoo,MI,yes
49008,Kalamazoo,MI,yes
49009,Kalamazoo,MI,yes
49010,Allegan,MI,yes
49012,Augusta,MI,yes
49013,Bangor,MI,yes
49014,Battle Creek,MI,yes
49015,Battle Creek,MI,yes
49017,Battle Creek,MI,yes
49024,Portage,MI,yes
49034,Climax,MI,yes
49037,Battle Creek,MI,yes
49046,Delton,MI,yes
49048,Kalamazoo,MI,yes
49050,Dowling,MI,yes
49051,East Leroy,MI,yes
49053,Galesburg,MI,yes
49058,Hastings,MI,yes
49060,Hickory Corners,MI,yes
49064,Lawrence,MI,yes
49070,Martin,MI,yes
49071,Mattawan,MI,yes
49073,Nashville,MI,yes
49074,Nazareth,MI,yes
49078,Otsego,MI,yes
49079,Paw Paw,MI,yes
49080,Plainwell,MI,yes
49083,Richland,MI,yes
49087,Schoolcraft,MI,yes
49088,Scotts,MI,yes
49096,Vermontville,MI,yes
49229,Britton,MI,yes
49236,Clinton,MI,yes
49238,Deerfield,MI,yes
49251,Leslie,MI,yes
49259,Munith,MI,yes
49264,Onondaga,MI,yes
49270,Petersburg,MI,yes
49272,Pleasant Lake,MI,yes
49285,Stockbridge,MI,yes
49286,Tecumseh,MI,yes
49287,Tipton,MI,yes
49301,Ada,MI,yes
49302,Alto,MI,yes
49303,Bailey,MI,yes
49306,Belmont,MI,yes
49315,Byron Center,MI,yes
49316,Caledonia,MI,yes
49318,Casnovia,MI,yes
49319,Cedar Springs,MI,yes
49321,Comstock Park,MI,yes
49323,Dorr,MI,yes
49325,Freeport,MI,yes
49326,Gowen,MI,yes
49327,Grant,MI,yes
49328,Hopkins,MI,yes
49330,Kent City,MI,yes
49331,Lowell,MI,yes
49333,Middleville,MI,yes
49335,Moline,MI,yes
49341,Rockford,MI,yes
49343,Sand Lake,MI,yes
49344,Shelbyville,MI,yes
49345,Sparta,MI,yes
49348,Wayland,MI,yes
49401,Allendale,MI,yes
49403,Conklin,MI,yes
49404,Coopersville,MI,yes
49415,Fruitport,MI,yes
49417,Grand Haven,MI,yes
49418,Grandville,MI,yes
49419,Hamilton,MI,yes
49423,Holland,MI,yes
49424,Holland,MI,yes
49426,Hudsonville,MI,yes
49428,Jenison,MI,yes
49434,Macatawa,MI,yes
49435,Marne,MI,yes
49448,Nunica,MI,yes
49451,Ravenna,MI,yes
49453,Saugatuck,MI,yes
49456,Spring Lake,MI,yes
49460,West Olive,MI,yes
49464,Zeeland,MI,yes
49503,Grand Rapids,MI,yes
49504,Grand Rapids,MI,yes
49505,Grand Rapids,MI,yes
49506,Grand Rapids,MI,yes
49507,Grand Rapids,MI,yes
49508,Grand Rapids,MI,yes
49509,Wyoming,MI,yes
49512,Grand Rapids,MI,yes
49519,Wyoming,MI,yes
49525,Grand Rapids,MI,yes
49534,Grand Rapids,MI,yes
49544,Grand Rapids,MI,yes
49546,Grand Rapids,MI,yes
49548,Grand Rapids,MI,yes
51501,Council Bluffs,IA,yes
51503,Council Bluffs,IA,yes
51510,Carter Lake,IA,yes
51525,Carson,IA,yes
51526,Crescent,IA,yes
51533,Emerson,IA,yes
51534,Glenwood,IA,yes
51536,Hancock,IA,yes
51540,Hastings,IA,yes
51541,Henderson,IA,yes
51542,Honey Creek,IA,yes
51546,Logan,IA,yes
51548,Mc Clelland,IA,yes
51549,Macedonia,IA,yes
51550,Magnolia,IA,yes
51551,Malvern,IA,yes
51553,Minden,IA,yes
51554,Mineola,IA,yes
51555,Missouri Valley,IA,yes
51556,Modale,IA,yes
51559,Neola,IA,yes
51560,Oakland,IA,yes
51561,Pacific Junction,IA,yes
51563,Persia,IA,yes
51570,Shelby,IA,yes
51571,Silver City,IA,yes
51575,Treynor,IA,yes
51576,Underwood,IA,yes
51648,Percival,IA,yes
51649,Randolph,IA,yes
51652,Sidney,IA,yes
51653,Tabor,IA,yes
51654,Thurman,IA,yes
53001,Adell,WI,yes
53002,Allenton,WI,yes
53003,Ashippun,WI,yes
53004,Belgium,WI,yes
53005,Brookfield,WI,yes
53007,Butler,WI,yes
53012,Cedarburg,WI,yes
53013,Cedar Grove,WI,yes
53016,Clyman,WI,yes
53017,Colgate,WI,yes
53018,Delafield,WI,yes
53021,Fredonia,WI,yes
53022,Germantown,WI,yes
53024,Grafton,WI,yes
53027,Hartford,WI,yes
53029,Hartland,WI,yes
53032,Horicon,WI,yes
53033,Hubertus,WI,yes
53034,Hustisford,WI,yes
53035,Iron Ridge,WI,yes
53036,Ixonia,WI,yes
53037,Jackson,WI,yes
53038,Johnson Creek,WI,yes
53039,Juneau,WI,yes
53040,Kewaskum,WI,yes
53045,Brookfield,WI,yes
53046,Lannon,WI,yes
53047,Lebanon,WI,yes
53048,Lomira,WI,yes
53050,Mayville,WI,yes
53051,Menomonee Falls,WI,yes
53058,Nashotah,WI,yes
53059,Neosho,WI,yes
53066,Oconomowoc,WI,yes
53069,Okauchee,WI,yes
53070,Oostburg,WI,yes
53072,Pewaukee,WI,yes
53074,Port Washington,WI,yes
53075,Random Lake,WI,yes
53076,Richfield,WI,yes
53078,Rubicon,WI,yes
53080,Saukville,WI,yes
53086,Slinger,WI,yes
53089,Sussex,WI,yes
53090,West Bend,WI,yes
53091,Theresa,WI,yes
53092,Mequon,WI,yes
53093,Waldo,WI,yes
53094,Watertown,WI,yes
53095,West Bend,WI,yes
53097,Mequon,WI,yes
53098,Watertown,WI,yes
53103,Big Bend,WI,yes
53104,Bristol,WI,yes
53105,Burlington,WI,yes
53108,Caledonia,WI,yes
53110,Cudahy,WI,yes
53114,Darien,WI,yes
53115,Delavan,WI,yes
53118,Dousman,WI,yes
53119,Eagle,WI,yes
53120,East Troy,WI,yes
53121,Elkhorn,WI,yes
53122,Elm Grove,WI,yes
53125,Fontana,WI,yes
53126,Franksville,WI,yes
53128,Genoa City,WI,yes
53129,Greendale,WI,yes
53130,Hales Corners,WI,yes
53132,Franklin,WI,yes
53137,Helenville,WI,yes
53139,Kansasville,WI,yes
53140,Kenosha,WI,yes
53142,Kenosha,WI,yes
53143,Kenosha,WI,yes
53144,Kenosha,WI,yes
53146,New Berlin,WI,yes
53147,Lake Geneva,WI,yes
53149,Mukwonago,WI,yes
53150,Muskego,WI,yes
53151,New Berlin,WI,yes
53153,North Prairie,WI,yes
53154,Oak Creek,WI,yes
53156,Palmyra,WI,yes
53158,Pleasant Prairie,WI,yes
53167,Rochester,WI,yes
53168,Salem,WI,yes
53170,Silver Lake,WI,yes
53172,South Milwaukee,WI,yes
53177,Sturtevant,WI,yes
53178,Sullivan,WI,yes
53179,Trevor,WI,yes
53181,Twin Lakes,WI,yes
53182,Union Grove,WI,yes
53183,Wales,WI,yes
53184,Walworth,WI,yes
53185,Waterford,WI,yes
53186,Waukesha,WI,yes
53188,Waukesha,WI,yes
53189,Waukesha,WI,yes
53190,Whitewater,WI,yes
53191,Williams Bay,WI,yes
53192,Wilmot,WI,yes
53195,Zenda,WI,yes
53202,Milwaukee,WI,yes
53203,Milwaukee,WI,yes
53204,Milwaukee,WI,yes
53205,Milwaukee,WI,yes
53206,Milwaukee,WI,yes
53207,Milwaukee,WI,yes
53208,Milwaukee,WI,yes
53209,Milwaukee,WI,yes
53210,Milwaukee,WI,yes
53211,Milwaukee,WI,yes
53212,Milwaukee,WI,yes
53213,Milwaukee,WI,yes
53214,Milwaukee,WI,yes
53215,Milwaukee,WI,yes
53216,Milwaukee,WI,yes
53217,Milwaukee,WI,yes
53218,Milwaukee,WI,yes
53219,Milwaukee,WI,yes
53220,Milwaukee,WI,yes
53221,Milwaukee,WI,yes
53222,Milwaukee,WI,yes
53223,Milwaukee,WI,yes
53224,Milwaukee,WI,yes
53225,Milwaukee,WI,yes
53226,Milwaukee,WI,yes
53227,Milwaukee,WI,yes
53228,Milwaukee,WI,yes
53233,Milwaukee,WI,yes
53235,Saint Francis,WI,yes
53295,Milwaukee,WI,yes
53402,Racine,WI,yes
53403,Racine,WI,yes
53404,Racine,WI,yes
53405,Racine,WI,yes
53406,Racine,WI,yes
53505,Avalon,WI,yes
53523,Cambridge,WI,yes
53527,Cottage Grove,WI,yes
53531,Deerfield,WI,yes
53534,Edgerton,WI,yes
53538,Fort Atkinson,WI,yes
53549,Jefferson,WI,yes
53551,Lake Mills,WI,yes
53557,Lowell,WI,yes
53559,Marshall,WI,yes
53579,Reeseville,WI,yes
53594,Waterloo,WI,yes
54001,Amery,WI,yes
54002,Baldwin,WI,yes
54003,Beldenville,WI,yes
54005,Clear Lake,WI,yes
54006,Cushing,WI,yes
54007,Deer Park,WI,yes
54009,Dresser,WI,yes
54011,Ellsworth,WI,yes
54013,Glenwood City,WI,yes
54014,Hager City,WI,yes
54015,Hammond,WI,yes
54016,Hudson,WI,yes
54017,New Richmond,WI,yes
54020,Osceola,WI,yes
54021,Prescott,WI,yes
54022,River Falls,WI,yes
54023,Roberts,WI,yes
54024,Saint Croix Falls,WI,yes
54025,Somerset,WI,yes
54026,Star Prairie,WI,yes
54028,Woodville,WI,yes
54082,Houlton,WI,yes
54723,Bay City,WI,yes
54810,Balsam Lake,WI,yes
54824,Centuria,WI,yes
54853,Luck,WI,yes
54858,Milltown,WI,yes
55001,Afton,MN,yes
55003,Bayport,MN,yes
55005,Bethel,MN,yes
55006,Braham,MN,yes
55008,Cambridge,MN,yes
55009,Cannon Falls,MN,yes
55011,Cedar,MN,yes
55012,Center City,MN,yes
55013,Chisago City,MN,yes
55014,Circle Pines,MN,yes
55016,Cottage Grove,MN,yes
55017,Dalbo,MN,yes
55018,Dennison,MN,yes
55019,Dundas,MN,yes
55020,Elko New Market,MN,yes
55021,Faribault,MN,yes
55024,Farmington,MN,yes
55025,Forest Lake,MN,yes
55029,Grandy,MN,yes
55031,Hampton,MN,yes
55032,Harris,MN,yes
55033,Hastings,MN,yes
55038,Hugo,MN,yes
55040,Isanti,MN,yes
55042,Lake Elmo,MN,yes
55043,Lakeland,MN,yes
55044,Lakeville,MN,yes
55045,Lindstrom,MN,yes
55046,Lonsdale,MN,yes
55047,Marine On Saint Croix,MN,yes
55052,Morristown,MN,yes
55053,Nerstrand,MN,yes
55054,Elko New Market,MN,yes
55055,Newport,MN,yes
55056,North Branch,MN,yes
55057,Northfield,MN,yes
55065,Randolph,MN,yes
55066,Red Wing,MN,yes
55068,Rosemount,MN,yes
55069,Rush City,MN,yes
55070,Saint Francis,MN,yes
55071,Saint Paul Park,MN,yes
55073,Scandia,MN,yes
55074,Shafer,MN,yes
55075,South Saint Paul,MN,yes
55076,Inver Grove Heights,MN,yes
55077,Inver Grove Heights,MN,yes
55079,Stacy,MN,yes
55080,Stanchfield,MN,yes
55082,Stillwater,MN,yes
55084,Taylors Falls,MN,yes
55085,Vermillion,MN,yes
55087,Warsaw,MN,yes
55088,Webster,MN,yes
55089,Welch,MN,yes
55090,Willernie,MN,yes
55092,Wyoming,MN,yes
55101,Saint Paul,MN,yes
55102,Saint Paul,MN,yes
55103,Saint Paul,MN,yes
55104,Saint Paul,MN,yes
55105,Saint Paul,MN,yes
55106,Saint Paul,MN,yes
55107,Saint Paul,MN,yes
55108,Saint Paul,MN,yes
55109,Saint Paul,MN,yes
55110,Saint Paul,MN,yes
55111,Saint Paul,MN,yes
55112,Saint Paul,MN,yes
55113,Saint Paul,MN,yes
55114,Saint Paul,MN,yes
55115,Saint Paul,MN,yes
55116,Saint Paul,MN,yes
55117,Saint Paul,MN,yes
55118,Saint Paul,MN,yes
55119,Saint Paul,MN,yes
55120,Saint Paul,MN,yes
55121,Saint Paul,MN,yes
55122,Saint Paul,MN,yes
55123,Saint Paul,MN,yes
55124,Saint Paul,MN,yes
55125,Saint Paul,MN,yes
55126,Saint Paul,MN,yes
55127,Saint Paul,MN,yes
55128,Saint Paul,MN,yes
55129,Saint Paul,MN,yes
55130,Saint Paul,MN,yes
55150,Mendota,MN,yes
55155,Saint Paul,MN,yes
55301,Albertville,MN,yes
55302,Annandale,MN,yes
55303,Anoka,MN,yes
55304,Andover,MN,yes
55305,Hopkins,MN,yes
55306,Burnsville,MN,yes
55307,Arlington,MN,yes
55308,Becker,MN,yes
55309,Big Lake,MN,yes
55311,Maple Grove,MN,yes
55313,Buffalo,MN,yes
55315,Carver,MN,yes
55316,Champlin,MN,yes
55317,Chanhassen,MN,yes
55318,Chaska,MN,yes
55319,Clear Lake,MN,yes
55320,Clearwater,MN,yes
55321,Cokato,MN,yes
55322,Cologne,MN,yes
55327,Dayton,MN,yes
55328,Delano,MN,yes
55330,Elk River,MN,yes
55331,Excelsior,MN,yes
55336,Glencoe,MN,yes
55337,Burnsville,MN,yes
55338,Green Isle,MN,yes
55339,Hamburg,MN,yes
55340,Hamel,MN,yes
55341,Hanover,MN,yes
55343,Hopkins,MN,yes
55344,Eden Prairie,MN,yes
55345,Minnetonka,MN,yes
55346,Eden Prairie,MN,yes
55347,Eden Prairie,MN,yes
55349,Howard Lake,MN,yes
55350,Hutchinson,MN,yes
55352,Jordan,MN,yes
55354,Lester Prairie,MN,yes
55356,Long Lake,MN,yes
55357,Loretto,MN,yes
55358,Maple Lake,MN,yes
55359,Maple Plain,MN,yes
55360,Mayer,MN,yes
55362,Monticello,MN,yes
55363,Montrose,MN,yes
55364,Mound,MN,yes
55366,New Auburn,MN,yes
55367,New Germany,MN,yes
55368,Norwood Young America,MN,yes
55369,Osseo,MN,yes
55370,Plato,MN,yes
55371,Princeton,MN,yes
55372,Prior Lake,MN,yes
55373,Rockford,MN,yes
55374,Rogers,MN,yes
55375,Saint Bonifacius,MN,yes
55376,Saint Michael,MN,yes
55378,Savage,MN,yes
55379,Shakopee,MN,yes
55381,Silver Lake,MN,yes
55382,South Haven,MN,yes
55384,Spring Park,MN,yes
55386,Victoria,MN,yes
55387,Waconia,MN,yes
55388,Watertown,MN,yes
55390,Waverly,MN,yes
55391,Wayzata,MN,yes
55395,Winsted,MN,yes
55397,Young America,MN,yes
55398,Zimmerman,MN,yes
55401,Minneapolis,MN,yes
55402,Minneapolis,MN,yes
55403,Minneapolis,MN,yes
55404,Minneapolis,MN,yes
55405,Minneapolis,MN,yes
55406,Minneapolis,MN,yes
55407,Minneapolis,MN,yes
55408,Minneapolis,MN,yes
55409,Minneapolis,MN,yes
55410,Minneapolis,MN,yes
55411,Minneapolis,MN,yes
55412,Minneapolis,MN,yes
55413,Minneapolis,MN,yes
55414,Minneapolis,MN,yes
55415,Minneapolis,MN,yes
55416,Minneapolis,MN,yes
55417,Minneapolis,MN,yes
55418,Minneapolis,MN,yes
55419,Minneapolis,MN,yes
55420,Minneapolis,MN,yes
55421,Minneapolis,MN,yes
55422,Minneapolis,MN,yes
55423,Minneapolis,MN,yes
55424,Minneapolis,MN,yes
55425,Minneapolis,MN,yes
55426,Minneapolis,MN,yes
55427,Minneapolis,MN,yes
55428,Minneapolis,MN,yes
55429,Minneapolis,MN,yes
55430,Minneapolis,MN,yes
55431,Minneapolis,MN,yes
55432,Minneapolis,MN,yes
55433,Minneapolis,MN,yes
55434,Minneapolis,MN,yes
55435,Minneapolis,MN,yes
55436,Minneapolis,MN,yes
55437,Minneapolis,MN,yes
55438,Minneapolis,MN,yes
55439,Minneapolis,MN,yes
55441,Minneapolis,MN,yes
55442,Minneapolis,MN,yes
55443,Minneapolis,MN,yes
55444,Minneapolis,MN,yes
55445,Minneapolis,MN,yes
55446,Minneapolis,MN,yes
55447,Minneapolis,MN,yes
55448,Minneapolis,MN,yes
55449,Minneapolis,MN,yes
55450,Minneapolis,MN,yes
55454,Minneapolis,MN,yes
55455,Minneapolis,MN,yes
55946,Kenyon,MN,yes
56011,Belle Plaine,MN,yes
56044,Henderson,MN,yes
56052,Kilkenny,MN,yes
56057,Le Center,MN,yes
56058,Le Sueur,MN,yes
56069,Montgomery,MN,yes
56071,New Prague,MN,yes
56304,Saint Cloud,MN,yes
56313,Bock,MN,yes
56353,Milaca,MN,yes
56357,Oak Park,MN,yes
56363,Pease,MN,yes
60002,Antioch,IL,yes
60004,Arlington Heights,IL,yes
60005,Arlington Heights,IL,yes
60007,Elk Grove Village,IL,yes
60008,Rolling Meadows,IL,yes
60010,Barrington,IL,yes
60012,Crystal Lake,IL,yes
60013,Cary,IL,yes
60014,Crystal Lake,IL,yes
60015,Deerfield,IL,yes
60016,Des Plaines,IL,yes
60018,Des Plaines,IL,yes
60020,Fox Lake,IL,yes
60021,Fox River Grove,IL,yes
60022,Glencoe,IL,yes
60025,Glenview,IL,yes
60026,Glenview,IL,yes
60029,Golf,IL,yes
60030,Grayslake,IL,yes
60031,Gurnee,IL,yes
60035,Highland Park,IL,yes
60040,Highwood,IL,yes
60041,Ingleside,IL,yes
60042,Island Lake,IL,yes
60043,Kenilworth,IL,yes
60044,Lake Bluff,IL,yes
60045,Lake Forest,IL,yes
60046,Lake Villa,IL,yes
60047,Lake Zurich,IL,yes
60048,Libertyville,IL,yes
60050,Mchenry,IL,yes
60051,Mchenry,IL,yes
60053,Morton Grove,IL,yes
60056,Mount Prospect,IL,yes
60060,Mundelein,IL,yes
60061,Vernon Hills,IL,yes
60062,Northbrook,IL,yes
60064,North Chicago,IL,yes
60067,Palatine,IL,yes
60068,Park Ridge,IL,yes
60069,Lincolnshire,IL,yes
60070,Prospect Heights,IL,yes
60071,Richmond,IL,yes
60072,Ringwood,IL,yes
60073,Round Lake,IL,yes
60074,Palatine,IL,yes
60076,Skokie,IL,yes
60077,Skokie,IL,yes
60081,Spring Grove,IL,yes
60083,Wadsworth,IL,yes
60084,Wauconda,IL,yes
60085,Waukegan,IL,yes
60087,Waukegan,IL,yes
60089,Buffalo Grove,IL,yes
60090,Wheeling,IL,yes
60091,Wilmette,IL,yes
60093,Winnetka,IL,yes
60097,Wonder Lake,IL,yes
60098,Woodstock,IL,yes
60099,Zion,IL,yes
60101,Addison,IL,yes
60102,Algonquin,IL,yes
60103,Bartlett,IL,yes
60104,Bellwood,IL,yes
60106,Bensenville,IL,yes
60107,Streamwood,IL,yes
60108,Bloomingdale,IL,yes
60110,Carpentersville,IL,yes
60118,Dundee,IL,yes
60119,Elburn,IL,yes
60120,Elgin,IL,yes
60123,Elgin,IL,yes
60124,Elgin,IL,yes
60126,Elmhurst,IL,yes
60130,Forest Park,IL,yes
60131,Franklin Park,IL,yes
60133,Hanover Park,IL,yes
60134,Geneva,IL,yes
60136,Gilberts,IL,yes
60137,Glen Ellyn,IL,yes
60139,Glendale Heights,IL,yes
60140,Hampshire,IL,yes
60141,Hines,IL,yes
60142,Huntley,IL,yes
60143,Itasca,IL,yes
60144,Kaneville,IL,yes
60148,Lombard,IL,yes
60151,Maple Park,IL,yes
60152,Marengo,IL,yes
60153,Maywood,IL,yes
60154,Westchester,IL,yes
60155,Broadview,IL,yes
60156,Lake In The Hills,IL,yes
60157,Medinah,IL,yes
60160,Melrose Park,IL,yes
60162,Hillside,IL,yes
60163,Berkeley,IL,yes
60164,Melrose Park,IL,yes
60165,Stone Park,IL,yes
60169,Hoffman Estates,IL,yes
60171,River Grove,IL,yes
60172,Roselle,IL,yes
60173,Schaumburg,IL,yes
60174,Saint Charles,IL,yes
60175,Saint Charles,IL,yes
60176,Schiller Park,IL,yes
60177,South Elgin,IL,yes
60180,Union,IL,yes
60181,Villa Park,IL,yes
60184,Wayne,IL,yes
60185,West Chicago,IL,yes
60187,Wheaton,IL,yes
60188,Carol Stream,IL,yes
60189,Wheaton,IL,yes
60190,Winfield,IL,yes
60192,Hoffman Estates,IL,yes
60193,Schaumburg,IL,yes
60194,Schaumburg,IL,yes
60195,Schaumburg,IL,yes
60201,Evanston,IL,yes
60202,Evanston,IL,yes
60203,Evanston,IL,yes
60301,Oak Park,IL,yes
60302,Oak Park,IL,yes
60304,Oak Park,IL,yes
60305,River Forest,IL,yes
60402,Berwyn,IL,yes
60404,Shorewood,IL,yes
60423,Frankfort,IL,yes
60431,Joliet,IL,yes
60432,Joliet,IL,yes
60433,Joliet,IL,yes
60435,Joliet,IL,yes
60436,Joliet,IL,yes
60439,Lemont,IL,yes
60440,Bolingbrook,IL,yes
60441,Lockport,IL,yes
60446,Romeoville,IL,yes
60447,Minooka,IL,yes
60448,Mokena,IL,yes
60451,New Lenox,IL,yes
60462,Orland Park,IL,yes
60463,Palos Heights,IL,yes
60464,Palos Park,IL,yes
60465,Palos Hills,IL,yes
60467,Orland Park,IL,yes
60477,Tinley Park,IL,yes
60480,Willow Springs,IL,yes
60487,Tinley Park,IL,yes
60490,Bolingbrook,IL,yes
60491,Homer Glen,IL,yes
60502,Aurora,IL,yes
60503,Aurora,IL,yes
60504,Aurora,IL,yes
60505,Aurora,IL,yes
60506,Aurora,IL,yes
60510,Batavia,IL,yes
60511,Big Rock,IL,yes
60512,Bristol,IL,yes
60513,Brookfield,IL,yes
60514,Clarendon Hills,IL,yes
60515,Downers Grove,IL,yes
60516,Downers Grove,IL,yes
60517,Woodridge,IL,yes
60519,Eola,IL,yes
60520,Hinckley,IL,yes
60521,Hinsdale,IL,yes
60523,Oak Brook,IL,yes
60525,La Grange,IL,yes
60526,La Grange Park,IL,yes
60527,Willowbrook,IL,yes
60532,Lisle,IL,yes
60534,Lyons,IL,yes
60536,Millbrook,IL,yes
60538,Montgomery,IL,yes
60539,Mooseheart,IL,yes
60540,Naperville,IL,yes
60541,Newark,IL,yes
60542,North Aurora,IL,yes
60543,Oswego,IL,yes
60544,Plainfield,IL,yes
60545,Plano,IL,yes
60546,Riverside,IL,yes
60548,Sandwich,IL,yes
60554,Sugar Grove,IL,yes
60555,Warrenville,IL,yes
60558,Western Springs,IL,yes
60559,Westmont,IL,yes
60560,Yorkville,IL,yes
60561,Darien,IL,yes
60563,Naperville,IL,yes
60564,Naperville,IL,yes
60565,Naperville,IL,yes
60585,Plainfield,IL,yes
60586,Plainfield,IL,yes
60613,Chicago,IL,yes
60614,Chicago,IL,yes
60618,Chicago,IL,yes
60625,Chicago,IL,yes
60626,Chicago,IL,yes
60630,Chicago,IL,yes
60631,Chicago,IL,yes
60634,Chicago,IL,yes
60639,Chicago,IL,yes
60640,Chicago,IL,yes
60641,Chicago,IL,yes
60644,Chicago,IL,yes
60645,Chicago,IL,yes
60646,Chicago,IL,yes
60647,Chicago,IL,yes
60651,Chicago,IL,yes
60656,Chicago,IL,yes
60657,Chicago,IL,yes
60659,Chicago,IL,yes
60660,Chicago,IL,yes
60706,Harwood Heights,IL,yes
60707,Elmwood Park,IL,yes
60712,Lincolnwood,IL,yes
60714,Niles,IL,yes
60804,Cicero,IL,yes
63005,Chesterfield,MO,yes
63010,Arnold,MO,yes
63011,Ballwin,MO,yes
63012,Barnhart,MO,yes
63017,Chesterfield,MO,yes
63021,Ballwin,MO,yes
63025,Eureka,MO,yes
63026,Fenton,MO,yes
63038,Glencoe,MO,yes
63040,Grover,MO,yes
63043,Maryland Heights,MO,yes
63045,Earth City,MO,yes
63052,Imperial,MO,yes
63088,Valley Park,MO,yes
63105,Saint Louis,MO,yes
63122,Saint Louis,MO,yes
63301,Saint Charles,MO,yes
63303,Saint Charles,MO,yes
63304,Saint Charles,MO,yes
63332,Augusta,MO,yes
63341,Defiance,MO,yes
63348,Foristell,MO,yes
63366,O Fallon,MO,yes
63367,Lake Saint Louis,MO,yes
63368,O Fallon,MO,yes
63376,Saint Peters,MO,yes
63385,Wentzville,MO,yes
64011,Bates City,MO,yes
64012,Belton,MO,yes
64014,Blue Springs,MO,yes
64015,Blue Springs,MO,yes
64016,Buckner,MO,yes
64018,Camden Point,MO,yes
64024,Excelsior Springs,MO,yes
64029,Grain Valley,MO,yes
64030,Grandview,MO,yes
64034,Greenwood,MO,yes
64050,Independence,MO,yes
64052,Independence,MO,yes
64053,Independence,MO,yes
64054,Independence,MO,yes
64055,Independence,MO,yes
64056,Independence,MO,yes
64057,Independence,MO,yes
64058,Independence,MO,yes
64060,Kearney,MO,yes
64061,Kingsville,MO,yes
64063,Lees Summit,MO,yes
64064,Lees Summit,MO,yes
64065,Lees Summit,MO,yes
64066,Levasy,MO,yes
64068,Liberty,MO,yes
64070,Lone Jack,MO,yes
64072,Missouri City,MO,yes
64074,Napoleon,MO,yes
64075,Oak Grove,MO,yes
64076,Odessa,MO,yes
64078,Peculiar,MO,yes
64079,Platte City,MO,yes
64080,Pleasant Hill,MO,yes
64081,Lees Summit,MO,yes
64082,Lees Summit,MO,yes
64083,Raymore,MO,yes
64086,Lees Summit,MO,yes
64088,Sibley,MO,yes
64089,Smithville,MO,yes
64090,Strasburg,MO,yes
64092,Waldron,MO,yes
64101,Kansas City,MO,yes
64102,Kansas City,MO,yes
64105,Kansas City,MO,yes
64106,Kansas City,MO,yes
64108,Kansas City,MO,yes
64109,Kansas City,MO,yes
64110,Kansas City,MO,yes
64111,Kansas City,MO,yes
64112,Kansas City,MO,yes
64113,Kansas City,MO,yes
64114,Kansas City,MO,yes
64116,Kansas City,MO,yes
64117,Kansas City,MO,yes
64118,Kansas City,MO,yes
64119,Kansas City,MO,yes
64120,Kansas City,MO,yes
64123,Kansas City,MO,yes
64124,Kansas City,MO,yes
64125,Kansas City,MO,yes
64126,Kansas City,MO,yes
64127,Kansas City,MO,yes
64128,Kansas City,MO,yes
64129,Kansas City,MO,yes
64130,Kansas City,MO,yes
64131,Kansas City,MO,yes
64132,Kansas City,MO,yes
64133,Kansas City,MO,yes
64134,Kansas City,MO,yes
64136,Kansas City,MO,yes
64137,Kansas City,MO,yes
64138,Kansas City,MO,yes
64139,Kansas City,MO,yes
64145,Kansas City,MO,yes
64146,Kansas City,MO,yes
64147,Kansas City,MO,yes
64149,Kansas City,MO,yes
64150,Riverside,MO,yes
64151,Kansas City,MO,yes
64152,Kansas City,MO,yes
64153,Kansas City,MO,yes
64154,Kansas City,MO,yes
64155,Kansas City,MO,yes
64156,Kansas City,MO,yes
64157,Kansas City,MO,yes
64158,Kansas City,MO,yes
64161,Kansas City,MO,yes
64163,Kansas City,MO,yes
64164,Kansas City,MO,yes
64165,Kansas City,MO,yes
64166,Kansas City,MO,yes
64167,Kansas City,MO,yes
64444,Edgerton,MO,yes
64492,Trimble,MO,yes
64701,Harrisonville,MO,yes
64734,Cleveland,MO,yes
64743,East Lynne,MO,yes
64746,Freeman,MO,yes
66007,Basehor,KS,yes
66012,Bonner Springs,KS,yes
66013,Bucyrus,KS,yes
66018,De Soto,KS,yes
66020,Easton,KS,yes
66021,Edgerton,KS,yes
66025,Eudora,KS,yes
66027,Fort Leavenworth,KS,yes
66030,Gardner,KS,yes
66031,New Century,KS,yes
66043,Lansing,KS,yes
66044,Lawrence,KS,yes
66045,Lawrence,KS,yes
66046,Lawrence,KS,yes
66047,Lawrence,KS,yes
66048,Leavenworth,KS,yes
66049,Lawrence,KS,yes
66052,Linwood,KS,yes
66053,Louisburg,KS,yes
66061,Olathe,KS,yes
66062,Olathe,KS,yes
66071,Paola,KS,yes
66083,Spring Hill,KS,yes
66085,Stilwell,KS,yes
66086,Tonganoxie,KS,yes
66092,Wellsville,KS,yes
66101,Kansas City,KS,yes
66102,Kansas City,KS,yes
66103,Kansas City,KS,yes
66104,Kansas City,KS,yes
66105,Kansas City,KS,yes
66106,Kansas City,KS,yes
66109,Kansas City,KS,yes
66111,Kansas City,KS,yes
66112,Kansas City,KS,yes
66115,Kansas City,KS,yes
66118,Kansas City,KS,yes
66202,Mission,KS,yes
66203,Shawnee,KS,yes
66204,Overland Park,KS,yes
66205,Mission,KS,yes
66206,Leawood,KS,yes
66207,Overland Park,KS,yes
66208,Prairie Village,KS,yes
66209,Leawood,KS,yes
66210,Overland Park,KS,yes
66211,Leawood,KS,yes
66212,Overland Park,KS,yes
66213,Overland Park,KS,yes
66214,Overland Park,KS,yes
66215,Lenexa,KS,yes
66216,Shawnee,KS,yes
66217,Shawnee,KS,yes
66218,Shawnee,KS,yes
66219,Lenexa,KS,yes
66220,Lenexa,KS,yes
66221,Overland Park,KS,yes
66223,Overland Park,KS,yes
66224,Overland Park,KS,yes
66226,Shawnee,KS,yes
66227,Lenexa,KS,yes
68001,Abie,NE,yes
68002,Arlington,NE,yes
68003,Ashland,NE,yes
68005,Bellevue,NE,yes
68007,Bennington,NE,yes
68008,Blair,NE,yes
68010,Boys Town,NE,yes
68014,Bruno,NE,yes
68015,Cedar Bluffs,NE,yes
68016,Cedar Creek,NE,yes
68017,Ceresco,NE,yes
68018,Colon,NE,yes
68022,Elkhorn,NE,yes
68023,Fort Calhoun,NE,yes
68025,Fremont,NE,yes
68028,Gretna,NE,yes
68029,Herman,NE,yes
68033,Ithaca,NE,yes
68034,Kennard,NE,yes
68036,Linwood,NE,yes
68037,Louisville,NE,yes
68040,Malmo,NE,yes
68041,Mead,NE,yes
68042,Memphis,NE,yes
68044,Nickerson,NE,yes
68046,Papillion,NE,yes
68048,Plattsmouth,NE,yes
68050,Prague,NE,yes
68058,South Bend,NE,yes
68059,Springfield,NE,yes
68064,Valley,NE,yes
68065,Valparaiso,NE,yes
68066,Wahoo,NE,yes
68068,Washington,NE,yes
68069,Waterloo,NE,yes
68070,Weston,NE,yes
68073,Yutan,NE,yes
68102,Omaha,NE,yes
68104,Omaha,NE,yes
68105,Omaha,NE,yes
68106,Omaha,NE,yes
68107,Omaha,NE,yes
68108,Omaha,NE,yes
68110,Omaha,NE,yes
68111,Omaha,NE,yes
68112,Omaha,NE,yes
68113,Offutt Afb,NE,yes
68114,Omaha,NE,yes
68116,Omaha,NE,yes
68117,Omaha,NE,yes
68118,Omaha,NE,yes
68122,Omaha,NE,yes
68123,Bellevue,NE,yes
68124,Omaha,NE,yes
68127,Omaha,NE,yes
68128,La Vista,NE,yes
68130,Omaha,NE,yes
68131,Omaha,NE,yes
68132,Omaha,NE,yes
68133,Papillion,NE,yes
68134,Omaha,NE,yes
68135,Omaha,NE,yes
68136,Omaha,NE,yes
68137,Omaha,NE,yes
68138,Omaha,NE,yes
68142,Omaha,NE,yes
68144,Omaha,NE,yes
68147,Bellevue,NE,yes
68152,Omaha,NE,yes
68154,Omaha,NE,yes
68157,Omaha,NE,yes
68164,Omaha,NE,yes
68178,Omaha,NE,yes
68304,Alvo,NE,yes
68307,Avoca,NE,yes
68317,Bennet,NE,yes
68324,Burr,NE,yes
68329,Cook,NE,yes
68336,Davey,NE,yes
68339,Denton,NE,yes
68344,Douglas,NE,yes
68346,Dunbar,NE,yes
68347,Eagle,NE,yes
68349,Elmwood,NE,yes
68360,Garland,NE,yes
68366,Greenwood,NE,yes
68372,Hickman,NE,yes
68379,Julian,NE,yes
68382,Lorton,NE,yes
68402,Malcolm,NE,yes
68403,Manley,NE,yes
68407,Murdock,NE,yes
68409,Murray,NE,yes
68410,Nebraska City,NE,yes
68413,Nehawka,NE,yes
68417,Otoe,NE,yes
68418,Palmyra,NE,yes
68419,Panama,NE,yes
68428,Raymond,NE,yes
68430,Roca,NE,yes
68446,Syracuse,NE,yes
68448,Talmage,NE,yes
68454,Unadilla,NE,yes
68455,Union,NE,yes
68461,Walton,NE,yes
68462,Waverly,NE,yes
68463,Weeping Water,NE,yes
68502,Lincoln,NE,yes
68503,Lincoln,NE,yes
68504,Lincoln,NE,yes
68505,Lincoln,NE,yes
68506,Lincoln,NE,yes
68507,Lincoln,NE,yes
68508,Lincoln,NE,yes
68510,Lincoln,NE,yes
68512,Lincoln,NE,yes
68514,Lincoln,NE,yes
68516,Lincoln,NE,yes
68517,Lincoln,NE,yes
68520,Lincoln,NE,yes
68521,Lincoln,NE,yes
68522,Lincoln,NE,yes
68523,Lincoln,NE,yes
68524,Lincoln,NE,yes
68526,Lincoln,NE,yes
68527,Lincoln,NE,yes
68528,Lincoln,NE,yes
68531,Lincoln,NE,yes
68532,Lincoln,NE,yes
68621,Ames,NE,yes
68626,Brainard,NE,yes
68635,Dwight,NE,yes
68648,Morse Bluff,NE,yes
68649,North Bend,NE,yes
70001,Metairie,LA,yes
70002,Metairie,LA,yes
70003,Metairie,LA,yes
70005,Metairie,LA,yes
70006,Metairie,LA,yes
70053,Gretna,LA,yes
70056,Gretna,LA,yes
70062,Kenner,LA,yes
70065,Kenner,LA,yes
70094,Westwego,LA,yes
70121,New Orleans,LA,yes
70123,New Orleans,LA,yes
75001,Addison,TX,yes
75002,Allen,TX,yes
75006,Carrollton,TX,yes
75007,Carrollton,TX,yes
75009,Celina,TX,yes
75010,Carrollton,TX,yes
75013,Allen,TX,yes
75019,Coppell,TX,yes
75022,Flower Mound,TX,yes
75023,Plano,TX,yes
75024,Plano,TX,yes
75025,Plano,TX,yes
75028,Flower Mound,TX,yes
75032,Rockwall,TX,yes
75034,Frisco,TX,yes
75035,Frisco,TX,yes
75038,Irving,TX,yes
75039,Irving,TX,yes
75040,Garland,TX,yes
75041,Garland,TX,yes
75042,Garland,TX,yes
75043,Garland,TX,yes
75044,Garland,TX,yes
75048,Sachse,TX,yes
75050,Grand Prairie,TX,yes
75051,Grand Prairie,TX,yes
75052,Grand Prairie,TX,yes
75054,Grand Prairie,TX,yes
75056,The Colony,TX,yes
75057,Lewisville,TX,yes
75058,Gunter,TX,yes
75060,Irving,TX,yes
75061,Irving,TX,yes
75062,Irving,TX,yes
75063,Irving,TX,yes
75065,Lake Dallas,TX,yes
75067,Lewisville,TX,yes
75068,Little Elm,TX,yes
75069,Mckinney,TX,yes
75070,Mckinney,TX,yes
75071,Mckinney,TX,yes
75074,Plano,TX,yes
75075,Plano,TX,yes
75077,Lewisville,TX,yes
75078,Prosper,TX,yes
75080,Richardson,TX,yes
75081,Richardson,TX,yes
75082,Richardson,TX,yes
75087,Rockwall,TX,yes
75088,Rowlett,TX,yes
75089,Rowlett,TX,yes
75093,Plano,TX,yes
75094,Plano,TX,yes
75098,Wylie,TX,yes
75101,Bardwell,TX,yes
75104,Cedar Hill,TX,yes
75114,Crandall,TX,yes
75115,Desoto,TX,yes
75116,Duncanville,TX,yes
75119,Ennis,TX,yes
75125,Ferris,TX,yes
75126,Forney,TX,yes
75132,Fate,TX,yes
75134,Lancaster,TX,yes
75135,Caddo Mills,TX,yes
75137,Duncanville,TX,yes
75141,Hutchins,TX,yes
75142,Kaufman,TX,yes
75143,Kemp,TX,yes
75146,Lancaster,TX,yes
75149,Mesquite,TX,yes
75150,Mesquite,TX,yes
75152,Palmer,TX,yes
75154,Red Oak,TX,yes
75157,Rosser,TX,yes
75158,Scurry,TX,yes
75159,Seagoville,TX,yes
75160,Terrell,TX,yes
75161,Terrell,TX,yes
75164,Josephine,TX,yes
75165,Waxahachie,TX,yes
75166,Lavon,TX,yes
75167,Waxahachie,TX,yes
75172,Wilmer,TX,yes
75173,Nevada,TX,yes
75180,Balch Springs,TX,yes
75181,Mesquite,TX,yes
75182,Sunnyvale,TX,yes
75189,Royse City,TX,yes
75201,Dallas,TX,yes
75202,Dallas,TX,yes
75203,Dallas,TX,yes
75204,Dallas,TX,yes
75205,Dallas,TX,yes
75206,Dallas,TX,yes
75207,Dallas,TX,yes
75208,Dallas,TX,yes
75209,Dallas,TX,yes
75210,Dallas,TX,yes
75211,Dallas,TX,yes
75212,Dallas,TX,yes
75214,Dallas,TX,yes
75215,Dallas,TX,yes
75216,Dallas,TX,yes
75217,Dallas,TX,yes
75218,Dallas,TX,yes
75219,Dallas,TX,yes
75220,Dallas,TX,yes
75223,Dallas,TX,yes
75224,Dallas,TX,yes
75225,Dallas,TX,yes
75226,Dallas,TX,yes
75227,Dallas,TX,yes
75228,Dallas,TX,yes
75229,Dallas,TX,yes
75230,Dallas,TX,yes
75231,Dallas,TX,yes
75232,Dallas,TX,yes
75233,Dallas,TX,yes
75234,Dallas,TX,yes
75235,Dallas,TX,yes
75236,Dallas,TX,yes
75237,Dallas,TX,yes
75238,Dallas,TX,yes
75240,Dallas,TX,yes
75241,Dallas,TX,yes
75243,Dallas,TX,yes
75244,Dallas,TX,yes
75246,Dallas,TX,yes
75247,Dallas,TX,yes
75248,Dallas,TX,yes
75249,Dallas,TX,yes
75251,Dallas,TX,yes
75252,Dallas,TX,yes
75253,Dallas,TX,yes
75254,Dallas,TX,yes
75270,Dallas,TX,yes
75287,Dallas,TX,yes
75390,Dallas,TX,yes
75401,Greenville,TX,yes
75402,Greenville,TX,yes
75407,Princeton,TX,yes
75409,Anna,TX,yes
75424,Blue Ridge,TX,yes
75442,Farmersville,TX,yes
75454,Melissa,TX,yes
75474,Quinlan,TX,yes
75495,Van Alstyne,TX,yes
76001,Arlington,TX,yes
76002,Arlington,TX,yes
76006,Arlington,TX,yes
76008,Aledo,TX,yes
76009,Alvarado,TX,yes
76010,Arlington,TX,yes
76011,Arlington,TX,yes
76012,Arlington,TX,yes
76013,Arlington,TX,yes
76014,Arlington,TX,yes
76015,Arlington,TX,yes
76016,Arlington,TX,yes
76017,Arlington,TX,yes
76018,Arlington,TX,yes
76020,Azle,TX,yes
76021,Bedford,TX,yes
76022,Bedford,TX,yes
76023,Boyd,TX,yes
76028,Burleson,TX,yes
76031,Cleburne,TX,yes
76033,Cleburne,TX,yes
76034,Colleyville,TX,yes
76035,Cresson,TX,yes
76036,Crowley,TX,yes
76039,Euless,TX,yes
76040,Euless,TX,yes
76041,Forreston,TX,yes
76044,Godley,TX,yes
76050,Grandview,TX,yes
76051,Grapevine,TX,yes
76052,Haslet,TX,yes
76053,Hurst,TX,yes
76054,Hurst,TX,yes
76055,Itasca,TX,yes
76058,Joshua,TX,yes
76059,Keene,TX,yes
76060,Kennedale,TX,yes
76061,Lillian,TX,yes
76063,Mansfield,TX,yes
76064,Maypearl,TX,yes
76065,Midlothian,TX,yes
76071,Newark,TX,yes
76078,Rhome,TX,yes
76082,Springtown,TX,yes
76084,Venus,TX,yes
76085,Weatherford,TX,yes
76086,Weatherford,TX,yes
76087,Weatherford,TX,yes
76088,Weatherford,TX,yes
76092,Southlake,TX,yes
76093,Rio Vista,TX,yes
76102,Fort Worth,TX,yes
76103,Fort Worth,TX,yes
76104,Fort Worth,TX,yes
76105,Fort Worth,TX,yes
76106,Fort Worth,TX,yes
76107,Fort Worth,TX,yes
76108,Fort Worth,TX,yes
76109,Fort Worth,TX,yes
76110,Fort Worth,TX,yes
76111,Fort Worth,TX,yes
76112,Fort Worth,TX,yes
76114,Fort Worth,TX,yes
76115,Fort Worth,TX,yes
76116,Fort Worth,TX,yes
76117,Haltom City,TX,yes
76118,Fort Worth,TX,yes
76119,Fort Worth,TX,yes
76120,Fort Worth,TX,yes
76123,Fort Worth,TX,yes
76126,Fort Worth,TX,yes
76127,Naval Air Station Jrb,TX,yes
76129,Fort Worth,TX,yes
76131,Fort Worth,TX,yes
76132,Fort Worth,TX,yes
76133,Fort Worth,TX,yes
76134,Fort Worth,TX,yes
76135,Fort Worth,TX,yes
76137,Fort Worth,TX,yes
76140,Fort Worth,TX,yes
76148,Fort Worth,TX,yes
76155,Fort Worth,TX,yes
76164,Fort Worth,TX,yes
76177,Fort Worth,TX,yes
76179,Fort Worth,TX,yes
76180,North Richland Hills,TX,yes
76182,North Richland Hills,TX,yes
76201,Denton,TX,yes
76205,Denton,TX,yes
76207,Denton,TX,yes
76208,Denton,TX,yes
76209,Denton,TX,yes
76210,Denton,TX,yes
76226,Argyle,TX,yes
76227,Aubrey,TX,yes
76234,Decatur,TX,yes
76244,Keller,TX,yes
76247,Justin,TX,yes
76248,Keller,TX,yes
76249,Krum,TX,yes
76258,Pilot Point,TX,yes
76259,Ponder,TX,yes
76262,Roanoke,TX,yes
76266,Sanger,TX,yes
76271,Tioga,TX,yes
76511,Bartlett,TX,yes
76513,Belton,TX,yes
76527,Florence,TX,yes
76530,Granger,TX,yes
76534,Holland,TX,yes
76537,Jarrell,TX,yes
76541,Killeen,TX,yes
76542,Killeen,TX,yes
76543,Killeen,TX,yes
76548,Harker Heights,TX,yes
76549,Killeen,TX,yes
76554,Little River Academy,TX,yes
76559,Nolanville,TX,yes
76569,Rogers,TX,yes
76571,Salado,TX,yes
76573,Schwertner,TX,yes
76574,Taylor,TX,yes
76578,Thrall,TX,yes
76623,Avalon,TX,yes
76651,Italy,TX,yes
76670,Milford,TX,yes
77002,Houston,TX,yes
77003,Houston,TX,yes
77004,Houston,TX,yes
77005,Houston,TX,yes
77006,Houston,TX,yes
77007,Houston,TX,yes
77008,Houston,TX,yes
77009,Houston,TX,yes
77010,Houston,TX,yes
77011,Houston,TX,yes
77012,Houston,TX,yes
77013,Houston,TX,yes
77014,Houston,TX,yes
77015,Houston,TX,yes
77016,Houston,TX,yes
77017,Houston,TX,yes
77018,Houston,TX,yes
77019,Houston,TX,yes
77020,Houston,TX,yes
77021,Houston,TX,yes
77022,Houston,TX,yes
77023,Houston,TX,yes
77024,Houston,TX,yes
77025,Houston,TX,yes
77026,Houston,TX,yes
77027,Houston,TX,yes
77028,Houston,TX,yes
77029,Houston,TX,yes
77030,Houston,TX,yes
77031,Houston,TX,yes
77032,Houston,TX,yes
77033,Houston,TX,yes
77034,Houston,TX,yes
77035,Houston,TX,yes
77036,Houston,TX,yes
77037,Houston,TX,yes
77038,Houston,TX,yes
77039,Houston,TX,yes
77040,Houston,TX,yes
77041,Houston,TX,yes
77042,Houston,TX,yes
77043,Houston,TX,yes
77044,Houston,TX,yes
77045,Houston,TX,yes
77046,Houston,TX,yes
77047,Houston,TX,yes
77048,Houston,TX,yes
77049,Houston,TX,yes
77050,Houston,TX,yes
77051,Houston,TX,yes
77053,Houston,TX,yes
77054,Houston,TX,yes
77055,Houston,TX,yes
77056,Houston,TX,yes
77057,Houston,TX,yes
77058,Houston,TX,yes
77059,Houston,TX,yes
77060,Houston,TX,yes
77061,Houston,TX,yes
77062,Houston,TX,yes
77063,Houston,TX,yes
77064,Houston,TX,yes
77065,Houston,TX,yes
77066,Houston,TX,yes
77067,Houston,TX,yes
77068,Houston,TX,yes
77069,Houston,TX,yes
77070,Houston,TX,yes
77071,Houston,TX,yes
77072,Houston,TX,yes
77073,Houston,TX,yes
77074,Houston,TX,yes
77075,Houston,TX,yes
77076,Houston,TX,yes
77077,Houston,TX,yes
77078,Houston,TX,yes
77079,Houston,TX,yes
77080,Houston,TX,yes
77081,Houston,TX,yes
77082,Houston,TX,yes
77083,Houston,TX,yes
77084,Houston,TX,yes
77085,Houston,TX,yes
77086,Houston,TX,yes
77087,Houston,TX,yes
77088,Houston,TX,yes
77089,Houston,TX,yes
77090,Houston,TX,yes
77091,Houston,TX,yes
77092,Houston,TX,yes
77093,Houston,TX,yes
77094,Houston,TX,yes
77095,Houston,TX,yes
77096,Houston,TX,yes
77098,Houston,TX,yes
77099,Houston,TX,yes
77201,Houston,TX,yes
77301,Conroe,TX,yes
77302,Conroe,TX,yes
77303,Conroe,TX,yes
77304,Conroe,TX,yes
77306,Conroe,TX,yes
77316,Montgomery,TX,yes
77318,Willis,TX,yes
77336,Huffman,TX,yes
77338,Humble,TX,yes
77339,Kingwood,TX,yes
77345,Kingwood,TX,yes
77346,Humble,TX,yes
77354,Magnolia,TX,yes
77355,Magnolia,TX,yes
77356,Montgomery,TX,yes
77357,New Caney,TX,yes
77362,Pinehurst,TX,yes
77365,Porter,TX,yes
77372,Splendora,TX,yes
77373,Spring,TX,yes
77375,Tomball,TX,yes
77377,Tomball,TX,yes
77378,Willis,TX,yes
77379,Spring,TX,yes
77380,Spring,TX,yes
77381,Spring,TX,yes
77382,Spring,TX,yes
77384,Conroe,TX,yes
77385,Conroe,TX,yes
77386,Spring,TX,yes
77388,Spring,TX,yes
77389,Spring,TX,yes
77396,Humble,TX,yes
77401,Bellaire,TX,yes
77406,Richmond,TX,yes
77407,Richmond,TX,yes
77423,Brookshire,TX,yes
77429,Cypress,TX,yes
77430,Damon,TX,yes
77433,Cypress,TX,yes
77441,Fulshear,TX,yes
77447,Hockley,TX,yes
77449,Katy,TX,yes
77450,Katy,TX,yes
77459,Missouri City,TX,yes
77461,Needville,TX,yes
77464,Orchard,TX,yes
77466,Pattison,TX,yes
77469,Richmond,TX,yes
77471,Rosenberg,TX,yes
77476,Simonton,TX,yes
77477,Stafford,TX,yes
77478,Sugar Land,TX,yes
77479,Sugar Land,TX,yes
77481,Thompsons,TX,yes
77484,Waller,TX,yes
77489,Missouri City,TX,yes
77493,Katy,TX,yes
77494,Katy,TX,yes
77498,Sugar Land,TX,yes
77502,Pasadena,TX,yes
77503,Pasadena,TX,yes
77504,Pasadena,TX,yes
77505,Pasadena,TX,yes
77506,Pasadena,TX,yes
77507,Pasadena,TX,yes
77510,Santa Fe,TX,yes
77511,Alvin,TX,yes
77517,Santa Fe,TX,yes
77518,Bacliff,TX,yes
77520,Baytown,TX,yes
77521,Baytown,TX,yes
77523,Baytown,TX,yes
77530,Channelview,TX,yes
77532,Crosby,TX,yes
77535,Dayton,TX,yes
77536,Deer Park,TX,yes
77539,Dickinson,TX,yes
77545,Fresno,TX,yes
77546,Friendswood,TX,yes
77547,Galena Park,TX,yes
77551,Galveston,TX,yes
77554,Galveston,TX,yes
77562,Highlands,TX,yes
77563,Hitchcock,TX,yes
77565,Kemah,TX,yes
77568,La Marque,TX,yes
77571,La Porte,TX,yes
77573,League City,TX,yes
77575,Liberty,TX,yes
77577,Liverpool,TX,yes
77578,Manvel,TX,yes
77580,Mont Belvieu,TX,yes
77581,Pearland,TX,yes
77583,Rosharon,TX,yes
77584,Pearland,TX,yes
77586,Seabrook,TX,yes
77587,South Houston,TX,yes
77590,Texas City,TX,yes
77591,Texas City,TX,yes
77597,Wallisville,TX,yes
77598,Webster,TX,yes
78006,Boerne,TX,yes
78015,Boerne,TX,yes
78023,Helotes,TX,yes
78070,Spring Branch,TX,yes
78101,Adkins,TX,yes
78108,Cibolo,TX,yes
78109,Converse,TX,yes
78124,Marion,TX,yes
78130,New Braunfels,TX,yes
78132,New Braunfels,TX,yes
78133,Canyon Lake,TX,yes
78148,Universal City,TX,yes
78150,Jbsa Randolph,TX,yes
78154,Schertz,TX,yes
78155,Seguin,TX,yes
78163,Bulverde,TX,yes
78201,San Antonio,TX,yes
78202,San Antonio,TX,yes
78203,San Antonio,TX,yes
78204,San Antonio,TX,yes
78205,San Antonio,TX,yes
78207,San Antonio,TX,yes
78208,San Antonio,TX,yes
78209,San Antonio,TX,yes
78210,San Antonio,TX,yes
78211,San Antonio,TX,yes
78212,San Antonio,TX,yes
78213,San Antonio,TX,yes
78214,San Antonio,TX,yes
78215,San Antonio,TX,yes
78216,San Antonio,TX,yes
78217,San Antonio,TX,yes
78218,San Antonio,TX,yes
78219,San Antonio,TX,yes
78220,San Antonio,TX,yes
78221,San Antonio,TX,yes
78222,San Antonio,TX,yes
78223,San Antonio,TX,yes
78224,San Antonio,TX,yes
78225,San Antonio,TX,yes
78226,San Antonio,TX,yes
78227,San Antonio,TX,yes
78228,San Antonio,TX,yes
78229,San Antonio,TX,yes
78230,San Antonio,TX,yes
78231,San Antonio,TX,yes
78232,San Antonio,TX,yes
78233,San Antonio,TX,yes
78234,Jbsa Ft Sam Houston,TX,yes
78235,San Antonio,TX,yes
78237,San Antonio,TX,yes
78238,San Antonio,TX,yes
78239,San Antonio,TX,yes
78240,San Antonio,TX,yes
78242,San Antonio,TX,yes
78243,San Antonio,TX,yes
78244,San Antonio,TX,yes
78245,San Antonio,TX,yes
78247,San Antonio,TX,yes
78248,San Antonio,TX,yes
78249,San Antonio,TX,yes
78250,San Antonio,TX,yes
78251,San Antonio,TX,yes
78252,San Antonio,TX,yes
78253,San Antonio,TX,yes
78254,San Antonio,TX,yes
78255,San Antonio,TX,yes
78256,San Antonio,TX,yes
78257,San Antonio,TX,yes
78258,San Antonio,TX,yes
78259,San Antonio,TX,yes
78260,San Antonio,TX,yes
78261,San Antonio,TX,yes
78263,San Antonio,TX,yes
78264,San Antonio,TX,yes
78266,San Antonio,TX,yes
78602,Bastrop,TX,yes
78605,Bertram,TX,yes
78606,Blanco,TX,yes
78608,Briggs,TX,yes
78610,Buda,TX,yes
78611,Burnet,TX,yes
78612,Cedar Creek,TX,yes
78613,Cedar Park,TX,yes
78615,Coupland,TX,yes
78616,Dale,TX,yes
78617,Del Valle,TX,yes
78619,Driftwood,TX,yes
78620,Dripping Springs,TX,yes
78621,Elgin,TX,yes
78622,Fentress,TX,yes
78623,Fischer,TX,yes
78626,Georgetown,TX,yes
78628,Georgetown,TX,yes
78633,Georgetown,TX,yes
78634,Hutto,TX,yes
78640,Kyle,TX,yes
78641,Leander,TX,yes
78642,Liberty Hill,TX,yes
78644,Lockhart,TX,yes
78645,Leander,TX,yes
78650,Mc Dade,TX,yes
78652,Manchaca,TX,yes
78653,Manor,TX,yes
78654,Marble Falls,TX,yes
78655,Martindale,TX,yes
78656,Maxwell,TX,yes
78659,Paige,TX,yes
78660,Pflugerville,TX,yes
78662,Red Rock,TX,yes
78663,Round Mountain,TX,yes
78664,Round Rock,TX,yes
78665,Round Rock,TX,yes
78666,San Marcos,TX,yes
78669,Spicewood,TX,yes
78676,Wimberley,TX,yes
78681,Round Rock,TX,yes
78701,Austin,TX,yes
78702,Austin,TX,yes
78703,Austin,TX,yes
78704,Austin,TX,yes
78705,Austin,TX,yes
78712,Austin,TX,yes
78717,Austin,TX,yes
78719,Austin,TX,yes
78721,Austin,TX,yes
78722,Austin,TX,yes
78723,Austin,TX,yes
78724,Austin,TX,yes
78725,Austin,TX,yes
78726,Austin,TX,yes
78727,Austin,TX,yes
78728,Austin,TX,yes
78729,Austin,TX,yes
78730,Austin,TX,yes
78731,Austin,TX,yes
78732,Austin,TX,yes
78733,Austin,TX,yes
78734,Austin,TX,yes
78735,Austin,TX,yes
78736,Austin,TX,yes
78737,Austin,TX,yes
78738,Austin,TX,yes
78739,Austin,TX,yes
78741,Austin,TX,yes
78742,Austin,TX,yes
78744,Austin,TX,yes
78745,Austin,TX,yes
78746,Austin,TX,yes
78747,Austin,TX,yes
78748,Austin,TX,yes
78749,Austin,TX,yes
78750,Austin,TX,yes
78751,Austin,TX,yes
78752,Austin,TX,yes
78753,Austin,TX,yes
78754,Austin,TX,yes
78756,Austin,TX,yes
78757,Austin,TX,yes
78758,Austin,TX,yes
78759,Austin,TX,yes
80002,Arvada,CO,yes
80003,Arvada,CO,yes
80004,Arvada,CO,yes
80005,Arvada,CO,yes
80007,Arvada,CO,yes
80010,Aurora,CO,yes
80011,Aurora,CO,yes
80012,Aurora,CO,yes
80013,Aurora,CO,yes
80014,Aurora,CO,yes
80015,Aurora,CO,yes
80016,Aurora,CO,yes
80017,Aurora,CO,yes
80018,Aurora,CO,yes
80019,Aurora,CO,yes
80020,Broomfield,CO,yes
80021,Broomfield,CO,yes
80022,Commerce City,CO,yes
80023,Broomfield,CO,yes
80024,Dupont,CO,yes
80025,Eldorado Springs,CO,yes
80026,Lafayette,CO,yes
80027,Louisville,CO,yes
80030,Westminster,CO,yes
80031,Westminster,CO,yes
80033,Wheat Ridge,CO,yes
80045,Aurora,CO,yes
80101,Agate,CO,yes
80102,Bennett,CO,yes
80103,Byers,CO,yes
80104,Castle Rock,CO,yes
80105,Deer Trail,CO,yes
80106,Elbert,CO,yes
80107,Elizabeth,CO,yes
80108,Castle Rock,CO,yes
80109,Castle Rock,CO,yes
80110,Englewood,CO,yes
80111,Englewood,CO,yes
80112,Englewood,CO,yes
80113,Englewood,CO,yes
80116,Franktown,CO,yes
80117,Kiowa,CO,yes
80118,Larkspur,CO,yes
80120,Littleton,CO,yes
80121,Littleton,CO,yes
80122,Littleton,CO,yes
80123,Littleton,CO,yes
80124,Lone Tree,CO,yes
80125,Littleton,CO,yes
80126,Littleton,CO,yes
80127,Littleton,CO,yes
80128,Littleton,CO,yes
80129,Littleton,CO,yes
80130,Littleton,CO,yes
80131,Louviers,CO,yes
80132,Monument,CO,yes
80133,Palmer Lake,CO,yes
80134,Parker,CO,yes
80135,Sedalia,CO,yes
80136,Strasburg,CO,yes
80137,Watkins,CO,yes
80138,Parker,CO,yes
80202,Denver,CO,yes
80203,Denver,CO,yes
80204,Denver,CO,yes
80205,Denver,CO,yes
80206,Denver,CO,yes
80207,Denver,CO,yes
80209,Denver,CO,yes
80210,Denver,CO,yes
80211,Denver,CO,yes
80212,Denver,CO,yes
80214,Denver,CO,yes
80215,Denver,CO,yes
80216,Denver,CO,yes
80218,Denver,CO,yes
80219,Denver,CO,yes
80220,Denver,CO,yes
80221,Denver,CO,yes
80222,Denver,CO,yes
80223,Denver,CO,yes
80224,Denver,CO,yes
80226,Denver,CO,yes
80227,Denver,CO,yes
80228,Denver,CO,yes
80229,Denver,CO,yes
80230,Denver,CO,yes
80231,Denver,CO,yes
80232,Denver,CO,yes
80233,Denver,CO,yes
80234,Denver,CO,yes
80235,Denver,CO,yes
80236,Denver,CO,yes
80237,Denver,CO,yes
80238,Denver,CO,yes
80239,Denver,CO,yes
80241,Thornton,CO,yes
80246,Denver,CO,yes
80247,Denver,CO,yes
80249,Denver,CO,yes
80260,Denver,CO,yes
80264,Denver,CO,yes
80290,Denver,CO,yes
80293,Denver,CO,yes
80294,Denver,CO,yes
80301,Boulder,CO,yes
80302,Boulder,CO,yes
80303,Boulder,CO,yes
80304,Boulder,CO,yes
80305,Boulder,CO,yes
80310,Boulder,CO,yes
80401,Golden,CO,yes
80403,Golden,CO,yes
80419,Golden,CO,yes
80421,Bailey,CO,yes
80422,Black Hawk,CO,yes
80425,Buffalo Creek,CO,yes
80427,Central City,CO,yes
80433,Conifer,CO,yes
80436,Dumont,CO,yes
80438,Empire,CO,yes
80439,Evergreen,CO,yes
80442,Fraser,CO,yes
80444,Georgetown,CO,yes
80448,Grant,CO,yes
80452,Idaho Springs,CO,yes
80453,Idledale,CO,yes
80454,Indian Hills,CO,yes
80455,Jamestown,CO,yes
80457,Kittredge,CO,yes
80465,Morrison,CO,yes
80466,Nederland,CO,yes
80470,Pine,CO,yes
80471,Pinecliffe,CO,yes
80475,Shawnee,CO,yes
80476,Silver Plume,CO,yes
80481,Ward,CO,yes
80482,Winter Park,CO,yes
80501,Longmont,CO,yes
80503,Longmont,CO,yes
80504,Longmont,CO,yes
80510,Allenspark,CO,yes
80511,Estes Park,CO,yes
80512,Bellvue,CO,yes
80513,Berthoud,CO,yes
80514,Dacono,CO,yes
80515,Drake,CO,yes
80516,Erie,CO,yes
80517,Estes Park,CO,yes
80520,Firestone,CO,yes
80521,Fort Collins,CO,yes
80524,Fort Collins,CO,yes
80525,Fort Collins,CO,yes
80526,Fort Collins,CO,yes
80528,Fort Collins,CO,yes
80530,Frederick,CO,yes
80532,Glen Haven,CO,yes
80534,Johnstown,CO,yes
80535,Laporte,CO,yes
80537,Loveland,CO,yes
80538,Loveland,CO,yes
80540,Lyons,CO,yes
80542,Mead,CO,yes
80543,Milliken,CO,yes
80544,Niwot,CO,yes
80546,Severance,CO,yes
80547,Timnath,CO,yes
80549,Wellington,CO,yes
80550,Windsor,CO,yes
80601,Brighton,CO,yes
80602,Brighton,CO,yes
80603,Brighton,CO,yes
80610,Ault,CO,yes
80611,Briggsdale,CO,yes
80612,Carr,CO,yes
80615,Eaton,CO,yes
80620,Evans,CO,yes
80621,Fort Lupton,CO,yes
80622,Galeton,CO,yes
80623,Gilcrest,CO,yes
80624,Gill,CO,yes
80631,Greeley,CO,yes
80634,Greeley,CO,yes
80640,Henderson,CO,yes
80642,Hudson,CO,yes
80643,Keenesburg,CO,yes
80644,Kersey,CO,yes
80645,La Salle,CO,yes
80648,Nunn,CO,yes
80650,Pierce,CO,yes
80651,Platteville,CO,yes
80652,Roggen,CO,yes
80654,Wiggins,CO,yes
80808,Calhan,CO,yes
80809,Cascade,CO,yes
80813,Cripple Creek,CO,yes
80814,Divide,CO,yes
80816,Florissant,CO,yes
80817,Fountain,CO,yes
80819,Green Mountain Falls,CO,yes
80827,Lake George,CO,yes
80829,Manitou Springs,CO,yes
80830,Matheson,CO,yes
80831,Peyton,CO,yes
80835,Simla,CO,yes
80840,Usaf Academy,CO,yes
80860,Victor,CO,yes
80863,Woodland Park,CO,yes
80902,Colorado Springs,CO,yes
80903,Colorado Springs,CO,yes
80904,Colorado Springs,CO,yes
80905,Colorado Springs,CO,yes
80906,Colorado Springs,CO,yes
80907,Colorado Springs,CO,yes
80908,Colorado Springs,CO,yes
80909,Colorado Springs,CO,yes
80910,Colorado Springs,CO,yes
80911,Colorado Springs,CO,yes
80913,Colorado Springs,CO,yes
80914,Colorado Springs,CO,yes
80915,Colorado Springs,CO,yes
80916,Colorado Springs,CO,yes
80917,Colorado Springs,CO,yes
80918,Colorado Springs,CO,yes
80919,Colorado Springs,CO,yes
80920,Colorado Springs,CO,yes
80921,Colorado Springs,CO,yes
80922,Colorado Springs,CO,yes
80923,Colorado Springs,CO,yes
80924,Colorado Springs,CO,yes
80925,Colorado Springs,CO,yes
80926,Colorado Springs,CO,yes
80927,Colorado Springs,CO,yes
80928,Colorado Springs,CO,yes
80929,Colorado Springs,CO,yes
80930,Colorado Springs,CO,yes
80938,Colorado Springs,CO,yes
80939,Colorado Springs,CO,yes
80951,Colorado Springs,CO,yes
83605,Caldwell,ID,yes
83607,Caldwell,ID,yes
83616,Eagle,ID,yes
83617,Emmett,ID,yes
83626,Greenleaf,ID,yes
83628,Homedale,ID,yes
83629,Horseshoe Bend,ID,yes
83631,Idaho City,ID,yes
83634,Kuna,ID,yes
83636,Letha,ID,yes
83639,Marsing,ID,yes
83641,Melba,ID,yes
83642,Meridian,ID,yes
83644,Middleton,ID,yes
83646,Meridian,ID,yes
83647,Mountain Home,ID,yes
83651,Nampa,ID,yes
83656,Notus,ID,yes
83660,Parma,ID,yes
83666,Placerville,ID,yes
83669,Star,ID,yes
83670,Sweet,ID,yes
83676,Wilder,ID,yes
83686,Nampa,ID,yes
83687,Nampa,ID,yes
83702,Boise,ID,yes
83703,Boise,ID,yes
83704,Boise,ID,yes
83705,Boise,ID,yes
83706,Boise,ID,yes
83709,Boise,ID,yes
83712,Boise,ID,yes
83713,Boise,ID,yes
83714,Garden City,ID,yes
83716,Boise,ID,yes
84003,American Fork,UT,yes
84004,Alpine,UT,yes
84005,Eagle Mountain,UT,yes
84006,Bingham Canyon,UT,yes
84010,Bountiful,UT,yes
84013,Cedar Valley,UT,yes
84014,Centerville,UT,yes
84015,Clearfield,UT,yes
84017,Coalville,UT,yes
84018,Croydon,UT,yes
84020,Draper,UT,yes
84024,Echo,UT,yes
84025,Farmington,UT,yes
84029,Grantsville,UT,yes
84032,Heber City,UT,yes
84033,Henefer,UT,yes
84036,Kamas,UT,yes
84037,Kaysville,UT,yes
84040,Layton,UT,yes
84041,Layton,UT,yes
84042,Lindon,UT,yes
84043,Lehi,UT,yes
84044,Magna,UT,yes
84045,Saratoga Springs,UT,yes
84047,Midvale,UT,yes
84049,Midway,UT,yes
84050,Morgan,UT,yes
84054,North Salt Lake,UT,yes
84055,Oakley,UT,yes
84056,Hill Afb,UT,yes
84057,Orem,UT,yes
84058,Orem,UT,yes
84060,Park City,UT,yes
84061,Peoa,UT,yes
84062,Pleasant Grove,UT,yes
84065,Riverton,UT,yes
84067,Roy,UT,yes
84069,Rush Valley,UT,yes
84070,Sandy,UT,yes
84071,Stockton,UT,yes
84074,Tooele,UT,yes
84075,Syracuse,UT,yes
84081,West Jordan,UT,yes
84082,Wallsburg,UT,yes
84084,West Jordan,UT,yes
84087,Woods Cross,UT,yes
84088,West Jordan,UT,yes
84092,Sandy,UT,yes
84093,Sandy,UT,yes
84094,Sandy,UT,yes
84095,South Jordan,UT,yes
84096,Herriman,UT,yes
84097,Orem,UT,yes
84098,Park City,UT,yes
84101,Salt Lake City,UT,yes
84102,Salt Lake City,UT,yes
84103,Salt Lake City,UT,yes
84104,Salt Lake City,UT,yes
84105,Salt Lake City,UT,yes
84106,Salt Lake City,UT,yes
84107,Salt Lake City,UT,yes
84108,Salt Lake City,UT,yes
84109,Salt Lake City,UT,yes
84111,Salt Lake City,UT,yes
84112,Salt Lake City,UT,yes
84113,Salt Lake City,UT,yes
84115,Salt Lake City,UT,yes
84116,Salt Lake City,UT,yes
84117,Salt Lake City,UT,yes
84118,Salt Lake City,UT,yes
84119,West Valley City,UT,yes
84120,West Valley City,UT,yes
84121,Salt Lake City,UT,yes
84123,Salt Lake City,UT,yes
84124,Salt Lake City,UT,yes
84128,West Valley City,UT,yes
84180,Salt Lake City,UT,yes
84310,Eden,UT,yes
84315,Hooper,UT,yes
84317,Huntsville,UT,yes
84340,Willard,UT,yes
84401,Ogden,UT,yes
84403,Ogden,UT,yes
84404,Ogden,UT,yes
84405,Ogden,UT,yes
84414,Ogden,UT,yes
84601,Provo,UT,yes
84604,Provo,UT,yes
84606,Provo,UT,yes
84626,Elberta,UT,yes
84628,Eureka,UT,yes
84633,Goshen,UT,yes
84651,Payson,UT,yes
84653,Salem,UT,yes
84655,Santaquin,UT,yes
84660,Spanish Fork,UT,yes
84663,Springville,UT,yes
84664,Mapleton,UT,yes
85003,Phoenix,AZ,yes
85004,Phoenix,AZ,yes
85006,Phoenix,AZ,yes
85007,Phoenix,AZ,yes
85008,Phoenix,AZ,yes
85009,Phoenix,AZ,yes
85012,Phoenix,AZ,yes
85013,Phoenix,AZ,yes
85014,Phoenix,AZ,yes
85015,Phoenix,AZ,yes
85016,Phoenix,AZ,yes
85017,Phoenix,AZ,yes
85018,Phoenix,AZ,yes
85019,Phoenix,AZ,yes
85020,Phoenix,AZ,yes
85021,Phoenix,AZ,yes
85022,Phoenix,AZ,yes
85023,Phoenix,AZ,yes
85024,Phoenix,AZ,yes
85027,Phoenix,AZ,yes
85028,Phoenix,AZ,yes
85029,Phoenix,AZ,yes
85031,Phoenix,AZ,yes
85032,Phoenix,AZ,yes
85033,Phoenix,AZ,yes
85034,Phoenix,AZ,yes
85035,Phoenix,AZ,yes
85037,Phoenix,AZ,yes
85040,Phoenix,AZ,yes
85041,Phoenix,AZ,yes
85042,Phoenix,AZ,yes
85043,Phoenix,AZ,yes
85044,Phoenix,AZ,yes
85045,Phoenix,AZ,yes
85048,Phoenix,AZ,yes
85050,Phoenix,AZ,yes
85051,Phoenix,AZ,yes
85053,Phoenix,AZ,yes
85054,Phoenix,AZ,yes
85083,Phoenix,AZ,yes
85085,Phoenix,AZ,yes
85086,Phoenix,AZ,yes
85087,New River,AZ,yes
85118,Gold Canyon,AZ,yes
85119,Apache Junction,AZ,yes
85120,Apache Junction,AZ,yes
85121,Bapchule,AZ,yes
85122,Casa Grande,AZ,yes
85123,Arizona City,AZ,yes
85128,Coolidge,AZ,yes
85131,Eloy,AZ,yes
85132,Florence,AZ,yes
85138,Maricopa,AZ,yes
85139,Maricopa,AZ,yes
85140,San Tan Valley,AZ,yes
85141,Picacho,AZ,yes
85142,Queen Creek,AZ,yes
85143,San Tan Valley,AZ,yes
85145,Red Rock,AZ,yes
85147,Sacaton,AZ,yes
85172,Stanfield,AZ,yes
85193,Casa Grande,AZ,yes
85194,Casa Grande,AZ,yes
85201,Mesa,AZ,yes
85202,Mesa,AZ,yes
85203,Mesa,AZ,yes
85204,Mesa,AZ,yes
85205,Mesa,AZ,yes
85206,Mesa,AZ,yes
85207,Mesa,AZ,yes
85208,Mesa,AZ,yes
85209,Mesa,AZ,yes
85210,Mesa,AZ,yes
85212,Mesa,AZ,yes
85213,Mesa,AZ,yes
85215,Mesa,AZ,yes
85224,Chandler,AZ,yes
85225,Chandler,AZ,yes
85226,Chandler,AZ,yes
85233,Gilbert,AZ,yes
85234,Gilbert,AZ,yes
85248,Chandler,AZ,yes
85249,Chandler,AZ,yes
85250,Scottsdale,AZ,yes
85251,Scottsdale,AZ,yes
85253,Paradise Valley,AZ,yes
85254,Scottsdale,AZ,yes
85255,Scottsdale,AZ,yes
85256,Scottsdale,AZ,yes
85257,Scottsdale,AZ,yes
85258,Scottsdale,AZ,yes
85259,Scottsdale,AZ,yes
85260,Scottsdale,AZ,yes
85262,Scottsdale,AZ,yes
85263,Rio Verde,AZ,yes
85264,Fort Mcdowell,AZ,yes
85266,Scottsdale,AZ,yes
85268,Fountain Hills,AZ,yes
85281,Tempe,AZ,yes
85282,Tempe,AZ,yes
85283,Tempe,AZ,yes
85284,Tempe,AZ,yes
85286,Chandler,AZ,yes
85295,Gilbert,AZ,yes
85296,Gilbert,AZ,yes
85297,Gilbert,AZ,yes
85298,Gilbert,AZ,yes
85301,Glendale,AZ,yes
85302,Glendale,AZ,yes
85303,Glendale,AZ,yes
85304,Glendale,AZ,yes
85305,Glendale,AZ,yes
85306,Glendale,AZ,yes
85307,Glendale,AZ,yes
85308,Glendale,AZ,yes
85309,Luke Air Force Base,AZ,yes
85310,Glendale,AZ,yes
85323,Avondale,AZ,yes
85324,Black Canyon City,AZ,yes
85326,Buckeye,AZ,yes
85331,Cave Creek,AZ,yes
85335,El Mirage,AZ,yes
85338,Goodyear,AZ,yes
85339,Laveen,AZ,yes
85340,Litchfield Park,AZ,yes
85343,Palo Verde,AZ,yes
85345,Peoria,AZ,yes
85351,Sun City,AZ,yes
85353,Tolleson,AZ,yes
85355,Waddell,AZ,yes
85363,Youngtown,AZ,yes
85373,Sun City,AZ,yes
85374,Surprise,AZ,yes
85375,Sun City West,AZ,yes
85377,Carefree,AZ,yes
85379,Surprise,AZ,yes
85381,Peoria,AZ,yes
85382,Peoria,AZ,yes
85383,Peoria,AZ,yes
85387,Surprise,AZ,yes
85388,Surprise,AZ,yes
85392,Avondale,AZ,yes
85395,Goodyear,AZ,yes
85396,Buckeye,AZ,yes
85619,Mount Lemmon,AZ,yes
85629,Sahuarita,AZ,yes
85653,Marana,AZ,yes
85654,Rillito,AZ,yes
85658,Marana,AZ,yes
85701,Tucson,AZ,yes
85704,Tucson,AZ,yes
85705,Tucson,AZ,yes
85706,Tucson,AZ,yes
85707,Tucson,AZ,yes
85708,Tucson,AZ,yes
85710,Tucson,AZ,yes
85711,Tucson,AZ,yes
85712,Tucson,AZ,yes
85713,Tucson,AZ,yes
85714,Tucson,AZ,yes
85715,Tucson,AZ,yes
85716,Tucson,AZ,yes
85718,Tucson,AZ,yes
85719,Tucson,AZ,yes
85723,Tucson,AZ,yes
85724,Tucson,AZ,yes
85726,Tucson,AZ,yes
85730,Tucson,AZ,yes
85735,Tucson,AZ,yes
85736,Tucson,AZ,yes
85737,Tucson,AZ,yes
85739,Tucson,AZ,yes
85741,Tucson,AZ,yes
85742,Tucson,AZ,yes
85743,Tucson,AZ,yes
85745,Tucson,AZ,yes
85746,Tucson,AZ,yes
85747,Tucson,AZ,yes
85748,Tucson,AZ,yes
85749,Tucson,AZ,yes
85750,Tucson,AZ,yes
85755,Tucson,AZ,yes
85756,Tucson,AZ,yes
85757,Tucson,AZ,yes
90001,Los Angeles,CA,yes
90002,Los Angeles,CA,yes
90003,Los Angeles,CA,yes
90004,Los Angeles,CA,yes
90005,Los Angeles,CA,yes
90006,Los Angeles,CA,yes
90007,Los Angeles,CA,yes
90008,Los Angeles,CA,yes
90010,Los Angeles,CA,yes
90011,Los Angeles,CA,yes
90012,Los Angeles,CA,yes
90013,Los Angeles,CA,yes
90014,Los Angeles,CA,yes
90015,Los Angeles,CA,yes
90016,Los Angeles,CA,yes
90017,Los Angeles,CA,yes
90018,Los Angeles,CA,yes
90019,Los Angeles,CA,yes
90020,Los Angeles,CA,yes
90021,Los Angeles,CA,yes
90022,Los Angeles,CA,yes
90023,Los Angeles,CA,yes
90024,Los Angeles,CA,yes
90025,Los Angeles,CA,yes
90026,Los Angeles,CA,yes
90027,Los Angeles,CA,yes
90028,Los Angeles,CA,yes
90029,Los Angeles,CA,yes
90031,Los Angeles,CA,yes
90032,Los Angeles,CA,yes
90033,Los Angeles,CA,yes
90034,Los Angeles,CA,yes
90035,Los Angeles,CA,yes
90036,Los Angeles,CA,yes
90037,Los Angeles,CA,yes
90038,Los Angeles,CA,yes
90039,Los Angeles,CA,yes
90040,Los Angeles,CA,yes
90041,Los Angeles,CA,yes
90042,Los Angeles,CA,yes
90043,Los Angeles,CA,yes
90044,Los Angeles,CA,yes
90045,Los Angeles,CA,yes
90046,Los Angeles,CA,yes
90047,Los Angeles,CA,yes
90048,Los Angeles,CA,yes
90049,Los Angeles,CA,yes
90056,Los Angeles,CA,yes
90057,Los Angeles,CA,yes
90058,Los Angeles,CA,yes
90059,Los Angeles,CA,yes
90061,Los Angeles,CA,yes
90062,Los Angeles,CA,yes
90063,Los Angeles,CA,yes
90064,Los Angeles,CA,yes
90065,Los Angeles,CA,yes
90066,Los Angeles,CA,yes
90067,Los Angeles,CA,yes
90068,Los Angeles,CA,yes
90069,West Hollywood,CA,yes
90071,Los Angeles,CA,yes
90073,Los Angeles,CA,yes
90077,Los Angeles,CA,yes
90079,Los Angeles,CA,yes
90089,Los Angeles,CA,yes
90094,Playa Vista,CA,yes
90095,Los Angeles,CA,yes
90201,Bell Gardens,CA,yes
90210,Beverly Hills,CA,yes
90211,Beverly Hills,CA,yes
90212,Beverly Hills,CA,yes
90220,Compton,CA,yes
90221,Compton,CA,yes
90222,Compton,CA,yes
90230,Culver City,CA,yes
90232,Culver City,CA,yes
90240,Downey,CA,yes
90241,Downey,CA,yes
90242,Downey,CA,yes
90245,El Segundo,CA,yes
90247,Gardena,CA,yes
90248,Gardena,CA,yes
90249,Gardena,CA,yes
90250,Hawthorne,CA,yes
90254,Hermosa Beach,CA,yes
90255,Huntington Park,CA,yes
90260,Lawndale,CA,yes
90262,Lynwood,CA,yes
90263,Malibu,CA,yes
90265,Malibu,CA,yes
90266,Manhattan Beach,CA,yes
90270,Maywood,CA,yes
90272,Pacific Palisades,CA,yes
90274,Palos Verdes Peninsula,CA,yes
90275,Rancho Palos Verdes,CA,yes
90277,Redondo Beach,CA,yes
90278,Redondo Beach,CA,yes
90280,South Gate,CA,yes
90290,Topanga,CA,yes
90291,Venice,CA,yes
90292,Marina Del Rey,CA,yes
90293,Playa Del Rey,CA,yes
90301,Inglewood,CA,yes
90302,Inglewood,CA,yes
90303,Inglewood,CA,yes
90304,Inglewood,CA,yes
90305,Inglewood,CA,yes
90401,Santa Monica,CA,yes
90402,Santa Monica,CA,yes
90403,Santa Monica,CA,yes
90404,Santa Monica,CA,yes
90405,Santa Monica,CA,yes
90501,Torrance,CA,yes
90502,Torrance,CA,yes
90503,Torrance,CA,yes
90504,Torrance,CA,yes
90505,Torrance,CA,yes
90506,Torrance,CA,yes
90601,Whittier,CA,yes
90602,Whittier,CA,yes
90603,Whittier,CA,yes
90604,Whittier,CA,yes
90605,Whittier,CA,yes
90606,Whittier,CA,yes
90620,Buena Park,CA,yes
90621,Buena Park,CA,yes
90623,La Palma,CA,yes
90630,Cypress,CA,yes
90631,La Habra,CA,yes
90638,La Mirada,CA,yes
90640,Montebello,CA,yes
90650,Norwalk,CA,yes
90660,Pico Rivera,CA,yes
90670,Santa Fe Springs,CA,yes
90680,Stanton,CA,yes
90701,Artesia,CA,yes
90703,Cerritos,CA,yes
90704,Avalon,CA,yes
90706,Bellflower,CA,yes
90710,Harbor City,CA,yes
90712,Lakewood,CA,yes
90713,Lakewood,CA,yes
90715,Lakewood,CA,yes
90716,Hawaiian Gardens,CA,yes
90717,Lomita,CA,yes
90720,Los Alamitos,CA,yes
90723,Paramount,CA,yes
90731,San Pedro,CA,yes
90732,San Pedro,CA,yes
90740,Seal Beach,CA,yes
90742,Sunset Beach,CA,yes
90743,Surfside,CA,yes
90744,Wilmington,CA,yes
90745,Carson,CA,yes
90746,Carson,CA,yes
90747,Carson,CA,yes
90755,Signal Hill,CA,yes
90802,Long Beach,CA,yes
90803,Long Beach,CA,yes
90804,Long Beach,CA,yes
90805,Long Beach,CA,yes
90806,Long Beach,CA,yes
90807,Long Beach,CA,yes
90808,Long Beach,CA,yes
90810,Long Beach,CA,yes
90813,Long Beach,CA,yes
90814,Long Beach,CA,yes
90815,Long Beach,CA,yes
90822,Long Beach,CA,yes
90831,Long Beach,CA,yes
91001,Altadena,CA,yes
91006,Arcadia,CA,yes
91007,Arcadia,CA,yes
91008,Duarte,CA,yes
91010,Duarte,CA,yes
91011,La Canada Flintridge,CA,yes
91016,Monrovia,CA,yes
91020,Montrose,CA,yes
91024,Sierra Madre,CA,yes
91030,South Pasadena,CA,yes
91042,Tujunga,CA,yes
91046,Verdugo City,CA,yes
91101,Pasadena,CA,yes
91103,Pasadena,CA,yes
91104,Pasadena,CA,yes
91105,Pasadena,CA,yes
91106,Pasadena,CA,yes
91107,Pasadena,CA,yes
91108,San Marino,CA,yes
91201,Glendale,CA,yes
91202,Glendale,CA,yes
91203,Glendale,CA,yes
91204,Glendale,CA,yes
91205,Glendale,CA,yes
91206,Glendale,CA,yes
91207,Glendale,CA,yes
91208,Glendale,CA,yes
91210,Glendale,CA,yes
91214,La Crescenta,CA,yes
91301,Agoura Hills,CA,yes
91302,Calabasas,CA,yes
91303,Canoga Park,CA,yes
91304,Canoga Park,CA,yes
91306,Winnetka,CA,yes
91307,West Hills,CA,yes
91311,Chatsworth,CA,yes
91316,Encino,CA,yes
91320,Newbury Park,CA,yes
91321,Newhall,CA,yes
91324,Northridge,CA,yes
91325,Northridge,CA,yes
91326,Porter Ranch,CA,yes
91330,Northridge,CA,yes
91331,Pacoima,CA,yes
91335,Reseda,CA,yes
91340,San Fernando,CA,yes
91342,Sylmar,CA,yes
91343,North Hills,CA,yes
91344,Granada Hills,CA,yes
91345,Mission Hills,CA,yes
91350,Santa Clarita,CA,yes
91351,Canyon Country,CA,yes
91352,Sun Valley,CA,yes
91354,Valencia,CA,yes
91355,Valencia,CA,yes
91356,Tarzana,CA,yes
91360,Thousand Oaks,CA,yes
91361,Westlake Village,CA,yes
91362,Thousand Oaks,CA,yes
91364,Woodland Hills,CA,yes
91367,Woodland Hills,CA,yes
91371,Woodland Hills,CA,yes
91377,Oak Park,CA,yes
91381,Stevenson Ranch,CA,yes
91384,Castaic,CA,yes
91387,Canyon Country,CA,yes
91390,Santa Clarita,CA,yes
91401,Van Nuys,CA,yes
91402,Panorama City,CA,yes
91403,Sherman Oaks,CA,yes
91405,Van Nuys,CA,yes
91406,Van Nuys,CA,yes
91411,Van Nuys,CA,yes
91423,Sherman Oaks,CA,yes
91436,Encino,CA,yes
91501,Burbank,CA,yes
91502,Burbank,CA,yes
91504,Burbank,CA,yes
91505,Burbank,CA,yes
91506,Burbank,CA,yes
91601,North Hollywood,CA,yes
91602,North Hollywood,CA,yes
91604,Studio City,CA,yes
91605,North Hollywood,CA,yes
91606,North Hollywood,CA,yes
91607,Valley Village,CA,yes
91608,Universal City,CA,yes
91701,Rancho Cucamonga,CA,yes
91702,Azusa,CA,yes
91706,Baldwin Park,CA,yes
91708,Chino,CA,yes
91709,Chino Hills,CA,yes
91710,Chino,CA,yes
91711,Claremont,CA,yes
91722,Covina,CA,yes
91723,Covina,CA,yes
91724,Covina,CA,yes
91730,Rancho Cucamonga,CA,yes
91731,El Monte,CA,yes
91732,El Monte,CA,yes
91733,South El Monte,CA,yes
91737,Rancho Cucamonga,CA,yes
91739,Rancho Cucamonga,CA,yes
91740,Glendora,CA,yes
91741,Glendora,CA,yes
91744,La Puente,CA,yes
91745,Hacienda Heights,CA,yes
91746,La Puente,CA,yes
91748,Rowland Heights,CA,yes
91750,La Verne,CA,yes
91752,Mira Loma,CA,yes
91754,Monterey Park,CA,yes
91755,Monterey Park,CA,yes
91759,Mount Baldy,CA,yes
91761,Ontario,CA,yes
91762,Ontario,CA,yes
91763,Montclair,CA,yes
91764,Ontario,CA,yes
91765,Diamond Bar,CA,yes
91766,Pomona,CA,yes
91767,Pomona,CA,yes
91768,Pomona,CA,yes
91770,Rosemead,CA,yes
91773,San Dimas,CA,yes
91775,San Gabriel,CA,yes
91776,San Gabriel,CA,yes
91780,Temple City,CA,yes
91784,Upland,CA,yes
91786,Upland,CA,yes
91789,Walnut,CA,yes
91790,West Covina,CA,yes
91791,West Covina,CA,yes
91792,West Covina,CA,yes
91801,Alhambra,CA,yes
91803,Alhambra,CA,yes
91901,Alpine,CA,yes
91902,Bonita,CA,yes
91910,Chula Vista,CA,yes
91911,Chula Vista,CA,yes
91913,Chula Vista,CA,yes
91914,Chula Vista,CA,yes
91915,Chula Vista,CA,yes
91916,Descanso,CA,yes
91932,Imperial Beach,CA,yes
91935,Jamul,CA,yes
91941,La Mesa,CA,yes
91942,La Mesa,CA,yes
91945,Lemon Grove,CA,yes
91950,National City,CA,yes
91977,Spring Valley,CA,yes
91978,Spring Valley,CA,yes
92003,Bonsall,CA,yes
92007,Cardiff By The Sea,CA,yes
92008,Carlsbad,CA,yes
92009,Carlsbad,CA,yes
92010,Carlsbad,CA,yes
92011,Carlsbad,CA,yes
92014,Del Mar,CA,yes
92019,El Cajon,CA,yes
92020,El Cajon,CA,yes
92021,El Cajon,CA,yes
92024,Encinitas,CA,yes
92025,Escondido,CA,yes
92026,Escondido,CA,yes
92027,Escondido,CA,yes
92028,Fallbrook,CA,yes
92029,Escondido,CA,yes
92036,Julian,CA,yes
92037,La Jolla,CA,yes
92040,Lakeside,CA,yes
92054,Oceanside,CA,yes
92055,Camp Pendleton,CA,yes
92056,Oceanside,CA,yes
92057,Oceanside,CA,yes
92058,Oceanside,CA,yes
92059,Pala,CA,yes
92060,Palomar Mountain,CA,yes
92061,Pauma Valley,CA,yes
92064,Poway,CA,yes
92065,Ramona,CA,yes
92067,Rancho Santa Fe,CA,yes
92069,San Marcos,CA,yes
92070,Santa Ysabel,CA,yes
92071,Santee,CA,yes
92075,Solana Beach,CA,yes
92078,San Marcos,CA,yes
92081,Vista,CA,yes
92082,Valley Center,CA,yes
92083,Vista,CA,yes
92084,Vista,CA,yes
92086,Warner Springs,CA,yes
92091,Rancho Santa Fe,CA,yes
92101,San Diego,CA,yes
92102,San Diego,CA,yes
92103,San Diego,CA,yes
92104,San Diego,CA,yes
92105,San Diego,CA,yes
92106,San Diego,CA,yes
92107,San Diego,CA,yes
92108,San Diego,CA,yes
92109,San Diego,CA,yes
92110,San Diego,CA,yes
92111,San Diego,CA,yes
92113,San Diego,CA,yes
92114,San Diego,CA,yes
92115,San Diego,CA,yes
92116,San Diego,CA,yes
92117,San Diego,CA,yes
92118,Coronado,CA,yes
92119,San Diego,CA,yes
92120,San Diego,CA,yes
92121,San Diego,CA,yes
92122,San Diego,CA,yes
92123,San Diego,CA,yes
92124,San Diego,CA,yes
92126,San Diego,CA,yes
92127,San Diego,CA,yes
92128,San Diego,CA,yes
92129,San Diego,CA,yes
92130,San Diego,CA,yes
92131,San Diego,CA,yes
92132,San Diego,CA,yes
92134,San Diego,CA,yes
92135,San Diego,CA,yes
92139,San Diego,CA,yes
92140,San Diego,CA,yes
92145,San Diego,CA,yes
92147,San Diego,CA,yes
92154,San Diego,CA,yes
92155,San Diego,CA,yes
92173,San Ysidro,CA,yes
92220,Banning,CA,yes
92223,Beaumont,CA,yes
92230,Cabazon,CA,yes
92301,Adelanto,CA,yes
92313,Grand Terrace,CA,yes
92316,Bloomington,CA,yes
92320,Calimesa,CA,yes
92321,Cedar Glen,CA,yes
92322,Cedarpines Park,CA,yes
92324,Colton,CA,yes
92325,Crestline,CA,yes
92335,Fontana,CA,yes
92336,Fontana,CA,yes
92337,Fontana,CA,yes
92344,Hesperia,CA,yes
92345,Hesperia,CA,yes
92346,Highland,CA,yes
92352,Lake Arrowhead,CA,yes
92354,Loma Linda,CA,yes
92358,Lytle Creek,CA,yes
92359,Mentone,CA,yes
92371,Phelan,CA,yes
92372,Pinon Hills,CA,yes
92373,Redlands,CA,yes
92374,Redlands,CA,yes
92376,Rialto,CA,yes
92377,Rialto,CA,yes
92378,Rimforest,CA,yes
92382,Running Springs,CA,yes
92385,Skyforest,CA,yes
92391,Twin Peaks,CA,yes
92392,Victorville,CA,yes
92394,Victorville,CA,yes
92395,Victorville,CA,yes
92397,Wrightwood,CA,yes
92399,Yucaipa,CA,yes
92401,San Bernardino,CA,yes
92404,San Bernardino,CA,yes
92405,San Bernardino,CA,yes
92407,San Bernardino,CA,yes
92408,San Bernardino,CA,yes
92410,San Bernardino,CA,yes
92411,San Bernardino,CA,yes
92501,Riverside,CA,yes
92503,Riverside,CA,yes
92504,Riverside,CA,yes
92505,Riverside,CA,yes
92506,Riverside,CA,yes
92507,Riverside,CA,yes
92508,Riverside,CA,yes
92509,Riverside,CA,yes
92518,March Air Reserve Base,CA,yes
92530,Lake Elsinore,CA,yes
92532,Lake Elsinore,CA,yes
92543,Hemet,CA,yes
92544,Hemet,CA,yes
92545,Hemet,CA,yes
92548,Homeland,CA,yes
92551,Moreno Valley,CA,yes
92553,Moreno Valley,CA,yes
92555,Moreno Valley,CA,yes
92557,Moreno Valley,CA,yes
92562,Murrieta,CA,yes
92563,Murrieta,CA,yes
92567,Nuevo,CA,yes
92570,Perris,CA,yes
92571,Perris,CA,yes
92582,San Jacinto,CA,yes
92583,San Jacinto,CA,yes
92584,Menifee,CA,yes
92585,Sun City,CA,yes
92586,Sun City,CA,yes
92587,Quail Valley,CA,yes
92590,Temecula,CA,yes
92591,Temecula,CA,yes
92592,Temecula,CA,yes
92595,Wildomar,CA,yes
92596,Winchester,CA,yes
92602,Irvine,CA,yes
92603,Irvine,CA,yes
92604,Irvine,CA,yes
92606,Irvine,CA,yes
92610,Foothill Ranch,CA,yes
92612,Irvine,CA,yes
92614,Irvine,CA,yes
92617,Irvine,CA,yes
92618,Irvine,CA,yes
92620,Irvine,CA,yes
92624,Capistrano Beach,CA,yes
92625,Corona Del Mar,CA,yes
92626,Costa Mesa,CA,yes
92627,Costa Mesa,CA,yes
92629,Dana Point,CA,yes
92630,Lake Forest,CA,yes
92637,Laguna Woods,CA,yes
92646,Huntington Beach,CA,yes
92647,Huntington Beach,CA,yes
92648,Huntington Beach,CA,yes
92649,Huntington Beach,CA,yes
92651,Laguna Beach,CA,yes
92653,Laguna Hills,CA,yes
92655,Midway City,CA,yes
92656,Aliso Viejo,CA,yes
92657,Newport Coast,CA,yes
92660,Newport Beach,CA,yes
92661,Newport Beach,CA,yes
92662,Newport Beach,CA,yes
92663,Newport Beach,CA,yes
92672,San Clemente,CA,yes
92673,San Clemente,CA,yes
92675,San Juan Capistrano,CA,yes
92676,Silverado,CA,yes
92677,Laguna Niguel,CA,yes
92678,Trabuco Canyon,CA,yes
92679,Trabuco Canyon,CA,yes
92683,Westminster,CA,yes
92688,Rancho Santa Margarita,CA,yes
92691,Mission Viejo,CA,yes
92692,Mission Viejo,CA,yes
92694,Ladera Ranch,CA,yes
92701,Santa Ana,CA,yes
92703,Santa Ana,CA,yes
92704,Santa Ana,CA,yes
92705,Santa Ana,CA,yes
92706,Santa Ana,CA,yes
92707,Santa Ana,CA,yes
92708,Fountain Valley,CA,yes
92780,Tustin,CA,yes
92782,Tustin,CA,yes
92801,Anaheim,CA,yes
92802,Anaheim,CA,yes
92804,Anaheim,CA,yes
92805,Anaheim,CA,yes
92806,Anaheim,CA,yes
92807,Anaheim,CA,yes
92808,Anaheim,CA,yes
92821,Brea,CA,yes
92823,Brea,CA,yes
92831,Fullerton,CA,yes
92832,Fullerton,CA,yes
92833,Fullerton,CA,yes
92835,Fullerton,CA,yes
92840,Garden Grove,CA,yes
92841,Garden Grove,CA,yes
92843,Garden Grove,CA,yes
92844,Garden Grove,CA,yes
92845,Garden Grove,CA,yes
92860,Norco,CA,yes
92861,Villa Park,CA,yes
92865,Orange,CA,yes
92866,Orange,CA,yes
92867,Orange,CA,yes
92868,Orange,CA,yes
92869,Orange,CA,yes
92870,Placentia,CA,yes
92879,Corona,CA,yes
92880,Corona,CA,yes
92881,Corona,CA,yes
92882,Corona,CA,yes
92883,Corona,CA,yes
92886,Yorba Linda,CA,yes
92887,Yorba Linda,CA,yes
93001,Ventura,CA,yes
93003,Ventura,CA,yes
93004,Ventura,CA,yes
93010,Camarillo,CA,yes
93012,Camarillo,CA,yes
93013,Carpinteria,CA,yes
93015,Fillmore,CA,yes
93021,Moorpark,CA,yes
93022,Oak View,CA,yes
93023,Ojai,CA,yes
93030,Oxnard,CA,yes
93033,Oxnard,CA,yes
93035,Oxnard,CA,yes
93036,Oxnard,CA,yes
93040,Piru,CA,yes
93041,Port Hueneme,CA,yes
93042,Point Mugu Nawc,CA,yes
93043,Port Hueneme Cbc Base,CA,yes
93060,Santa Paula,CA,yes
93063,Simi Valley,CA,yes
93064,Brandeis,CA,yes
93065,Simi Valley,CA,yes
93066,Somis,CA,yes
93067,Summerland,CA,yes
93225,Frazier Park,CA,yes
93243,Lebec,CA,yes
93510,Acton,CA,yes
93532,Lake Hughes,CA,yes
93534,Lancaster,CA,yes
93535,Lancaster,CA,yes
93536,Lancaster,CA,yes
93543,Littlerock,CA,yes
93544,Llano,CA,yes
93550,Palmdale,CA,yes
93551,Palmdale,CA,yes
93552,Palmdale,CA,yes
93553,Pearblossom,CA,yes
93560,Rosamond,CA,yes
93563,Valyermo,CA,yes
93591,Palmdale,CA,yes
94002,Belmont,CA,yes
94005,Brisbane,CA,yes
94010,Burlingame,CA,yes
94014,Daly City,CA,yes
94015,Daly City,CA,yes
94019,Half Moon Bay,CA,yes
94020,La Honda,CA,yes
94021,Loma Mar,CA,yes
94022,Los Altos,CA,yes
94024,Los Altos,CA,yes
94025,Menlo Park,CA,yes
94027,Atherton,CA,yes
94028,Portola Valley,CA,yes
94030,Millbrae,CA,yes
94037,Montara,CA,yes
94038,Moss Beach,CA,yes
94040,Mountain View,CA,yes
94041,Mountain View,CA,yes
94043,Mountain View,CA,yes
94044,Pacifica,CA,yes
94060,Pescadero,CA,yes
94061,Redwood City,CA,yes
94062,Redwood City,CA,yes
94063,Redwood City,CA,yes
94065,Redwood City,CA,yes
94066,San Bruno,CA,yes
94070,San Carlos,CA,yes
94074,San Gregorio,CA,yes
94080,South San Francisco,CA,yes
94085,Sunnyvale,CA,yes
94086,Sunnyvale,CA,yes
94087,Sunnyvale,CA,yes
94089,Sunnyvale,CA,yes
94102,San Francisco,CA,yes
94103,San Francisco,CA,yes
94104,San Francisco,CA,yes
94105,San Francisco,CA,yes
94107,San Francisco,CA,yes
94108,San Francisco,CA,yes
94109,San Francisco,CA,yes
94110,San Francisco,CA,yes
94111,San Francisco,CA,yes
94112,San Francisco,CA,yes
94114,San Francisco,CA,yes
94115,San Francisco,CA,yes
94116,San Francisco,CA,yes
94117,San Francisco,CA,yes
94118,San Francisco,CA,yes
94121,San Francisco,CA,yes
94122,San Francisco,CA,yes
94123,San Francisco,CA,yes
94124,San Francisco,CA,yes
94127,San Francisco,CA,yes
94128,San Francisco,CA,yes
94129,San Francisco,CA,yes
94130,San Francisco,CA,yes
94131,San Francisco,CA,yes
94132,San Francisco,CA,yes
94133,San Francisco,CA,yes
94134,San Francisco,CA,yes
94158,San Francisco,CA,yes
94301,Palo Alto,CA,yes
94303,Palo Alto,CA,yes
94304,Palo Alto,CA,yes
94305,Stanford,CA,yes
94306,Palo Alto,CA,yes
94401,San Mateo,CA,yes
94402,San Mateo,CA,yes
94403,San Mateo,CA,yes
94404,San Mateo,CA,yes
94501,Alameda,CA,yes
94502,Alameda,CA,yes
94503,American Canyon,CA,yes
94505,Discovery Bay,CA,yes
94506,Danville,CA,yes
94507,Alamo,CA,yes
94509,Antioch,CA,yes
94510,Benicia,CA,yes
94511,Bethel Island,CA,yes
94512,Birds Landing,CA,yes
94513,Brentwood,CA,yes
94514,Byron,CA,yes
94516,Canyon,CA,yes
94517,Clayton,CA,yes
94518,Concord,CA,yes
94519,Concord,CA,yes
94520,Concord,CA,yes
94521,Concord,CA,yes
94523,Pleasant Hill,CA,yes
94525,Crockett,CA,yes
94526,Danville,CA,yes
94528,Diablo,CA,yes
94530,El Cerrito,CA,yes
94531,Antioch,CA,yes
94533,Fairfield,CA,yes
94534,Fairfield,CA,yes
94535,Travis Afb,CA,yes
94536,Fremont,CA,yes
94538,Fremont,CA,yes
94539,Fremont,CA,yes
94541,Hayward,CA,yes
94542,Hayward,CA,yes
94544,Hayward,CA,yes
94545,Hayward,CA,yes
94546,Castro Valley,CA,yes
94547,Hercules,CA,yes
94548,Knightsen,CA,yes
94549,Lafayette,CA,yes
94550,Livermore,CA,yes
94551,Livermore,CA,yes
94552,Castro Valley,CA,yes
94553,Martinez,CA,yes
94555,Fremont,CA,yes
94556,Moraga,CA,yes
94558,Napa,CA,yes
94559,Napa,CA,yes
94560,Newark,CA,yes
94561,Oakley,CA,yes
94563,Orinda,CA,yes
94564,Pinole,CA,yes
94565,Pittsburg,CA,yes
94566,Pleasanton,CA,yes
94568,Dublin,CA,yes
94569,Port Costa,CA,yes
94571,Rio Vista,CA,yes
94572,Rodeo,CA,yes
94575,Moraga,CA,yes
94577,San Leandro,CA,yes
94578,San Leandro,CA,yes
94579,San Leandro,CA,yes
94580,San Lorenzo,CA,yes
94582,San Ramon,CA,yes
94583,San Ramon,CA,yes
94585,Suisun City,CA,yes
94586,Sunol,CA,yes
94587,Union City,CA,yes
94588,Pleasanton,CA,yes
94589,Vallejo,CA,yes
94590,Vallejo,CA,yes
94591,Vallejo,CA,yes
94592,Vallejo,CA,yes
94595,Walnut Creek,CA,yes
94596,Walnut Creek,CA,yes
94597,Walnut Creek,CA,yes
94598,Walnut Creek,CA,yes
94601,Oakland,CA,yes
94602,Oakland,CA,yes
94603,Oakland,CA,yes
94605,Oakland,CA,yes
94606,Oakland,CA,yes
94607,Oakland,CA,yes
94608,Emeryville,CA,yes
94609,Oakland,CA,yes
94610,Oakland,CA,yes
94611,Oakland,CA,yes
94612,Oakland,CA,yes
94613,Oakland,CA,yes
94618,Oakland,CA,yes
94619,Oakland,CA,yes
94621,Oakland,CA,yes
94702,Berkeley,CA,yes
94703,Berkeley,CA,yes
94704,Berkeley,CA,yes
94705,Berkeley,CA,yes
94706,Albany,CA,yes
94707,Berkeley,CA,yes
94708,Berkeley,CA,yes
94709,Berkeley,CA,yes
94710,Berkeley,CA,yes
94720,Berkeley,CA,yes
94801,Richmond,CA,yes
94803,El Sobrante,CA,yes
94804,Richmond,CA,yes
94805,Richmond,CA,yes
94806,San Pablo,CA,yes
94850,Richmond,CA,yes
94901,San Rafael,CA,yes
94903,San Rafael,CA,yes
94904,Greenbrae,CA,yes
94920,Belvedere Tiburon,CA,yes
94924,Bolinas,CA,yes
94925,Corte Madera,CA,yes
94930,Fairfax,CA,yes
94933,Forest Knolls,CA,yes
94939,Larkspur,CA,yes
94941,Mill Valley,CA,yes
94945,Novato,CA,yes
94947,Novato,CA,yes
94949,Novato,CA,yes
94952,Petaluma,CA,yes
94954,Petaluma,CA,yes
94957,Ross,CA,yes
94960,San Anselmo,CA,yes
94963,San Geronimo,CA,yes
94964,San Quentin,CA,yes
94965,Sausalito,CA,yes
94970,Stinson Beach,CA,yes
94973,Woodacre,CA,yes
95002,Alviso,CA,yes
95003,Aptos,CA,yes
95005,Ben Lomond,CA,yes
95006,Boulder Creek,CA,yes
95007,Brookdale,CA,yes
95008,Campbell,CA,yes
95010,Capitola,CA,yes
95013,Coyote,CA,yes
95014,Cupertino,CA,yes
95017,Davenport,CA,yes
95018,Felton,CA,yes
95019,Freedom,CA,yes
95020,Gilroy,CA,yes
95030,Los Gatos,CA,yes
95032,Los Gatos,CA,yes
95033,Los Gatos,CA,yes
95035,Milpitas,CA,yes
95037,Morgan Hill,CA,yes
95041,Mount Hermon,CA,yes
95046,San Martin,CA,yes
95050,Santa Clara,CA,yes
95051,Santa Clara,CA,yes
95053,Santa Clara,CA,yes
95054,Santa Clara,CA,yes
95060,Santa Cruz,CA,yes
95062,Santa Cruz,CA,yes
95064,Santa Cruz,CA,yes
95065,Santa Cruz,CA,yes
95066,Scotts Valley,CA,yes
95070,Saratoga,CA,yes
95073,Soquel,CA,yes
95076,Watsonville,CA,yes
95110,San Jose,CA,yes
95111,San Jose,CA,yes
95112,San Jose,CA,yes
95113,San Jose,CA,yes
95116,San Jose,CA,yes
95117,San Jose,CA,yes
95118,San Jose,CA,yes
95119,San Jose,CA,yes
95120,San Jose,CA,yes
95121,San Jose,CA,yes
95122,San Jose,CA,yes
95123,San Jose,CA,yes
95124,San Jose,CA,yes
95125,San Jose,CA,yes
95126,San Jose,CA,yes
95127,San Jose,CA,yes
95128,San Jose,CA,yes
95129,San Jose,CA,yes
95130,San Jose,CA,yes
95131,San Jose,CA,yes
95132,San Jose,CA,yes
95133,San Jose,CA,yes
95134,San Jose,CA,yes
95135,San Jose,CA,yes
95136,San Jose,CA,yes
95138,San Jose,CA,yes
95139,San Jose,CA,yes
95140,Mount Hamilton,CA,yes
95148,San Jose,CA,yes
95202,Stockton,CA,yes
95203,Stockton,CA,yes
95204,Stockton,CA,yes
95205,Stockton,CA,yes
95206,Stockton,CA,yes
95207,Stockton,CA,yes
95209,Stockton,CA,yes
95210,Stockton,CA,yes
95211,Stockton,CA,yes
95212,Stockton,CA,yes
95215,Stockton,CA,yes
95219,Stockton,CA,yes
95220,Acampo,CA,yes
95225,Burson,CA,yes
95226,Campo Seco,CA,yes
95227,Clements,CA,yes
95231,French Camp,CA,yes
95234,Holt,CA,yes
95236,Linden,CA,yes
95237,Lockeford,CA,yes
95240,Lodi,CA,yes
95242,Lodi,CA,yes
95252,Valley Springs,CA,yes
95254,Wallace,CA,yes
95258,Woodbridge,CA,yes
95304,Tracy,CA,yes
95330,Lathrop,CA,yes
95336,Manteca,CA,yes
95337,Manteca,CA,yes
95376,Tracy,CA,yes
95377,Tracy,CA,yes
95385,Vernalis,CA,yes
95387,Westley,CA,yes
95391,Tracy,CA,yes
95476,Sonoma,CA,yes
95601,Amador City,CA,yes
95602,Auburn,CA,yes
95603,Auburn,CA,yes
95604,Auburn,CA,yes
95605,West Sacramento,CA,yes
95608,Carmichael,CA,yes
95610,Citrus Heights,CA,yes
95612,Clarksburg,CA,yes
95614,Cool,CA,yes
95615,Courtland,CA,yes
95616,Davis,CA,yes
95618,Davis,CA,yes
95619,Diamond Springs,CA,yes
95620,Dixon,CA,yes
95621,Citrus Heights,CA,yes
95623,El Dorado,CA,yes
95624,Elk Grove,CA,yes
95625,Elmira,CA,yes
95626,Elverta,CA,yes
95628,Fair Oaks,CA,yes
95630,Folsom,CA,yes
95631,Foresthill,CA,yes
95632,Galt,CA,yes
95633,Garden Valley,CA,yes
95634,Georgetown,CA,yes
95635,Greenwood,CA,yes
95638,Herald,CA,yes
95639,Hood,CA,yes
95640,Ione,CA,yes
95641,Isleton,CA,yes
95645,Knights Landing,CA,yes
95648,Lincoln,CA,yes
95650,Loomis,CA,yes
95651,Lotus,CA,yes
95652,Mcclellan,CA,yes
95653,Madison,CA,yes
95655,Mather,CA,yes
95658,Newcastle,CA,yes
95659,Nicolaus,CA,yes
95660,North Highlands,CA,yes
95661,Roseville,CA,yes
95662,Orangevale,CA,yes
95663,Penryn,CA,yes
95664,Pilot Hill,CA,yes
95667,Placerville,CA,yes
95668,Pleasant Grove,CA,yes
95669,Plymouth,CA,yes
95670,Rancho Cordova,CA,yes
95672,Rescue,CA,yes
95673,Rio Linda,CA,yes
95674,Rio Oso,CA,yes
95677,Rocklin,CA,yes
95678,Roseville,CA,yes
95680,Ryde,CA,yes
95681,Sheridan,CA,yes
95682,Shingle Springs,CA,yes
95683,Sloughhouse,CA,yes
95684,Somerset,CA,yes
95686,Thornton,CA,yes
95687,Vacaville,CA,yes
95688,Vacaville,CA,yes
95690,Walnut Grove,CA,yes
95691,West Sacramento,CA,yes
95692,Wheatland,CA,yes
95693,Wilton,CA,yes
95694,Winters,CA,yes
95695,Woodland,CA,yes
95697,Yolo,CA,yes
95698,Zamora,CA,yes
95699,Drytown,CA,yes
95703,Applegate,CA,yes
95709,Camino,CA,yes
95713,Colfax,CA,yes
95722,Meadow Vista,CA,yes
95736,Weimar,CA,yes
95742,Rancho Cordova,CA,yes
95746,Granite Bay,CA,yes
95747,Roseville,CA,yes
95757,Elk Grove,CA,yes
95758,Elk Grove,CA,yes
95762,El Dorado Hills,CA,yes
95765,Rocklin,CA,yes
95776,Woodland,CA,yes
95811,Sacramento,CA,yes
95814,Sacramento,CA,yes
95815,Sacramento,CA,yes
95816,Sacramento,CA,yes
95817,Sacramento,CA,yes
95818,Sacramento,CA,yes
95819,Sacramento,CA,yes
95820,Sacramento,CA,yes
95821,Sacramento,CA,yes
95822,Sacramento,CA,yes
95823,Sacramento,CA,yes
95824,Sacramento,CA,yes
95825,Sacramento,CA,yes
95826,Sacramento,CA,yes
95827,Sacramento,CA,yes
95828,Sacramento,CA,yes
95829,Sacramento,CA,yes
95830,Sacramento,CA,yes
95831,Sacramento,CA,yes
95832,Sacramento,CA,yes
95833,Sacramento,CA,yes
95834,Sacramento,CA,yes
95835,Sacramento,CA,yes
95837,Sacramento,CA,yes
95838,Sacramento,CA,yes
95841,Sacramento,CA,yes
95842,Sacramento,CA,yes
95843,Antelope,CA,yes
95864,Sacramento,CA,yes
95903,Beale Afb,CA,yes
95949,Grass Valley,CA,yes
95961,Olivehurst,CA,yes
95991,Yuba City,CA,yes
95993,Yuba City,CA,yes
97002,Aurora,OR,yes
97004,Beavercreek,OR,yes
97005,Beaverton,OR,yes
97006,Beaverton,OR,yes
97007,Beaverton,OR,yes
97008,Beaverton,OR,yes
97009,Boring,OR,yes
97011,Brightwood,OR,yes
97013,Canby,OR,yes
97014,Cascade Locks,OR,yes
97015,Clackamas,OR,yes
97016,Clatskanie,OR,yes
97017,Colton,OR,yes
97018,Columbia City,OR,yes
97019,Corbett,OR,yes
97020,Donald,OR,yes
97022,Eagle Creek,OR,yes
97023,Estacada,OR,yes
97024,Fairview,OR,yes
97026,Gervais,OR,yes
97027,Gladstone,OR,yes
97028,Government Camp,OR,yes
97030,Gresham,OR,yes
97032,Hubbard,OR,yes
97034,Lake Oswego,OR,yes
97035,Lake Oswego,OR,yes
97038,Molalla,OR,yes
97041,Mount Hood Parkdale,OR,yes
97042,Mulino,OR,yes
97045,Oregon City,OR,yes
97048,Rainier,OR,yes
97049,Rhododendron,OR,yes
97051,Saint Helens,OR,yes
97053,Warren,OR,yes
97054,Deer Island,OR,yes
97055,Sandy,OR,yes
97056,Scappoose,OR,yes
97060,Troutdale,OR,yes
97062,Tualatin,OR,yes
97064,Vernonia,OR,yes
97067,Welches,OR,yes
97068,West Linn,OR,yes
97070,Wilsonville,OR,yes
97071,Woodburn,OR,yes
97080,Gresham,OR,yes
97086,Happy Valley,OR,yes
97089,Damascus,OR,yes
97101,Amity,OR,yes
97106,Banks,OR,yes
97107,Bay City,OR,yes
97108,Beaver,OR,yes
97109,Buxton,OR,yes
97111,Carlton,OR,yes
97112,Cloverdale,OR,yes
97113,Cornelius,OR,yes
97114,Dayton,OR,yes
97115,Dundee,OR,yes
97116,Forest Grove,OR,yes
97117,Gales Creek,OR,yes
97118,Garibaldi,OR,yes
97119,Gaston,OR,yes
97122,Hebo,OR,yes
97123,Hillsboro,OR,yes
97124,Hillsboro,OR,yes
97125,Manning,OR,yes
97127,Lafayette,OR,yes
97128,Mcminnville,OR,yes
97132,Newberg,OR,yes
97133,North Plains,OR,yes
97134,Oceanside,OR,yes
97135,Pacific City,OR,yes
97137,Saint Paul,OR,yes
97140,Sherwood,OR,yes
97141,Tillamook,OR,yes
97144,Timber,OR,yes
97148,Yamhill,OR,yes
97201,Portland,OR,yes
97202,Portland,OR,yes
97203,Portland,OR,yes
97204,Portland,OR,yes
97205,Portland,OR,yes
97206,Portland,OR,yes
97208,Portland,OR,yes
97209,Portland,OR,yes
97210,Portland,OR,yes
97211,Portland,OR,yes
97212,Portland,OR,yes
97213,Portland,OR,yes
97214,Portland,OR,yes
97215,Portland,OR,yes
97216,Portland,OR,yes
97217,Portland,OR,yes
97218,Portland,OR,yes
97219,Portland,OR,yes
97220,Portland,OR,yes
97221,Portland,OR,yes
97222,Portland,OR,yes
97223,Portland,OR,yes
97224,Portland,OR,yes
97225,Portland,OR,yes
97227,Portland,OR,yes
97229,Portland,OR,yes
97230,Portland,OR,yes
97231,Portland,OR,yes
97232,Portland,OR,yes
97233,Portland,OR,yes
97236,Portland,OR,yes
97239,Portland,OR,yes
97266,Portland,OR,yes
97267,Portland,OR,yes
97301,Salem,OR,yes
97302,Salem,OR,yes
97303,Salem,OR,yes
97304,Salem,OR,yes
97305,Salem,OR,yes
97306,Salem,OR,yes
97317,Salem,OR,yes
97321,Albany,OR,yes
97322,Albany,OR,yes
97325,Aumsville,OR,yes
97327,Brownsville,OR,yes
97330,Corvallis,OR,yes
97331,Corvallis,OR,yes
97333,Corvallis,OR,yes
97338,Dallas,OR,yes
97342,Detroit,OR,yes
97343,Eddyville,OR,yes
97344,Falls City,OR,yes
97346,Gates,OR,yes
97347,Grand Ronde,OR,yes
97348,Halsey,OR,yes
97351,Independence,OR,yes
97352,Jefferson,OR,yes
97355,Lebanon,OR,yes
97357,Logsden,OR,yes
97358,Lyons,OR,yes
97360,Mill City,OR,yes
97361,Monmouth,OR,yes
97362,Mount Angel,OR,yes
97364,Neotsu,OR,yes
97365,Newport,OR,yes
97367,Lincoln City,OR,yes
97368,Otis,OR,yes
97369,Otter Rock,OR,yes
97371,Rickreall,OR,yes
97373,Saint Benedict,OR,yes
97374,Scio,OR,yes
97375,Scotts Mills,OR,yes
97377,Shedd,OR,yes
97378,Sheridan,OR,yes
97380,Siletz,OR,yes
97381,Silverton,OR,yes
97383,Stayton,OR,yes
97384,Mehama,OR,yes
97385,Sublimity,OR,yes
97386,Sweet Home,OR,yes
97388,Gleneden Beach,OR,yes
97389,Tangent,OR,yes
97392,Turner,OR,yes
97396,Willamina,OR,yes
97401,Eugene,OR,yes
97402,Eugene,OR,yes
97403,Eugene,OR,yes
97404,Eugene,OR,yes
97405,Eugene,OR,yes
97408,Eugene,OR,yes
97446,Harrisburg,OR,yes
97448,Junction City,OR,yes
97454,Marcola,OR,yes
97456,Monroe,OR,yes
97477,Springfield,OR,yes
97478,Springfield,OR,yes
97489,Walterville,OR,yes
98001,Auburn,WA,yes
98002,Auburn,WA,yes
98003,Federal Way,WA,yes
98004,Bellevue,WA,yes
98005,Bellevue,WA,yes
98006,Bellevue,WA,yes
98007,Bellevue,WA,yes
98008,Bellevue,WA,yes
98010,Black Diamond,WA,yes
98011,Bothell,WA,yes
98012,Bothell,WA,yes
98014,Carnation,WA,yes
98019,Duvall,WA,yes
98020,Edmonds,WA,yes
98021,Bothell,WA,yes
98022,Enumclaw,WA,yes
98023,Federal Way,WA,yes
98024,Fall City,WA,yes
98026,Edmonds,WA,yes
98027,Issaquah,WA,yes
98028,Kenmore,WA,yes
98029,Issaquah,WA,yes
98030,Kent,WA,yes
98031,Kent,WA,yes
98032,Kent,WA,yes
98033,Kirkland,WA,yes
98034,Kirkland,WA,yes
98036,Lynnwood,WA,yes
98037,Lynnwood,WA,yes
98038,Maple Valley,WA,yes
98039,Medina,WA,yes
98040,Mercer Island,WA,yes
98042,Kent,WA,yes
98043,Mountlake Terrace,WA,yes
98045,North Bend,WA,yes
98047,Pacific,WA,yes
98050,Preston,WA,yes
98051,Ravensdale,WA,yes
98052,Redmond,WA,yes
98053,Redmond,WA,yes
98055,Renton,WA,yes
98056,Renton,WA,yes
98057,Renton,WA,yes
98058,Renton,WA,yes
98059,Renton,WA,yes
98065,Snoqualmie,WA,yes
98068,Snoqualmie Pass,WA,yes
98070,Vashon,WA,yes
98072,Woodinville,WA,yes
98074,Sammamish,WA,yes
98075,Sammamish,WA,yes
98077,Woodinville,WA,yes
98087,Lynnwood,WA,yes
98092,Auburn,WA,yes
98101,Seattle,WA,yes
98102,Seattle,WA,yes
98103,Seattle,WA,yes
98104,Seattle,WA,yes
98105,Seattle,WA,yes
98106,Seattle,WA,yes
98107,Seattle,WA,yes
98108,Seattle,WA,yes
98109,Seattle,WA,yes
98110,Bainbridge Island,WA,yes
98112,Seattle,WA,yes
98115,Seattle,WA,yes
98116,Seattle,WA,yes
98117,Seattle,WA,yes
98118,Seattle,WA,yes
98119,Seattle,WA,yes
98121,Seattle,WA,yes
98122,Seattle,WA,yes
98125,Seattle,WA,yes
98126,Seattle,WA,yes
98133,Seattle,WA,yes
98134,Seattle,WA,yes
98136,Seattle,WA,yes
98144,Seattle,WA,yes
98146,Seattle,WA,yes
98148,Seattle,WA,yes
98154,Seattle,WA,yes
98155,Seattle,WA,yes
98158,Seattle,WA,yes
98164,Seattle,WA,yes
98166,Seattle,WA,yes
98168,Seattle,WA,yes
98174,Seattle,WA,yes
98177,Seattle,WA,yes
98178,Seattle,WA,yes
98188,Seattle,WA,yes
98195,Seattle,WA,yes
98198,Seattle,WA,yes
98199,Seattle,WA,yes
98201,Everett,WA,yes
98203,Everett,WA,yes
98204,Everett,WA,yes
98207,Everett,WA,yes
98208,Everett,WA,yes
98221,Anacortes,WA,yes
98223,Arlington,WA,yes
98224,Baring,WA,yes
98233,Burlington,WA,yes
98235,Clearlake,WA,yes
98236,Clinton,WA,yes
98238,Conway,WA,yes
98239,Coupeville,WA,yes
98241,Darrington,WA,yes
98249,Freeland,WA,yes
98251,Gold Bar,WA,yes
98252,Granite Falls,WA,yes
98253,Greenbank,WA,yes
98256,Index,WA,yes
98257,La Conner,WA,yes
98258,Lake Stevens,WA,yes
98260,Langley,WA,yes
98270,Marysville,WA,yes
98271,Marysville,WA,yes
98272,Monroe,WA,yes
98273,Mount Vernon,WA,yes
98274,Mount Vernon,WA,yes
98275,Mukilteo,WA,yes
98277,Oak Harbor,WA,yes
98278,Oak Harbor,WA,yes
98282,Camano Island,WA,yes
98288,Skykomish,WA,yes
98290,Snohomish,WA,yes
98292,Stanwood,WA,yes
98294,Sultan,WA,yes
98296,Snohomish,WA,yes
98303,Anderson Island,WA,yes
98304,Ashford,WA,yes
98310,Bremerton,WA,yes
98311,Bremerton,WA,yes
98312,Bremerton,WA,yes
98314,Bremerton,WA,yes
98315,Silverdale,WA,yes
98320,Brinnon,WA,yes
98321,Buckley,WA,yes
98323,Carbonado,WA,yes
98325,Chimacum,WA,yes
98327,Dupont,WA,yes
98328,Eatonville,WA,yes
98329,Gig Harbor,WA,yes
98330,Elbe,WA,yes
98332,Gig Harbor,WA,yes
98333,Fox Island,WA,yes
98335,Gig Harbor,WA,yes
98336,Glenoma,WA,yes
98337,Bremerton,WA,yes
98338,Graham,WA,yes
98339,Port Hadlock,WA,yes
98340,Hansville,WA,yes
98342,Indianola,WA,yes
98345,Keyport,WA,yes
98346,Kingston,WA,yes
98349,Lakebay,WA,yes
98351,Longbranch,WA,yes
98353,Manchester,WA,yes
98354,Milton,WA,yes
98355,Mineral,WA,yes
98356,Morton,WA,yes
98358,Nordland,WA,yes
98359,Olalla,WA,yes
98360,Orting,WA,yes
98364,Port Gamble,WA,yes
98365,Port Ludlow,WA,yes
98366,Port Orchard,WA,yes
98367,Port Orchard,WA,yes
98368,Port Townsend,WA,yes
98370,Poulsbo,WA,yes
98371,Puyallup,WA,yes
98372,Puyallup,WA,yes
98373,Puyallup,WA,yes
98374,Puyallup,WA,yes
98375,Puyallup,WA,yes
98376,Quilcene,WA,yes
98380,Seabeck,WA,yes
98382,Sequim,WA,yes
98383,Silverdale,WA,yes
98385,South Prairie,WA,yes
98387,Spanaway,WA,yes
98388,Steilacoom,WA,yes
98390,Sumner,WA,yes
98391,Bonney Lake,WA,yes
98392,Suquamish,WA,yes
98394,Vaughn,WA,yes
98396,Wilkeson,WA,yes
98402,Tacoma,WA,yes
98403,Tacoma,WA,yes
98404,Tacoma,WA,yes
98405,Tacoma,WA,yes
98406,Tacoma,WA,yes
98407,Tacoma,WA,yes
98408,Tacoma,WA,yes
98409,Tacoma,WA,yes
98416,Tacoma,WA,yes
98418,Tacoma,WA,yes
98421,Tacoma,WA,yes
98422,Tacoma,WA,yes
98424,Tacoma,WA,yes
98430,Camp Murray,WA,yes
98433,Tacoma,WA,yes
98438,Mcchord Afb,WA,yes
98439,Lakewood,WA,yes
98443,Tacoma,WA,yes
98444,Tacoma,WA,yes
98445,Tacoma,WA,yes
98446,Tacoma,WA,yes
98447,Tacoma,WA,yes
98465,Tacoma,WA,yes
98466,Tacoma,WA,yes
98467,University Place,WA,yes
98498,Lakewood,WA,yes
98499,Lakewood,WA,yes
98501,Olympia,WA,yes
98502,Olympia,WA,yes
98503,Lacey,WA,yes
98506,Olympia,WA,yes
98512,Olympia,WA,yes
98513,Olympia,WA,yes
98516,Olympia,WA,yes
98524,Allyn,WA,yes
98528,Belfair,WA,yes
98530,Bucoda,WA,yes
98531,Centralia,WA,yes
98532,Chehalis,WA,yes
98533,Cinebar,WA,yes
98542,Ethel,WA,yes
98544,Galvin,WA,yes
98546,Grapeview,WA,yes
98548,Hoodsport,WA,yes
98555,Lilliwaup,WA,yes
98557,Mccleary,WA,yes
98558,Mckenna,WA,yes
98564,Mossyrock,WA,yes
98565,Napavine,WA,yes
98570,Onalaska,WA,yes
98576,Rainier,WA,yes
98579,Rochester,WA,yes
98580,Roy,WA,yes
98582,Salkum,WA,yes
98584,Shelton,WA,yes
98585,Silver Creek,WA,yes
98588,Tahuya,WA,yes
98589,Tenino,WA,yes
98592,Union,WA,yes
98596,Winlock,WA,yes
98597,Yelm,WA,yes
98601,Amboy,WA,yes
98603,Ariel,WA,yes
98604,Battle Ground,WA,yes
98606,Brush Prairie,WA,yes
98607,Camas,WA,yes
98610,Carson,WA,yes
98611,Castle Rock,WA,yes
98612,Cathlamet,WA,yes
98616,Cougar,WA,yes
98625,Kalama,WA,yes
98626,Kelso,WA,yes
98629,La Center,WA,yes
98632,Longview,WA,yes
98639,North Bonneville,WA,yes
98642,Ridgefield,WA,yes
98645,Silverlake,WA,yes
98648,Stevenson,WA,yes
98649,Toutle,WA,yes
98660,Vancouver,WA,yes
98661,Vancouver,WA,yes
98662,Vancouver,WA,yes
98663,Vancouver,WA,yes
98664,Vancouver,WA,yes
98665,Vancouver,WA,yes
98671,Washougal,WA,yes
98674,Woodland,WA,yes
98675,Yacolt,WA,yes
98682,Vancouver,WA,yes
98683,Vancouver,WA,yes
98684,Vancouver,WA,yes
98685,Vancouver,WA,yes
34274,Nokomis,FL,yes
34295,Englewood,FL,yes
75033,Frisco,TX,yes
02554,Nantucket,MA,yes
02584,Nantucket,MA,yes
03251,Lincoln,NH,yes
03765,Haverhill,NH,yes
03774,North Haverhill,NH,yes
03779,Piermont,NH,yes
03780,Pike,NH,yes
03812,Bartlett,NH,yes
03818,Conway,NH,yes
04009,Bridgton,ME,yes
04055,Naples,ME,yes
04057,North Bridgton,ME,yes
04086,Topsham,ME,yes
04280,Sabattus,ME,yes
04548,Georgetown,ME,yes
05033,Bradford,VT,yes
05070,South Strafford,VT,yes
05072,Strafford,VT,yes
05079,Vershire,VT,yes
05083,West Fairlee,VT,yes
05736,Center Rutland,VT,yes
08203,Brigantine,NJ,yes
08225,Northfield,NJ,yes
08232,Pleasantville,NJ,yes
08234,Egg Harbor Township,NJ,yes
08321,Fortescue,NJ,yes
08332,Millville,NJ,yes
08345,Newport,NJ,yes
12197,Worcester,NY,yes
12406,Arkville,NY,yes
12474,Roxbury,NY,yes
12748,Jeffersonville,NY,yes
12764,Narrowsburg,NY,yes
12827,Fort Ann,NY,yes
12878,Stony Creek,NY,yes
13140,Port Byron,NY,yes
13143,Red Creek,NY,yes
13146,Savannah,NY,yes
13148,Seneca Falls,NY,yes
13166,Weedsport,NY,yes
13313,Bridgewater,NY,yes
13318,Cassville,NY,yes
13322,Clayville,NY,yes
13323,Clinton,NY,yes
13326,Cooperstown,NY,yes
13350,Herkimer,NY,yes
13362,Knoxboro,NY,yes
13403,Marcy,NY,yes
13406,Middleville,NY,yes
13416,Newport,NY,yes
13424,Oriskany,NY,yes
13425,Oriskany Falls,NY,yes
13454,Salisbury Center,NY,yes
13477,Vernon Center,NY,yes
13492,Whitesboro,NY,yes
13786,Harpersfield,NY,yes
13788,Hobart,NY,yes
14037,Cowlesville,NY,yes
14040,Darien Center,NY,yes
14167,Varysburg,NY,yes
14415,Bellona,NY,yes
14418,Branchport,NY,yes
14433,Clyde,NY,yes
14437,Dansville,NY,yes
14456,Geneva,NY,yes
14489,Lyons,NY,yes
14516,North Rose,NY,yes
14530,Perry,NY,yes
14532,Phelps,NY,yes
14542,Rose,NY,yes
14545,Scottsburg,NY,yes
14551,Sodus,NY,yes
14555,Sodus Point,NY,yes
14560,Springwater,NY,yes
14561,Stanley,NY,yes
14569,Warsaw,NY,yes
14590,Wolcott,NY,yes
15337,Graysville,PA,yes
15359,Rogersville,PA,yes
15377,West Finley,PA,yes
15474,Point Marion,PA,yes
15713,Aultman,PA,yes
15727,Clune,PA,yes
15752,Kent,PA,yes
15756,Mc Intyre,PA,yes
15783,West Lebanon,PA,yes
16210,Adrian,PA,yes
17005,Berrysburg,PA,yes
17023,Elizabethville,PA,yes
17030,Gratz,PA,yes
17048,Lykens,PA,yes
17061,Millersburg,PA,yes
17080,Pillow,PA,yes
17097,Wiconisco,PA,yes
17222,Fayetteville,PA,yes
17237,Mont Alto,PA,yes
17240,Newburg,PA,yes
17980,Tower City,PA,yes
18038,Danielsville,PA,yes
18071,Palmerton,PA,yes
18080,Slatington,PA,yes
18340,Millrift,PA,yes
18425,Greeley,PA,yes
18428,Hawley,PA,yes
18435,Lackawaxen,PA,yes
18445,Newfoundland,PA,yes
18458,Shohola,PA,yes
19113,Philadelphia,PA,yes
19529,Kempton,PA,yes
20615,Broomes Island,MD,yes
20622,Charlotte Hall,MD,yes
20645,Issue,MD,yes
20659,Mechanicsville,MD,yes
20685,Saint Leonard,MD,yes
21620,Chestertown,MD,yes
21623,Church Hill,MD,yes
21635,Galena,MD,yes
21650,Massey,MD,yes
21651,Millington,MD,yes
21657,Queen Anne,MD,yes
21658,Queenstown,MD,yes
21661,Rock Hall,MD,yes
21678,Worton,MD,yes
21713,Boonsboro,MD,yes
21733,Fairplay,MD,yes
21746,Hagerstown,MD,yes
21756,Keedysville,MD,yes
21779,Rohrersville,MD,yes
21901,North East,MD,yes
21903,Perryville,MD,yes
21911,Rising Sun,MD,yes
21913,Cecilton,MD,yes
21914,Charlestown,MD,yes
21915,Chesapeake City,MD,yes
21919,Earleville,MD,yes
21930,Georgetown,MD,yes
22640,Huntly,VA,yes
22713,Boston,VA,yes
22716,Castleton,VA,yes
23009,Aylett,VA,yes
23038,Columbia,VA,yes
23106,Manquin,VA,yes
23140,Providence Forge,VA,yes
23185,Williamsburg,VA,yes
23231,Henrico,VA,yes
23875,Prince George,VA,yes
25446,Summit Point,WV,yes
26034,Chester,WV,yes
26035,Colliers,WV,yes
26062,Weirton,WV,yes
27009,Belews Creek,NC,yes
27019,Germanton,NC,yes
27023,Lewisville,NC,yes
27040,Pfafftown,NC,yes
27045,Rural Hall,NC,yes
27052,Walnut Cove,NC,yes
27201,Alamance,NC,yes
27203,Asheboro,NC,yes
27205,Asheboro,NC,yes
27231,Cedar Grove,NC,yes
27298,Liberty,NC,yes
27316,Ramseur,NC,yes
27341,Seagrove,NC,yes
27350,Sophia,NC,yes
27809,Battleboro,NC,yes
27816,Castalia,NC,yes
27828,Farmville,NC,yes
27829,Fountain,NC,yes
27852,Macclesfield,NC,yes
27856,Nashville,NC,yes
27873,Saratoga,NC,yes
27883,Stantonsburg,NC,yes
28020,Casar,NC,yes
28091,Lilesville,NC,yes
28308,Pope Army Airfield,NC,yes
28333,Dudley,NC,yes
28341,Faison,NC,yes
28344,Godwin,NC,yes
28391,Stedman,NC,yes
28393,Turkey,NC,yes
28395,Wade,NC,yes
28428,Carolina Beach,NC,yes
28443,Hampstead,NC,yes
28449,Kure Beach,NC,yes
28462,Supply,NC,yes
28467,Calabash,NC,yes
28469,Ocean Isle Beach,NC,yes
28470,Shallotte,NC,yes
28580,Snow Hill,NC,yes
28636,Hiddenite,NC,yes
28647,Linville Falls,NC,yes
28714,Burnsville,NC,yes
28741,Highlands,NC,yes
28753,Marshall,NC,yes
28777,Spruce Pine,NC,yes
28789,Whittier,NC,yes
29014,Blackstock,SC,yes
29067,Kershaw,SC,yes
29335,Enoree,SC,yes
29338,Fingerville,SC,yes
29340,Gaffney,SC,yes
29341,Gaffney,SC,yes
29368,Mayo,SC,yes
29372,Pacolet,SC,yes
29373,Pacolet Mills,SC,yes
29374,Pauline,SC,yes
29410,Hanahan,SC,yes
29445,Goose Creek,SC,yes
29461,Moncks Corner,SC,yes
29470,Ravenel,SC,yes
29482,Sullivans Island,SC,yes
29621,Anderson,SC,yes
29624,Anderson,SC,yes
29625,Anderson,SC,yes
29626,Anderson,SC,yes
29712,Edgemoor,SC,yes
29717,Hickory Grove,SC,yes
29743,Smyrna,SC,yes
30030,Decatur,GA,yes
30032,Decatur,GA,yes
30033,Decatur,GA,yes
30035,Decatur,GA,yes
30148,Marble Hill,GA,yes
30177,Tate,GA,yes
30294,Ellenwood,GA,yes
30331,Atlanta,GA,yes
30349,Atlanta,GA,yes
30534,Dawsonville,GA,yes
30549,Jefferson,GA,yes
30567,Pendergrass,GA,yes
30655,Monroe,GA,yes
30656,Monroe,GA,yes
31302,Bloomingdale,GA,yes
31318,Meldrim,GA,yes
31322,Pooler,GA,yes
31324,Richmond Hill,GA,yes
31401,Savannah,GA,yes
31404,Savannah,GA,yes
31405,Savannah,GA,yes
31406,Savannah,GA,yes
31407,Port Wentworth,GA,yes
31408,Savannah,GA,yes
31409,Savannah,GA,yes
31410,Savannah,GA,yes
31411,Savannah,GA,yes
31415,Savannah,GA,yes
31419,Savannah,GA,yes
32003,Fleming Island,FL,yes
32065,Orange Park,FL,yes
32073,Orange Park,FL,yes
32079,Penney Farms,FL,yes
32083,Raiford,FL,yes
32097,Yulee,FL,yes
32147,Hollister,FL,yes
32187,San Mateo,FL,yes
32202,Jacksonville,FL,yes
32204,Jacksonville,FL,yes
32206,Jacksonville,FL,yes
32208,Jacksonville,FL,yes
32209,Jacksonville,FL,yes
32643,High Springs,FL,yes
32668,Morriston,FL,yes
32669,Newberry,FL,yes
32697,Worthington Springs,FL,yes
33471,Moore Haven,FL,yes
33944,Palmdale,FL,yes
33960,Venus,FL,yes
34137,Copeland,FL,yes
34428,Crystal River,FL,yes
37026,Bradyville,TN,yes
37098,Lyles,TN,yes
37142,Palmyra,TN,yes
37721,Corryton,TN,yes
37806,Mascot,TN,yes
37820,New Market,TN,yes
37853,Rockford,TN,yes
37865,Seymour,TN,yes
37871,Strawberry Plains,TN,yes
37886,Walland,TN,yes
40003,Bagdad,KY,yes
40014,Crestwood,KY,yes
40026,Goshen,KY,yes
40031,La Grange,KY,yes
40150,Lebanon Junction,KY,yes
40356,Nicholasville,KY,yes
40379,Stamping Ground,KY,yes
40502,Lexington,KY,yes
40503,Lexington,KY,yes
40504,Lexington,KY,yes
40505,Lexington,KY,yes
40506,Lexington,KY,yes
40507,Lexington,KY,yes
40508,Lexington,KY,yes
40509,Lexington,KY,yes
40510,Lexington,KY,yes
40511,Lexington,KY,yes
40513,Lexington,KY,yes
40514,Lexington,KY,yes
40515,Lexington,KY,yes
40516,Lexington,KY,yes
40517,Lexington,KY,yes
40601,Frankfort,KY,yes
41002,Augusta,KY,yes
41004,Brooksville,KY,yes
41035,Dry Ridge,KY,yes
41044,Germantown,KY,yes
41046,Glencoe,KY,yes
41086,Sparta,KY,yes
41095,Warsaw,KY,yes
41097,Williamstown,KY,yes
42101,Bowling Green,KY,yes
42102,Bowling Green,KY,yes
42103,Bowling Green,KY,yes
42104,Bowling Green,KY,yes
42274,Rockfield,KY,yes
43014,Danville,OH,yes
43044,Mechanicsburg,OH,yes
43160,Washington Court House,OH,yes
43164,Williamsport,OH,yes
43337,Morral,OH,yes
43449,Oak Harbor,OH,yes
43739,Glenford,OH,yes
43783,Somerset,OH,yes
43945,Salineville,OH,yes
43968,Wellsville,OH,yes
44044,Grafton,OH,yes
44104,Cleveland,OH,yes
44105,Cleveland,OH,yes
44106,Cleveland,OH,yes
44110,Cleveland,OH,yes
44112,Cleveland,OH,yes
44127,Cleveland,OH,yes
44230,Doylestown,OH,yes
44231,Garrettsville,OH,yes
44234,Hiram,OH,yes
44285,Wayland,OH,yes
44288,Windham,OH,yes
44430,Leavittsburg,OH,yes
44441,Negley,OH,yes
44442,New Middletown,OH,yes
44443,New Springfield,OH,yes
44444,Newton Falls,OH,yes
44451,North Jackson,OH,yes
44454,Petersburg,OH,yes
44608,Beach City,OH,yes
44609,Beloit,OH,yes
44613,Brewster,OH,yes
44643,Magnolia,OH,yes
44689,Wilmot,OH,yes
45121,Georgetown,OH,yes
45171,Sardinia,OH,yes
45323,Enon,OH,yes
45341,Medway,OH,yes
45354,Phillipsburg,OH,yes
45502,Springfield,OH,yes
45503,Springfield,OH,yes
45504,Springfield,OH,yes
45506,Springfield,OH,yes
46041,Frankfort,IN,yes
46045,Goldsmith,IN,yes
46050,Kirklin,IN,yes
46063,Orestes,IN,yes
46068,Sharpsville,IN,yes
46144,Gwynneville,IN,yes
46164,Nineveh,IN,yes
46165,North Salem,IN,yes
46704,Arcola,IN,yes
46748,Huntertown,IN,yes
46765,Leo,IN,yes
46798,Yoder,IN,yes
46802,Fort Wayne,IN,yes
46803,Fort Wayne,IN,yes
46804,Fort Wayne,IN,yes
46805,Fort Wayne,IN,yes
46806,Fort Wayne,IN,yes
46807,Fort Wayne,IN,yes
46808,Fort Wayne,IN,yes
46809,Fort Wayne,IN,yes
46814,Fort Wayne,IN,yes
46815,Fort Wayne,IN,yes
46816,Fort Wayne,IN,yes
46818,Fort Wayne,IN,yes
46819,Fort Wayne,IN,yes
46825,Fort Wayne,IN,yes
46835,Fort Wayne,IN,yes
46845,Fort Wayne,IN,yes
47010,Bath,IN,yes
47016,Cedar Grove,IN,yes
47022,Guilford,IN,yes
47334,Daleville,IN,yes
47352,Lewisville,IN,yes
47353,Liberty,IN,yes
47360,Mooreland,IN,yes
47468,Unionville,IN,yes
48047,New Baltimore,MI,yes
48051,New Baltimore,MI,yes
48065,Romeo,MI,yes
48096,Ray,MI,yes
48218,River Rouge,MI,yes
48414,Bancroft,MI,yes
48418,Byron,MI,yes
48429,Durand,MI,yes
48436,Gaines,MI,yes
48438,Goodrich,MI,yes
48439,Grand Blanc,MI,yes
48451,Linden,MI,yes
48823,East Lansing,MI,yes
48837,Grand Ledge,MI,yes
48851,Lyons,MI,yes
48873,Pewamo,MI,yes
48894,Westphalia,MI,yes
49021,Bellevue,MI,yes
49026,Bloomingdale,MI,yes
49029,Burlington,MI,yes
49031,Cassopolis,MI,yes
49045,Decatur,MI,yes
49055,Gobles,MI,yes
49056,Grand Junction,MI,yes
49065,Lawton,MI,yes
49076,Olivet,MI,yes
49093,Three Rivers,MI,yes
49095,Vandalia,MI,yes
49097,Vicksburg,MI,yes
49201,Jackson,MI,yes
49202,Jackson,MI,yes
49203,Jackson,MI,yes
49240,Grass Lake,MI,yes
49406,Douglas,MI,yes
49408,Fennville,MI,yes
49444,Muskegon,MI,yes
51521,Avoca,IA,yes
51545,Little Sioux,IA,yes
51557,Mondamin,IA,yes
51562,Panama,IA,yes
51564,Pisgah,IA,yes
51565,Portsmouth,IA,yes
51579,Woodbine,IA,yes
53006,Brownsville,WI,yes
53010,Campbellsport,WI,yes
53011,Cascade,WI,yes
53014,Chilton,WI,yes
53020,Elkhart Lake,WI,yes
53031,Hingham,WI,yes
53088,Stockbridge,WI,yes
53508,Belleville,WI,yes
53563,Milton,WI,yes
53575,Oregon,WI,yes
53589,Stoughton,WI,yes
53916,Beaver Dam,WI,yes
53922,Burnett,WI,yes
54767,Spring Valley,WI,yes
54956,Neenah,WI,yes
54985,Winnebago,WI,yes
55027,Goodhue,MN,yes
55325,Dassel,MN,yes
55334,Gaylord,MN,yes
56017,Cleveland,MN,yes
56330,Foreston,MN,yes
60033,Harvard,IL,yes
60088,Great Lakes,IL,yes
60109,Burlington,IL,yes
60135,Genoa,IL,yes
60145,Kingston,IL,yes
60403,Crest Hill,IL,yes
60452,Oak Forest,IL,yes
60455,Bridgeview,IL,yes
60459,Burbank,IL,yes
60601,Chicago,IL,yes
60602,Chicago,IL,yes
60603,Chicago,IL,yes
60604,Chicago,IL,yes
60605,Chicago,IL,yes
60606,Chicago,IL,yes
60607,Chicago,IL,yes
60610,Chicago,IL,yes
60611,Chicago,IL,yes
60612,Chicago,IL,yes
60622,Chicago,IL,yes
60624,Chicago,IL,yes
60642,Chicago,IL,yes
60654,Chicago,IL,yes
60661,Chicago,IL,yes
63031,Florissant,MO,yes
63044,Bridgeton,MO,yes
63049,High Ridge,MO,yes
63051,House Springs,MO,yes
63070,Pevely,MO,yes
63073,Saint Albans,MO,yes
63074,Saint Ann,MO,yes
63117,Saint Louis,MO,yes
63119,Saint Louis,MO,yes
63123,Saint Louis,MO,yes
63124,Saint Louis,MO,yes
63126,Saint Louis,MO,yes
63127,Saint Louis,MO,yes
63128,Saint Louis,MO,yes
63132,Saint Louis,MO,yes
63141,Saint Louis,MO,yes
63143,Saint Louis,MO,yes
63144,Saint Louis,MO,yes
63146,Saint Louis,MO,yes
63357,Marthasville,MO,yes
64017,Camden,MO,yes
64036,Henrietta,MO,yes
64048,Holt,MO,yes
64062,Lawson,MO,yes
64067,Lexington,MO,yes
64071,Mayview,MO,yes
64077,Orrick,MO,yes
64084,Rayville,MO,yes
64085,Richmond,MO,yes
64097,Wellington,MO,yes
64098,Weston,MO,yes
64439,Dearborn,MO,yes
64448,Faucett,MO,yes
64454,Gower,MO,yes
64465,Lathrop,MO,yes
64477,Plattsburg,MO,yes
64723,Amsterdam,MO,yes
64742,Drexel,MO,yes
64747,Garden City,MO,yes
66006,Baldwin City,KS,yes
66026,Fontana,KS,yes
66054,Mc Louth,KS,yes
66064,Osawatomie,KS,yes
68031,Hooper,NE,yes
68057,Scribner,NE,yes
68063,Uehling,NE,yes
68072,Winslow,NE,yes
68314,Bee,NE,yes
68333,Crete,NE,yes
68358,Firth,NE,yes
68368,Hallam,NE,yes
68404,Martell,NE,yes
68405,Milford,NE,yes
68423,Pleasant Dale,NE,yes
68434,Seward,NE,yes
68438,Sprague,NE,yes
68439,Staplehurst,NE,yes
68659,Rogers,NE,yes
70032,Arabi,LA,yes
70058,Harvey,LA,yes
70072,Marrero,LA,yes
70112,New Orleans,LA,yes
70113,New Orleans,LA,yes
70114,New Orleans,LA,yes
70115,New Orleans,LA,yes
70116,New Orleans,LA,yes
70118,New Orleans,LA,yes
70119,New Orleans,LA,yes
70122,New Orleans,LA,yes
70124,New Orleans,LA,yes
70131,New Orleans,LA,yes
70139,New Orleans,LA,yes
70163,New Orleans,LA,yes
70447,Madisonville,LA,yes
70448,Mandeville,LA,yes
70471,Mandeville,LA,yes
75105,Chatfield,TX,yes
75147,Mabank,TX,yes
75459,Howe,TX,yes
76233,Collinsville,TX,yes
76272,Valley View,TX,yes
76502,Temple,TX,yes
76504,Temple,TX,yes
76508,Temple,TX,yes
76544,Fort Hood,TX,yes
76577,Thorndale,TX,yes
76627,Blum,TX,yes
76636,Covington,TX,yes
77363,Plantersville,TX,yes
77444,Guy,TX,yes
77445,Hempstead,TX,yes
77446,Prairie View,TX,yes
77514,Anahuac,TX,yes
77534,Danbury,TX,yes
77550,Galveston,TX,yes
78004,Bergheim,TX,yes
78027,Kendalia,TX,yes
78063,Pipe Creek,TX,yes
78112,Elmendorf,TX,yes
78123,Mc Queeney,TX,yes
78152,Saint Hedwig,TX,yes
78236,Jbsa Lackland,TX,yes
78636,Johnson City,TX,yes
78661,Prairie Lea,TX,yes
78670,Staples,TX,yes
78947,Lexington,TX,yes
78953,Rosanky,TX,yes
78957,Smithville,TX,yes
80536,Livermore,CO,yes
80832,Ramah,CO,yes
80864,Yoder,CO,yes
83602,Banks,ID,yes
83619,Fruitland,ID,yes
83648,Mountain Home Afb,ID,yes
83655,New Plymouth,ID,yes
83661,Payette,ID,yes
85173,Superior,AZ,yes
85322,Arlington,AZ,yes
85337,Gila Bend,AZ,yes
85342,Morristown,AZ,yes
85361,Wittmann,AZ,yes
85614,Green Valley,AZ,yes
85622,Green Valley,AZ,yes
86322,Camp Verde,AZ,yes
87102,Albuquerque,NM,yes
87104,Albuquerque,NM,yes
87105,Albuquerque,NM,yes
87106,Albuquerque,NM,yes
87107,Albuquerque,NM,yes
87108,Albuquerque,NM,yes
87109,Albuquerque,NM,yes
87110,Albuquerque,NM,yes
87111,Albuquerque,NM,yes
87112,Albuquerque,NM,yes
87113,Albuquerque,NM,yes
87114,Albuquerque,NM,yes
87116,Albuquerque,NM,yes
87120,Albuquerque,NM,yes
87121,Albuquerque,NM,yes
87122,Albuquerque,NM,yes
87123,Albuquerque,NM,yes
91917,Dulzura,CA,yes
92282,Whitewater,CA,yes
92305,Angelus Oaks,CA,yes
92307,Apple Valley,CA,yes
92308,Apple Valley,CA,yes
92314,Big Bear City,CA,yes
92339,Forest Falls,CA,yes
92341,Green Valley Lake,CA,yes
92536,Aguanga,CA,yes
92549,Idyllwild,CA,yes
94599,Yountville,CA,yes
94938,Lagunitas,CA,yes
95004,Aromas,CA,yes
95039,Moss Landing,CA,yes
95404,Santa Rosa,CA,yes
95405,Santa Rosa,CA,yes
95407,Santa Rosa,CA,yes
95409,Santa Rosa,CA,yes
95627,Esparto,CA,yes
95642,Jackson,CA,yes
95685,Sutter Creek,CA,yes
95726,Pollock Pines,CA,yes
95901,Marysville,CA,yes
95945,Grass Valley,CA,yes
95977,Smartsville,CA,yes
97031,Hood River,OR,yes
97131,Nehalem,OR,yes
97149,Neskowin,OR,yes
97326,Blodgett,OR,yes
97329,Cascadia,OR,yes
97341,Depoe Bay,OR,yes
97345,Foster,OR,yes
97350,Idanha,OR,yes
97366,South Beach,OR,yes
97370,Philomath,OR,yes
97391,Toledo,OR,yes
97419,Cheshire,OR,yes
97437,Elmira,OR,yes
97438,Fall Creek,OR,yes
97455,Pleasant Hill,OR,yes
98255,Hamilton,WA,yes
98263,Lyman,WA,yes
98284,Sedro Woolley,WA,yes
98581,Ryderwood,WA,yes
98651,Underwood,WA,yes
99027,Otis Orchards,WA,yes
04236,Greene,ME,yes
04259,Monmouth,ME,yes
04263,Leeds,ME,yes
04282,Turner,ME,yes
04287,Bowdoin,ME,yes
04562,Phippsburg,ME,yes
05040,East Corinth,VT,yes
05051,Newbury,VT,yes
05764,Poultney,VT,yes
08221,Linwood,NJ,yes
08244,Somers Point,NJ,yes
08316,Dorchester,NJ,yes
08324,Heislerville,NJ,yes
08327,Leesburg,NJ,yes
08329,Mauricetown,NJ,yes
08348,Port Elizabeth,NJ,yes
08349,Port Norris,NJ,yes
08402,Margate City,NJ,yes
08403,Longport,NJ,yes
12455,Margaretville,NY,yes
12459,New Kingston,NY,yes
12768,Parksville,NY,yes
12787,White Sulphur Springs,NY,yes
12791,Youngsville,NY,yes
12844,Kattskill Bay,NY,yes
12849,Middle Granville,NY,yes
13021,Auburn,NY,yes
13024,Auburn,NY,yes
13030,Bridgeport,NY,yes
13031,Camillus,NY,yes
13035,Cazenovia,NY,yes
13060,Elbridge,NY,yes
13080,Jordan,NY,yes
13082,Kirkville,NY,yes
13104,Manlius,NY,yes
13108,Marcellus,NY,yes
13110,Marietta,NY,yes
13112,Memphis,NY,yes
13118,Moravia,NY,yes
13152,Skaneateles,NY,yes
13153,Skaneateles Falls,NY,yes
13164,Warners,NY,yes
13165,Waterloo,NY,yes
13215,Syracuse,NY,yes
13304,Barneveld,NY,yes
13310,Bouckville,NY,yes
13321,Clark Mills,NY,yes
13328,Deansboro,NY,yes
13337,Fly Creek,NY,yes
13340,Frankfort,NY,yes
13341,Franklin Springs,NY,yes
13354,Holland Patent,NY,yes
13357,Ilion,NY,yes
13409,Munnsville,NY,yes
13461,Sherrill,NY,yes
13470,Stratford,NY,yes
13476,Vernon,NY,yes
13480,Waterville,NY,yes
13490,Westmoreland,NY,yes
14012,Barker,NY,yes
14032,Clarence Center,NY,yes
14059,Elma,NY,yes
14067,Gasport,NY,yes
14145,Strykersville,NY,yes
14201,Buffalo,NY,yes
14202,Buffalo,NY,yes
14203,Buffalo,NY,yes
14204,Buffalo,NY,yes
14206,Buffalo,NY,yes
14207,Buffalo,NY,yes
14208,Buffalo,NY,yes
14209,Buffalo,NY,yes
14210,Buffalo,NY,yes
14211,Buffalo,NY,yes
14212,Buffalo,NY,yes
14213,Buffalo,NY,yes
14214,Buffalo,NY,yes
14215,Buffalo,NY,yes
14216,Buffalo,NY,yes
14217,Buffalo,NY,yes
14218,Buffalo,NY,yes
14219,Buffalo,NY,yes
14220,Buffalo,NY,yes
14221,Buffalo,NY,yes
14222,Buffalo,NY,yes
14223,Buffalo,NY,yes
14224,Buffalo,NY,yes
14225,Buffalo,NY,yes
14226,Buffalo,NY,yes
14227,Buffalo,NY,yes
14228,Buffalo,NY,yes
14261,Buffalo,NY,yes
14441,Dresden,NY,yes
14478,Keuka Park,NY,yes
14517,Nunda,NY,yes
14527,Penn Yan,NY,yes
14541,Romulus,NY,yes
14549,Silver Lake,NY,yes
14572,Wayland,NY,yes
14588,Willard,NY,yes
14808,Atlanta,NY,yes
14837,Dundee,NY,yes
14873,Prattsburgh,NY,yes
14874,Pulteney,NY,yes
15310,Aleppo,PA,yes
15341,Holbrook,PA,yes
15362,Spraggs,PA,yes
15380,Wind Ridge,PA,yes
15459,Markleysburg,PA,yes
15716,Black Lick,PA,yes
15774,Shelocta,PA,yes
15944,New Florence,PA,yes
16041,Karns City,PA,yes
16048,North Washington,PA,yes
16050,Petrolia,PA,yes
16101,New Castle,PA,yes
16102,New Castle,PA,yes
16105,New Castle,PA,yes
16112,Bessemer,PA,yes
16160,West Pittsburg,PA,yes
17040,Landisburg,PA,yes
17201,Chambersburg,PA,yes
17202,Chambersburg,PA,yes
17214,Blue Ridge Summit,PA,yes
17244,Orrstown,PA,yes
17254,Scotland,PA,yes
17261,South Mountain,PA,yes
17963,Pine Grove,PA,yes
18079,Slatedale,PA,yes
18235,Lehighton,PA,yes
18431,Honesdale,PA,yes
18451,Paupack,PA,yes
18457,Rowland,PA,yes
18460,South Sterling,PA,yes
18464,Tafton,PA,yes
19102,Philadelphia,PA,yes
19103,Philadelphia,PA,yes
19106,Philadelphia,PA,yes
19107,Philadelphia,PA,yes
19109,Philadelphia,PA,yes
20629,Dowell,MD,yes
20688,Solomons,MD,yes
21617,Centreville,MD,yes
21628,Crumpton,MD,yes
21645,Kennedyville,MD,yes
21667,Still Pond,MD,yes
21734,Funkstown,MD,yes
21740,Hagerstown,MD,yes
21742,Hagerstown,MD,yes
21781,Saint James,MD,yes
21782,Sharpsburg,MD,yes
21795,Williamsport,MD,yes
21902,Perry Point,MD,yes
21904,Port Deposit,MD,yes
21918,Conowingo,MD,yes
21921,Elkton,MD,yes
22436,Caret,VA,yes
22443,Colonial Beach,VA,yes
22509,Loretto,VA,yes
22620,Boyce,VA,yes
22630,Front Royal,VA,yes
22730,Oakpark,VA,yes
22735,Reva,VA,yes
22747,Washington,VA,yes
22749,Woodville,VA,yes
22948,Locust Dale,VA,yes
22989,Woodberry Forest,VA,yes
23022,Bremo Bluff,VA,yes
23055,Fork Union,VA,yes
23089,Lanexa,VA,yes
23188,Williamsburg,VA,yes
23430,Smithfield,VA,yes
23432,Suffolk,VA,yes
23433,Suffolk,VA,yes
23435,Suffolk,VA,yes
23436,Suffolk,VA,yes
23601,Newport News,VA,yes
23602,Newport News,VA,yes
23603,Newport News,VA,yes
23604,Fort Eustis,VA,yes
23605,Newport News,VA,yes
23606,Newport News,VA,yes
23607,Newport News,VA,yes
23608,Newport News,VA,yes
23651,Fort Monroe,VA,yes
23661,Hampton,VA,yes
23663,Hampton,VA,yes
23664,Hampton,VA,yes
23665,Hampton,VA,yes
23666,Hampton,VA,yes
23669,Hampton,VA,yes
23690,Yorktown,VA,yes
23691,Yorktown,VA,yes
23692,Yorktown,VA,yes
23693,Yorktown,VA,yes
23696,Seaford,VA,yes
23701,Portsmouth,VA,yes
23702,Portsmouth,VA,yes
23703,Portsmouth,VA,yes
23704,Portsmouth,VA,yes
23707,Portsmouth,VA,yes
23708,Portsmouth,VA,yes
23709,Portsmouth,VA,yes
23803,Petersburg,VA,yes
23805,Petersburg,VA,yes
23806,Virginia State University,VA,yes
23834,Colonial Heights,VA,yes
23860,Hopewell,VA,yes
25414,Charles Town,WV,yes
25430,Kearneysville,WV,yes
26032,Bethany,WV,yes
26047,New Cumberland,WV,yes
26050,Newell,WV,yes
26056,New Manchester,WV,yes
27021,King,NC,yes
27025,Madison,NC,yes
27050,Tobaccoville,NC,yes
27242,Eagle Springs,NC,yes
27281,Jackson Springs,NC,yes
27356,Star,NC,yes
27371,Troy,NC,yes
27544,Kittrell,NC,yes
27565,Oxford,NC,yes
27822,Elm City,NC,yes
27834,Greenville,NC,yes
27858,Greenville,NC,yes
27864,Pinetops,NC,yes
27888,Walstonburg,NC,yes
27891,Whitakers,NC,yes
28318,Autryville,NC,yes
28328,Clinton,NC,yes
28357,Lumber Bridge,NC,yes
28382,Roseboro,NC,yes
28385,Salemburg,NC,yes
28386,Shannon,NC,yes
28422,Bolivia,NC,yes
28445,Holly Ridge,NC,yes
28457,Rocky Point,NC,yes
28461,Southport,NC,yes
28465,Oak Island,NC,yes
28468,Sunset Beach,NC,yes
28513,Ayden,NC,yes
28530,Grifton,NC,yes
28551,La Grange,NC,yes
28590,Winterville,NC,yes
28655,Morganton,NC,yes
28705,Bakersville,NC,yes
28719,Cherokee,NC,yes
28740,Green Mountain,NC,yes
28743,Hot Springs,NC,yes
29016,Blythewood,SC,yes
29033,Cayce,SC,yes
29044,Eastover,SC,yes
29045,Elgin,SC,yes
29052,Gadsden,SC,yes
29055,Great Falls,SC,yes
29058,Heath Springs,SC,yes
29061,Hopkins,SC,yes
29063,Irmo,SC,yes
29072,Lexington,SC,yes
29073,Lexington,SC,yes
29130,Ridgeway,SC,yes
29169,West Columbia,SC,yes
29170,West Columbia,SC,yes
29172,West Columbia,SC,yes
29201,Columbia,SC,yes
29202,Columbia,SC,yes
29203,Columbia,SC,yes
29204,Columbia,SC,yes
29205,Columbia,SC,yes
29206,Columbia,SC,yes
29207,Columbia,SC,yes
29208,Columbia,SC,yes
29209,Columbia,SC,yes
29210,Columbia,SC,yes
29212,Columbia,SC,yes
29223,Columbia,SC,yes
29225,Columbia,SC,yes
29229,Columbia,SC,yes
29331,Cross Anchor,SC,yes
29353,Jonesville,SC,yes
29429,Awendaw,SC,yes
29458,Mc Clellanville,SC,yes
29566,Little River,SC,yes
29627,Belton,SC,yes
29645,Gray Court,SC,yes
29654,Honea Path,SC,yes
29669,Pelzer,SC,yes
29670,Pendleton,SC,yes
29676,Salem,SC,yes
29697,Williamston,SC,yes
29714,Fort Lawn,SC,yes
29724,Lando,SC,yes
29742,Sharon,SC,yes
29801,Aiken,SC,yes
29803,Aiken,SC,yes
29847,Trenton,SC,yes
30021,Clarkston,GA,yes
30034,Decatur,GA,yes
30072,Pine Lake,GA,yes
30178,Taylorsville,GA,yes
30213,Fairburn,GA,yes
30214,Fayetteville,GA,yes
30236,Jonesboro,GA,yes
30238,Jonesboro,GA,yes
30252,Mcdonough,GA,yes
30253,Mcdonough,GA,yes
30260,Morrow,GA,yes
30273,Rex,GA,yes
30274,Riverdale,GA,yes
30281,Stockbridge,GA,yes
30290,Tyrone,GA,yes
30296,Riverdale,GA,yes
30297,Forest Park,GA,yes
30337,Atlanta,GA,yes
30344,Atlanta,GA,yes
30354,Atlanta,GA,yes
30415,Brooklet,GA,yes
30460,Statesboro,GA,yes
30527,Clermont,GA,yes
30529,Commerce,GA,yes
30564,Murrayville,GA,yes
30565,Nicholson,GA,yes
31303,Clyo,GA,yes
31307,Eden,GA,yes
31308,Ellabell,GA,yes
31309,Fleming,GA,yes
31312,Guyton,GA,yes
31313,Hinesville,GA,yes
31314,Fort Stewart,GA,yes
31315,Fort Stewart,GA,yes
31321,Pembroke,GA,yes
31326,Rincon,GA,yes
31328,Tybee Island,GA,yes
31329,Springfield,GA,yes
32058,Lawtey,FL,yes
32189,Satsuma,FL,yes
32696,Williston,FL,yes
33034,Homestead,FL,yes
33857,Lorida,FL,yes
33870,Sebring,FL,yes
33872,Sebring,FL,yes
33875,Sebring,FL,yes
33876,Sebring,FL,yes
34139,Everglades City,FL,yes
37019,Belfast,TN,yes
37047,Cornersville,TN,yes
37701,Alcoa,TN,yes
37705,Andersonville,TN,yes
37709,Blaine,TN,yes
37716,Clinton,TN,yes
37754,Heiskell,TN,yes
37757,Jacksboro,TN,yes
37769,Lake City,TN,yes
37777,Louisville,TN,yes
37779,Luttrell,TN,yes
37807,Maynardville,TN,yes
37825,New Tazewell,TN,yes
37828,Norris,TN,yes
37849,Powell,TN,yes
37866,Sharps Chapel,TN,yes
37878,Tallassee,TN,yes
37902,Knoxville,TN,yes
37909,Knoxville,TN,yes
37912,Knoxville,TN,yes
37914,Knoxville,TN,yes
37915,Knoxville,TN,yes
37916,Knoxville,TN,yes
37917,Knoxville,TN,yes
37918,Knoxville,TN,yes
37919,Knoxville,TN,yes
37920,Knoxville,TN,yes
37921,Knoxville,TN,yes
37922,Knoxville,TN,yes
37923,Knoxville,TN,yes
37924,Knoxville,TN,yes
37931,Knoxville,TN,yes
37932,Knoxville,TN,yes
37934,Knoxville,TN,yes
37938,Knoxville,TN,yes
38451,Culleoka,TN,yes
38588,Whitleyville,TN,yes
40004,Bardstown,KY,yes
40010,Buckner,KY,yes
40013,Coxs Creek,KY,yes
40020,Fairfield,KY,yes
40071,Taylorsville,KY,yes
40076,Waddy,KY,yes
40077,Westport,KY,yes
40121,Fort Knox,KY,yes
40339,Keene,KY,yes
40342,Lawrenceburg,KY,yes
40361,Paris,KY,yes
40383,Versailles,KY,yes
40390,Wilmore,KY,yes
40391,Winchester,KY,yes
40604,Frankfort,KY,yes
41034,Dover,KY,yes
41040,Falmouth,KY,yes
41062,Minerva,KY,yes
41083,Sanders,KY,yes
42134,Franklin,KY,yes
42170,Woodburn,KY,yes
42204,Allensville,KY,yes
42206,Auburn,KY,yes
42234,Guthrie,KY,yes
42265,Olmstead,KY,yes
42276,Russellville,KY,yes
42339,Dunmor,KY,yes
42701,Elizabethtown,KY,yes
43006,Brinkhaven,OH,yes
43060,North Lewisburg,OH,yes
43084,Woodstock,OH,yes
43101,Adelphi,OH,yes
43106,Bloomingburg,OH,yes
43128,Jeffersonville,OH,yes
43145,New Holland,OH,yes
43149,Rockbridge,OH,yes
43323,Harpster,OH,yes
43332,La Rue,OH,yes
43412,Curtice,OH,yes
43432,Graytown,OH,yes
43434,Harbor View,OH,yes
43446,Middle Bass,OH,yes
43456,Put In Bay,OH,yes
43458,Rocky Ridge,OH,yes
43460,Rossford,OH,yes
43465,Walbridge,OH,yes
43468,Williston,OH,yes
43609,Toledo,OH,yes
43610,Toledo,OH,yes
43611,Toledo,OH,yes
43612,Toledo,OH,yes
43613,Toledo,OH,yes
43614,Toledo,OH,yes
43615,Toledo,OH,yes
43616,Oregon,OH,yes
43617,Toledo,OH,yes
43619,Northwood,OH,yes
43620,Toledo,OH,yes
43623,Toledo,OH,yes
44001,Amherst,OH,yes
44032,Dorset,OH,yes
44035,Elyria,OH,yes
44049,Kipton,OH,yes
44050,Lagrange,OH,yes
44052,Lorain,OH,yes
44053,Lorain,OH,yes
44055,Lorain,OH,yes
44057,Madison,OH,yes
44074,Oberlin,OH,yes
44076,Orwell,OH,yes
44084,Rock Creek,OH,yes
44085,Rome,OH,yes
44089,Vermilion,OH,yes
44090,Wellington,OH,yes
44099,Windsor,OH,yes
44408,Columbiana,OH,yes
44413,East Palestine,OH,yes
44423,Hanoverton,OH,yes
44427,Kensington,OH,yes
44432,Lisbon,OH,yes
44439,Mesopotamia,OH,yes
44445,New Waterford,OH,yes
44452,North Lima,OH,yes
44455,Rogers,OH,yes
44460,Salem,OH,yes
44470,Southington,OH,yes
44481,Warren,OH,yes
44483,Warren,OH,yes
44484,Warren,OH,yes
44485,Warren,OH,yes
44491,West Farmington,OH,yes
44493,Winona,OH,yes
44634,Homeworth,OH,yes
44645,Marshallville,OH,yes
44824,Castalia,OH,yes
44833,Galion,OH,yes
44843,Lucas,OH,yes
44870,Sandusky,OH,yes
44904,Mansfield,OH,yes
44906,Mansfield,OH,yes
44907,Mansfield,OH,yes
45131,Higginsport,OH,yes
45155,Mowrystown,OH,yes
45168,Russellville,OH,yes
45316,Clifton,OH,yes
45319,Donnelsville,OH,yes
45320,Eaton,OH,yes
45338,Lewisburg,OH,yes
45344,New Carlisle,OH,yes
45505,Springfield,OH,yes
45697,Winchester,OH,yes
46035,Colfax,IN,yes
46039,Forest,IN,yes
46047,Hobbs,IN,yes
46057,Michigantown,IN,yes
46070,Summitville,IN,yes
46071,Thorntown,IN,yes
46076,Windfall,IN,yes
46103,Amo,IN,yes
46115,Carthage,IN,yes
46121,Coatesville,IN,yes
46125,Eminence,IN,yes
46128,Fillmore,IN,yes
46147,Jamestown,IN,yes
46180,Stilesville,IN,yes
46745,Hoagland,IN,yes
46774,New Haven,IN,yes
46777,Ossian,IN,yes
46783,Roanoke,IN,yes
46788,Spencerville,IN,yes
46799,Zanesville,IN,yes
46936,Greentown,IN,yes
46979,Russiaville,IN,yes
47001,Aurora,IN,yes
47012,Brookville,IN,yes
47017,Cross Plains,IN,yes
47018,Dillsboro,IN,yes
47020,Florence,IN,yes
47032,Moores Hill,IN,yes
47035,New Trenton,IN,yes
47038,Patriot,IN,yes
47042,Versailles,IN,yes
47129,Clarksville,IN,yes
47130,Jeffersonville,IN,yes
47150,New Albany,IN,yes
47201,Columbus,IN,yes
47203,Columbus,IN,yes
47226,Clifford,IN,yes
47280,Taylorsville,IN,yes
47302,Muncie,IN,yes
47304,Muncie,IN,yes
47305,Muncie,IN,yes
47306,Muncie,IN,yes
47367,Oakville,IN,yes
47396,Yorktown,IN,yes
47404,Bloomington,IN,yes
47405,Bloomington,IN,yes
47406,Bloomington,IN,yes
47408,Bloomington,IN,yes
48005,Armada,MI,yes
48048,New Haven,MI,yes
48050,New Haven,MI,yes
48062,Richmond,MI,yes
48133,Erie,MI,yes
48144,Lambertville,MI,yes
48813,Charlotte,MI,yes
48816,Cohoctah,MI,yes
48825,East Lansing,MI,yes
48834,Fenwick,MI,yes
48876,Potterville,MI,yes
48884,Sheridan,MI,yes
48885,Sidney,MI,yes
48906,Lansing,MI,yes
48910,Lansing,MI,yes
48911,Lansing,MI,yes
48912,Lansing,MI,yes
48915,Lansing,MI,yes
49011,Athens,MI,yes
49027,Breedsville,MI,yes
49033,Ceresco,MI,yes
49043,Covert,MI,yes
49047,Dowagiac,MI,yes
49057,Hartford,MI,yes
49061,Jones,MI,yes
49067,Marcellus,MI,yes
49090,South Haven,MI,yes
49092,Tekonsha,MI,yes
49230,Brooklyn,MI,yes
49237,Concord,MI,yes
49261,Napoleon,MI,yes
49263,Norvell,MI,yes
49269,Parma,MI,yes
49283,Spring Arbor,MI,yes
49339,Pierson,MI,yes
49347,Trufant,MI,yes
49441,Muskegon,MI,yes
49442,Muskegon,MI,yes
50009,Altoona,IA,yes
50021,Ankeny,IA,yes
50023,Ankeny,IA,yes
50032,Berwick,IA,yes
50265,West Des Moines,IA,yes
50266,West Des Moines,IA,yes
50309,Des Moines,IA,yes
50310,Des Moines,IA,yes
50311,Des Moines,IA,yes
50312,Des Moines,IA,yes
50313,Des Moines,IA,yes
50314,Des Moines,IA,yes
50315,Des Moines,IA,yes
50316,Des Moines,IA,yes
50317,Des Moines,IA,yes
50319,Des Moines,IA,yes
50320,Des Moines,IA,yes
50321,Des Moines,IA,yes
50322,Urbandale,IA,yes
50323,Urbandale,IA,yes
50324,Windsor Heights,IA,yes
50325,Clive,IA,yes
50327,Pleasant Hill,IA,yes
51566,Red Oak,IA,yes
51639,Farragut,IA,yes
51640,Hamburg,IA,yes
51645,Imogene,IA,yes
51650,Riverton,IA,yes
53023,Glenbeulah,WI,yes
53073,Plymouth,WI,yes
53085,Sheboygan Falls,WI,yes
53502,Albany,WI,yes
53521,Brooklyn,WI,yes
53558,Mc Farland,WI,yes
53562,Middleton,WI,yes
53585,Sharon,WI,yes
53590,Sun Prairie,WI,yes
53597,Waunakee,WI,yes
53963,Waupun,WI,yes
54004,Clayton,WI,yes
54027,Wilson,WI,yes
54106,Black Creek,WI,yes
54110,Brillion,WI,yes
54113,Combined Locks,WI,yes
54115,De Pere,WI,yes
54123,Forest Junction,WI,yes
54126,Greenleaf,WI,yes
54129,Hilbert,WI,yes
54130,Kaukauna,WI,yes
54136,Kimberly,WI,yes
54140,Little Chute,WI,yes
54160,Potter,WI,yes
54165,Seymour,WI,yes
54169,Sherwood,WI,yes
54170,Shiocton,WI,yes
54180,Wrightstown,WI,yes
54901,Oshkosh,WI,yes
54902,Oshkosh,WI,yes
54904,Oshkosh,WI,yes
54911,Appleton,WI,yes
54913,Appleton,WI,yes
54914,Appleton,WI,yes
54915,Appleton,WI,yes
54927,Butte Des Morts,WI,yes
54931,Dale,WI,yes
54942,Greenville,WI,yes
54944,Hortonville,WI,yes
54947,Larsen,WI,yes
54952,Menasha,WI,yes
55312,Brownton,MN,yes
55324,Darwin,MN,yes
55396,Winthrop,MN,yes
55983,Wanamingo,MN,yes
56082,Saint Peter,MN,yes
60034,Hebron,IL,yes
60096,Winthrop Harbor,IL,yes
60112,Cortland,IL,yes
60178,Sycamore,IL,yes
60410,Channahon,IL,yes
60415,Chicago Ridge,IL,yes
60453,Oak Lawn,IL,yes
60457,Hickory Hills,IL,yes
60501,Summit Argo,IL,yes
60537,Millington,IL,yes
60552,Somonauk,IL,yes
63033,Florissant,MO,yes
63034,Florissant,MO,yes
63048,Herculaneum,MO,yes
63055,Labadie,MO,yes
63069,Pacific,MO,yes
63090,Washington,MO,yes
63129,Saint Louis,MO,yes
63130,Saint Louis,MO,yes
63131,Saint Louis,MO,yes
63139,Saint Louis,MO,yes
63362,Moscow Mills,MO,yes
63379,Troy,MO,yes
63390,Wright City,MO,yes
64019,Centerview,MO,yes
64040,Holden,MO,yes
64401,Agency,MO,yes
64440,De Kalb,MO,yes
64484,Rushville,MO,yes
64720,Adrian,MO,yes
64725,Archie,MO,yes
66040,Lacygne,KS,yes
66066,Oskaloosa,KS,yes
66073,Perry,KS,yes
66079,Rantoul,KS,yes
66097,Winchester,KS,yes
68019,Craig,NE,yes
68061,Tekamah,NE,yes
68301,Adams,NE,yes
68313,Beaver Crossing,NE,yes
68320,Brock,NE,yes
68331,Cortland,NE,yes
68343,Dorchester,NE,yes
68359,Friend,NE,yes
68364,Goehner,NE,yes
68456,Utica,NE,yes
68465,Wilber,NE,yes
68669,Ulysses,NE,yes
70049,Edgard,LA,yes
70051,Garyville,LA,yes
70057,Hahnville,LA,yes
70068,La Place,LA,yes
70076,Mount Airy,LA,yes
70079,Norco,LA,yes
70084,Reserve,LA,yes
70117,New Orleans,LA,yes
70125,New Orleans,LA,yes
70130,New Orleans,LA,yes
70420,Abita Springs,LA,yes
70433,Covington,LA,yes
70435,Covington,LA,yes
70437,Folsom,LA,yes
70449,Maurepas,LA,yes
70454,Ponchatoula,LA,yes
70462,Springfield,LA,yes
75155,Rice,TX,yes
75169,Wills Point,TX,yes
75489,Tom Bean,TX,yes
76048,Granbury,TX,yes
76049,Granbury,TX,yes
76073,Paradise,TX,yes
76268,Southmayd,TX,yes
76476,Tolar,TX,yes
76501,Temple,TX,yes
76539,Kempner,TX,yes
77327,Cleveland,TX,yes
77328,Cleveland,TX,yes
77473,San Felipe,TX,yes
77515,Angleton,TX,yes
77561,Hardin,TX,yes
78002,Atascosa,TX,yes
78003,Bandera,TX,yes
78013,Comfort,TX,yes
78069,Somerset,TX,yes
78073,Von Ormy,TX,yes
78638,Kingsbury,TX,yes
78657,Horseshoe Bay,TX,yes
80432,Como,CO,yes
80456,Jefferson,CO,yes
80478,Tabernash,CO,yes
80649,Orchard,CO,yes
83622,Garden Valley,ID,yes
84080,Vernon,UT,yes
84324,Mantua,UT,yes
84629,Fairview,UT,yes
84645,Mona,UT,yes
85354,Tonopah,AZ,yes
85623,Oracle,AZ,yes
85641,Vail,AZ,yes
86301,Prescott,AZ,yes
86303,Prescott,AZ,yes
86305,Prescott,AZ,yes
86313,Prescott,AZ,yes
86314,Prescott Valley,AZ,yes
86315,Prescott Valley,AZ,yes
86326,Cottonwood,AZ,yes
86329,Humboldt,AZ,yes
87004,Bernalillo,NM,yes
87008,Cedar Crest,NM,yes
87022,Isleta,NM,yes
87042,Peralta,NM,yes
87043,Placitas,NM,yes
87047,Sandia Park,NM,yes
87048,Corrales,NM,yes
87059,Tijeras,NM,yes
87068,Bosque Farms,NM,yes
87117,Kirtland Afb,NM,yes
87124,Rio Rancho,NM,yes
87144,Rio Rancho,NM,yes
91931,Guatay,CA,yes
91962,Pine Valley,CA,yes
92258,North Palm Springs,CA,yes
92315,Big Bear Lake,CA,yes
92333,Fawnskin,CA,yes
92386,Sugarloaf,CA,yes
93103,Santa Barbara,CA,yes
93108,Santa Barbara,CA,yes
93109,Santa Barbara,CA,yes
93110,Santa Barbara,CA,yes
93111,Santa Barbara,CA,yes
94928,Rohnert Park,CA,yes
94931,Cotati,CA,yes
94946,Nicasio,CA,yes
94950,Olema,CA,yes
94951,Penngrove,CA,yes
95012,Castroville,CA,yes
95363,Patterson,CA,yes
95401,Santa Rosa,CA,yes
95403,Santa Rosa,CA,yes
95431,Eldridge,CA,yes
95442,Glen Ellen,CA,yes
95452,Kenwood,CA,yes
95629,Fiddletown,CA,yes
95636,Grizzly Flats,CA,yes
95665,Pine Grove,CA,yes
95675,River Pines,CA,yes
95689,Volcano,CA,yes
95918,Browns Valley,CA,yes
95937,Dunnigan,CA,yes
95946,Penn Valley,CA,yes
95950,Grimes,CA,yes
95957,Meridian,CA,yes
95975,Rough And Ready,CA,yes
95982,Sutter,CA,yes
97102,Arch Cape,OR,yes
97130,Manzanita,OR,yes
97136,Rockaway Beach,OR,yes
97324,Alsea,OR,yes
97376,Seal Rock,OR,yes
97390,Tidewater,OR,yes
97412,Blachly,OR,yes
97426,Creswell,OR,yes
98232,Bow,WA,yes
98361,Packwood,WA,yes
98541,Elma,WA,yes
98559,Malone,WA,yes
98568,Oakville,WA,yes
98591,Toledo,WA,yes
98593,Vader,WA,yes
99001,Airway Heights,WA,yes
99004,Cheney,WA,yes
99016,Greenacres,WA,yes
99019,Liberty Lake,WA,yes
99021,Mead,WA,yes
99022,Medical Lake,WA,yes
99037,Veradale,WA,yes
99201,Spokane,WA,yes
99202,Spokane,WA,yes
99203,Spokane,WA,yes
99204,Spokane,WA,yes
99205,Spokane,WA,yes
99206,Spokane,WA,yes
99207,Spokane,WA,yes
99208,Spokane,WA,yes
99212,Spokane,WA,yes
99216,Spokane,WA,yes
99217,Spokane,WA,yes
99218,Spokane,WA,yes
99223,Spokane,WA,yes
99224,Spokane,WA,yes
02564,Siasconset,MA,yes
04010,Brownfield,ME,yes
04040,Harrison,ME,yes
04051,Lovell,ME,yes
04265,North Monmouth,ME,yes
04267,North Waterford,ME,yes
04268,Norway,ME,yes
04330,Augusta,ME,yes
04350,Litchfield,ME,yes
04358,South China,ME,yes
04364,Winthrop,ME,yes
04530,Bath,ME,yes
04901,Waterville,ME,yes
04910,Albion,ME,yes
04926,China Village,ME,yes
04927,Clinton,ME,yes
04963,Oakland,ME,yes
05038,Chelsea,VT,yes
05039,Corinth,VT,yes
05061,Randolph Center,VT,yes
05077,Tunbridge,VT,yes
05737,Chittenden,VT,yes
05762,Pittsfield,VT,yes
05765,Proctor,VT,yes
08202,Avalon,NJ,yes
08223,Marmora,NJ,yes
08226,Ocean City,NJ,yes
08230,Ocean View,NJ,yes
08243,Sea Isle City,NJ,yes
08246,South Seaville,NJ,yes
08248,Strathmere,NJ,yes
08270,Woodbine,NJ,yes
08314,Delmont,NJ,yes
08406,Ventnor City,NJ,yes
12430,Fleischmanns,NY,yes
12438,Halcottsville,NY,yes
12723,Callicoon,NY,yes
12724,Callicoon Center,NY,yes
12726,Cochecton,NY,yes
12745,Hortonville,NY,yes
12750,Kenoza Lake,NY,yes
12752,Lake Huntington,NY,yes
12758,Livingston Manor,NY,yes
12766,North Branch,NY,yes
12821,Comstock,NY,yes
13020,Apulia Station,NY,yes
13026,Aurora,NY,yes
13027,Baldwinsville,NY,yes
13028,Bernhards Bay,NY,yes
13029,Brewerton,NY,yes
13032,Canastota,NY,yes
13034,Cayuga,NY,yes
13036,Central Square,NY,yes
13037,Chittenango,NY,yes
13039,Cicero,NY,yes
13041,Clay,NY,yes
13042,Cleveland,NY,yes
13044,Constantia,NY,yes
13051,Delphi Falls,NY,yes
13054,Durhamville,NY,yes
13057,East Syracuse,NY,yes
13061,Erieville,NY,yes
13066,Fayetteville,NY,yes
13071,Genoa,NY,yes
13072,Georgetown,NY,yes
13074,Hannibal,NY,yes
13076,Hastings,NY,yes
13078,Jamesville,NY,yes
13084,La Fayette,NY,yes
13088,Liverpool,NY,yes
13090,Liverpool,NY,yes
13092,Locke,NY,yes
13103,Mallory,NY,yes
13116,Minoa,NY,yes
13117,Montezuma,NY,yes
13120,Nedrow,NY,yes
13122,New Woodstock,NY,yes
13123,North Bay,NY,yes
13132,Pennellville,NY,yes
13134,Peterboro,NY,yes
13135,Phoenix,NY,yes
13138,Pompey,NY,yes
13147,Scipio Center,NY,yes
13157,Sylvan Beach,NY,yes
13160,Union Springs,NY,yes
13162,Verona Beach,NY,yes
13167,West Monroe,NY,yes
13202,Syracuse,NY,yes
13203,Syracuse,NY,yes
13204,Syracuse,NY,yes
13205,Syracuse,NY,yes
13206,Syracuse,NY,yes
13207,Syracuse,NY,yes
13208,Syracuse,NY,yes
13209,Syracuse,NY,yes
13210,Syracuse,NY,yes
13211,Syracuse,NY,yes
13212,Syracuse,NY,yes
13214,Syracuse,NY,yes
13219,Syracuse,NY,yes
13224,Syracuse,NY,yes
13290,Syracuse,NY,yes
13308,Blossvale,NY,yes
13314,Brookfield,NY,yes
13315,Burlington Flats,NY,yes
13316,Camden,NY,yes
13334,Eaton,NY,yes
13346,Hamilton,NY,yes
13352,Hinckley,NY,yes
13355,Hubbardsville,NY,yes
13364,Leonardsville,NY,yes
13402,Madison,NY,yes
13408,Morrisville,NY,yes
13418,North Brookfield,NY,yes
13421,Oneida,NY,yes
13435,Prospect,NY,yes
13438,Remsen,NY,yes
13439,Richfield Springs,NY,yes
13441,Rome,NY,yes
13469,Stittville,NY,yes
13471,Taberg,NY,yes
13478,Verona,NY,yes
13483,Westdale,NY,yes
13484,West Eaton,NY,yes
13485,West Edmeston,NY,yes
13491,West Winfield,NY,yes
13739,Bloomville,NY,yes
13740,Bovina Center,NY,yes
13807,Milford,NY,yes
13842,South Kortright,NY,yes
14001,Akron,NY,yes
14004,Alden,NY,yes
14008,Appleton,NY,yes
14026,Bowmansville,NY,yes
14031,Clarence,NY,yes
14043,Depew,NY,yes
14075,Hamburg,NY,yes
14082,Java Center,NY,yes
14086,Lancaster,NY,yes
14113,North Java,NY,yes
14127,Orchard Park,NY,yes
14170,West Falls,NY,yes
14427,Castile,NY,yes
14521,Ovid,NY,yes
14529,Perkinsville,NY,yes
14550,Silver Springs,NY,yes
14809,Avoca,NY,yes
14810,Bath,NY,yes
14823,Canisteo,NY,yes
14826,Cohocton,NY,yes
14840,Hammondsport,NY,yes
14842,Himrod,NY,yes
14846,Hunt,NY,yes
14847,Interlaken,NY,yes
14856,Kanona,NY,yes
14860,Lodi,NY,yes
15316,Brave,PA,yes
15352,New Freeport,PA,yes
16020,Boyers,PA,yes
16022,Bruin,PA,yes
16028,East Brady,PA,yes
16030,Eau Claire,PA,yes
16035,Forestville,PA,yes
16038,Harrisville,PA,yes
16040,Hilliards,PA,yes
16116,Edinburg,PA,yes
16132,Hillsville,PA,yes
17017,Dalmatia,PA,yes
17024,Elliottsburg,PA,yes
17068,New Bloomfield,PA,yes
17074,Newport,PA,yes
17220,Dry Run,PA,yes
17225,Greencastle,PA,yes
17246,Pleasant Hall,PA,yes
17250,Rouzerville,PA,yes
17262,Spring Run,PA,yes
17268,Waynesboro,PA,yes
17271,Willow Hill,PA,yes
17941,Klingerstown,PA,yes
17957,Muir,PA,yes
17961,Orwigsburg,PA,yes
17968,Sacramento,PA,yes
17978,Spring Glen,PA,yes
17981,Tremont,PA,yes
18030,Bowmanstown,PA,yes
18053,Germansville,PA,yes
18066,New Tripoli,PA,yes
18216,Beaver Meadows,PA,yes
18255,Weatherly,PA,yes
18424,Gouldsboro,PA,yes
18436,Lake Ariel,PA,yes
18438,Lakeville,PA,yes
18444,Moscow,PA,yes
18473,White Mills,PA,yes
19111,Philadelphia,PA,yes
19114,Philadelphia,PA,yes
19115,Philadelphia,PA,yes
19116,Philadelphia,PA,yes
19118,Philadelphia,PA,yes
19125,Philadelphia,PA,yes
19127,Philadelphia,PA,yes
19128,Philadelphia,PA,yes
19136,Philadelphia,PA,yes
19146,Philadelphia,PA,yes
19147,Philadelphia,PA,yes
19148,Philadelphia,PA,yes
19152,Philadelphia,PA,yes
19154,Philadelphia,PA,yes
20606,Abell,MD,yes
20609,Avenue,MD,yes
20618,Bushwood,MD,yes
20621,Chaptico,MD,yes
20624,Clements,MD,yes
20625,Cobb Island,MD,yes
20626,Coltons Point,MD,yes
20657,Lusby,MD,yes
20660,Morganza,MD,yes
21601,Easton,MD,yes
21607,Barclay,MD,yes
21610,Betterton,MD,yes
21612,Bozman,MD,yes
21631,East New Market,MD,yes
21632,Federalsburg,MD,yes
21643,Hurlock,MD,yes
21644,Ingleside,MD,yes
21647,Mcdaniel,MD,yes
21652,Neavitt,MD,yes
21655,Preston,MD,yes
21659,Rhodesdale,MD,yes
21664,Secretary,MD,yes
21665,Sherwood,MD,yes
21668,Sudlersville,MD,yes
21671,Tilghman,MD,yes
21676,Wittman,MD,yes
21679,Wye Mills,MD,yes
21722,Clear Spring,MD,yes
21767,Maugansville,MD,yes
21801,Salisbury,MD,yes
21802,Salisbury,MD,yes
21804,Salisbury,MD,yes
21811,Berlin,MD,yes
21826,Fruitland,MD,yes
21849,Parsonsburg,MD,yes
21850,Pittsville,MD,yes
21861,Sharptown,MD,yes
21862,Showell,MD,yes
21872,Whaleyville,MD,yes
21874,Willards,MD,yes
21875,Delmar,MD,yes
21912,Warwick,MD,yes
21916,Childs,MD,yes
21917,Colora,MD,yes
21920,Elk Mills,MD,yes
22476,Hustle,VA,yes
22601,Winchester,VA,yes
22611,Berryville,VA,yes
22624,Clear Brook,VA,yes
22645,Middletown,VA,yes
22646,Millwood,VA,yes
22655,Stephens City,VA,yes
22656,Stephenson,VA,yes
22719,Etlan,VA,yes
22740,Sperryville,VA,yes
22923,Barboursville,VA,yes
22963,Palmyra,VA,yes
22972,Somerset,VA,yes
22974,Troy,VA,yes
23002,Amelia Court House,VA,yes
23027,Cartersville,VA,yes
23030,Charles City,VA,yes
23126,Newtown,VA,yes
23148,Saint Stephens Church,VA,yes
23161,Stevensville,VA,yes
23168,Toano,VA,yes
23181,West Point,VA,yes
23187,Williamsburg,VA,yes
23304,Battery Park,VA,yes
23314,Carrollton,VA,yes
23320,Chesapeake,VA,yes
23321,Chesapeake,VA,yes
23322,Chesapeake,VA,yes
23323,Chesapeake,VA,yes
23325,Chesapeake,VA,yes
23434,Suffolk,VA,yes
23451,Virginia Beach,VA,yes
23452,Virginia Beach,VA,yes
23453,Virginia Beach,VA,yes
23454,Virginia Beach,VA,yes
23455,Virginia Beach,VA,yes
23456,Virginia Beach,VA,yes
23459,Virginia Beach,VA,yes
23460,Virginia Beach,VA,yes
23461,Virginia Beach,VA,yes
23462,Virginia Beach,VA,yes
23464,Virginia Beach,VA,yes
23502,Norfolk,VA,yes
23503,Norfolk,VA,yes
23504,Norfolk,VA,yes
23507,Norfolk,VA,yes
23508,Norfolk,VA,yes
23510,Norfolk,VA,yes
23511,Norfolk,VA,yes
23513,Norfolk,VA,yes
23517,Norfolk,VA,yes
23518,Norfolk,VA,yes
23523,Norfolk,VA,yes
23551,Norfolk,VA,yes
23662,Poquoson,VA,yes
23801,Fort Lee,VA,yes
23881,Spring Grove,VA,yes
23899,Claremont,VA,yes
25401,Martinsburg,WV,yes
25403,Martinsburg,WV,yes
25404,Martinsburg,WV,yes
25405,Martinsburg,WV,yes
25413,Bunker Hill,WV,yes
25419,Falling Waters,WV,yes
25420,Gerrardstown,WV,yes
25425,Harpers Ferry,WV,yes
25427,Hedgesville,WV,yes
25428,Inwood,WV,yes
25432,Millville,WV,yes
25438,Ranson,WV,yes
25442,Shenandoah Junction,WV,yes
25443,Shepherdstown,WV,yes
26030,Beech Bottom,WV,yes
26037,Follansbee,WV,yes
26070,Wellsburg,WV,yes
26074,West Liberty,WV,yes
26075,Windsor Heights,WV,yes
27020,Hamptonville,NC,yes
27042,Pine Hall,NC,yes
27055,Yadkinville,NC,yes
27209,Biscoe,NC,yes
27320,Reidsville,NC,yes
27536,Henderson,NC,yes
27537,Henderson,NC,yes
27556,Middleburg,NC,yes
27583,Timberlake,NC,yes
27812,Bethel,NC,yes
27827,Falkland,NC,yes
27837,Grimesland,NC,yes
27886,Tarboro,NC,yes
28325,Calypso,NC,yes
28364,Maxton,NC,yes
28371,Parkton,NC,yes
28377,Red Springs,NC,yes
28420,Ash,NC,yes
28421,Atkinson,NC,yes
28425,Burgaw,NC,yes
28435,Currie,NC,yes
28447,Ivanhoe,NC,yes
28451,Leland,NC,yes
28452,Longwood,NC,yes
28454,Maple Hill,NC,yes
28460,Sneads Ferry,NC,yes
28466,Wallace,NC,yes
28478,Willard,NC,yes
28479,Winnabow,NC,yes
28508,Albertson,NC,yes
28518,Beulaville,NC,yes
28554,Maury,NC,yes
28574,Richlands,NC,yes
28578,Seven Springs,NC,yes
28645,Lenoir,NC,yes
28652,Minneapolis,NC,yes
28689,Union Grove,NC,yes
29036,Chapin,SC,yes
29065,Jenkinsville,SC,yes
29074,Liberty Hill,SC,yes
29078,Lugoff,SC,yes
29147,State Park,SC,yes
29180,Winnsboro,SC,yes
29321,Buffalo,SC,yes
29325,Clinton,SC,yes
29360,Laurens,SC,yes
29426,Adams Run,SC,yes
29434,Cordesville,SC,yes
29437,Dorchester,SC,yes
29438,Edisto Island,SC,yes
29449,Hollywood,SC,yes
29487,Wadmalaw Island,SC,yes
29511,Aynor,SC,yes
29519,Centenary,SC,yes
29544,Galivants Ferry,SC,yes
29545,Green Sea,SC,yes
29546,Gresham,SC,yes
29555,Johnsonville,SC,yes
29568,Longs,SC,yes
29571,Marion,SC,yes
29574,Mullins,SC,yes
29581,Nichols,SC,yes
29582,North Myrtle Beach,SC,yes
29592,Sellers,SC,yes
29638,Donalds,SC,yes
29665,Newry,SC,yes
29672,Seneca,SC,yes
29678,Seneca,SC,yes
29684,Starr,SC,yes
29689,Townville,SC,yes
29696,West Union,SC,yes
29706,Chester,SC,yes
29729,Richburg,SC,yes
29805,Aiken,SC,yes
29850,Vaucluse,SC,yes
30012,Conyers,GA,yes
30013,Conyers,GA,yes
30025,Social Circle,GA,yes
30094,Conyers,GA,yes
30103,Adairsville,GA,yes
30145,Kingston,GA,yes
30171,Rydal,GA,yes
30187,Winston,GA,yes
30215,Fayetteville,GA,yes
30228,Hampton,GA,yes
30269,Peachtree City,GA,yes
30277,Sharpsburg,GA,yes
30284,Sunny Side,GA,yes
30288,Conley,GA,yes
30289,Turin,GA,yes
30291,Union City,GA,yes
30458,Statesboro,GA,yes
30461,Statesboro,GA,yes
30533,Dahlonega,GA,yes
30543,Gillsville,GA,yes
30554,Lula,GA,yes
30575,Talmo,GA,yes
30601,Athens,GA,yes
30602,Athens,GA,yes
30605,Athens,GA,yes
30606,Athens,GA,yes
30607,Athens,GA,yes
30609,Athens,GA,yes
30641,Good Hope,GA,yes
31301,Allenhurst,GA,yes
31320,Midway,GA,yes
31323,Riceboro,GA,yes
32011,Callahan,FL,yes
32131,East Palatka,FL,yes
32177,Palatka,FL,yes
32621,Bronson,FL,yes
32693,Trenton,FL,yes
34449,Inglis,FL,yes
34498,Yankeetown,FL,yes
35043,Chelsea,AL,yes
35173,Trussville,AL,yes
35213,Birmingham,AL,yes
35215,Birmingham,AL,yes
35216,Birmingham,AL,yes
35223,Birmingham,AL,yes
35226,Birmingham,AL,yes
35229,Birmingham,AL,yes
35242,Birmingham,AL,yes
35243,Birmingham,AL,yes
35244,Birmingham,AL,yes
35749,Harvest,AL,yes
35756,Madison,AL,yes
35758,Madison,AL,yes
37018,Beechgrove,TN,yes
37050,Cumberland City,TN,yes
37144,Petersburg,TN,yes
37160,Shelbyville,TN,yes
37166,Smithville,TN,yes
37183,Wartrace,TN,yes
37657,Flag Pond,TN,yes
37710,Briceville,TN,yes
37722,Cosby,TN,yes
37737,Friendsville,TN,yes
37742,Greenback,TN,yes
37748,Harriman,TN,yes
37763,Kingston,TN,yes
37766,La Follette,TN,yes
37771,Lenoir City,TN,yes
37772,Lenoir City,TN,yes
37801,Maryville,TN,yes
37803,Maryville,TN,yes
37804,Maryville,TN,yes
37813,Morristown,TN,yes
37814,Morristown,TN,yes
37821,Newport,TN,yes
37830,Oak Ridge,TN,yes
37848,Powder Springs,TN,yes
37854,Rockwood,TN,yes
37860,Russellville,TN,yes
37861,Rutledge,TN,yes
37870,Speedwell,TN,yes
37888,Washburn,TN,yes
37890,White Pine,TN,yes
38472,Lynnville,TN,yes
38474,Mount Pleasant,TN,yes
38562,Gainesboro,TN,yes
38581,Rock Island,TN,yes
38582,Silver Point,TN,yes
40019,Eminence,KY,yes
40050,New Castle,KY,yes
40055,Pendleton,KY,yes
40068,Smithfield,KY,yes
40070,Sulphur,KY,yes
40078,Willisburg,KY,yes
40160,Radcliff,KY,yes
40175,Vine Grove,KY,yes
40359,Owenton,KY,yes
40372,Salvisa,KY,yes
40385,Waco,KY,yes
40422,Danville,KY,yes
40444,Lancaster,KY,yes
40475,Richmond,KY,yes
41039,Ewing,KY,yes
41045,Ghent,KY,yes
41055,Mayslick,KY,yes
41064,Mount Olivet,KY,yes
42120,Adolphus,KY,yes
42122,Alvaton,KY,yes
42202,Adairville,KY,yes
42220,Elkton,KY,yes
42256,Lewisburg,KY,yes
42273,Rochester,KY,yes
42286,Trenton,KY,yes
42320,Beaver Dam,KY,yes
42324,Belton,KY,yes
42354,Mc Henry,KY,yes
43009,Cable,OH,yes
43010,Catawba,OH,yes
43078,Urbana,OH,yes
43135,Laurelville,OH,yes
43156,Tarlton,OH,yes
43408,Clay Center,OH,yes
43410,Clyde,OH,yes
43416,Elmore,OH,yes
43433,Gypsum,OH,yes
43439,Lacarne,OH,yes
43440,Lakeside Marblehead,OH,yes
43442,Lindsey,OH,yes
43443,Luckey,OH,yes
43445,Martin,OH,yes
43447,Millbury,OH,yes
43504,Berkey,OH,yes
43560,Sylvania,OH,yes
43604,Toledo,OH,yes
43605,Toledo,OH,yes
43606,Toledo,OH,yes
43607,Toledo,OH,yes
43608,Toledo,OH,yes
43735,East Fultonham,OH,yes
43738,Fultonham,OH,yes
43746,Hopewell,OH,yes
43748,Junction City,OH,yes
43760,Mount Perry,OH,yes
43821,Dresden,OH,yes
43822,Frazeysburg,OH,yes
43830,Nashport,OH,yes
43842,Trinway,OH,yes
43843,Walhonding,OH,yes
43844,Warsaw,OH,yes
43908,Bergholz,OH,yes
43912,Bridgeport,OH,yes
43913,Brilliant,OH,yes
43926,Empire,OH,yes
43930,Hammondsville,OH,yes
43932,Irondale,OH,yes
43934,Lansing,OH,yes
43935,Martins Ferry,OH,yes
43938,Mingo Junction,OH,yes
43940,Neffs,OH,yes
43943,Rayland,OH,yes
43952,Steubenville,OH,yes
43953,Steubenville,OH,yes
43961,Stratton,OH,yes
43963,Tiltonsville,OH,yes
43964,Toronto,OH,yes
43971,Yorkville,OH,yes
44003,Andover,OH,yes
44010,Austinburg,OH,yes
44041,Geneva,OH,yes
44047,Jefferson,OH,yes
44093,Williamsfield,OH,yes
44217,Creston,OH,yes
44270,Rittman,OH,yes
44276,Sterling,OH,yes
44402,Bristolville,OH,yes
44405,Campbell,OH,yes
44406,Canfield,OH,yes
44410,Cortland,OH,yes
44417,Farmdale,OH,yes
44431,Leetonia,OH,yes
44436,Lowellville,OH,yes
44437,Mc Donald,OH,yes
44440,Mineral Ridge,OH,yes
44446,Niles,OH,yes
44450,North Bloomfield,OH,yes
44471,Struthers,OH,yes
44490,Washingtonville,OH,yes
44618,Dalton,OH,yes
44625,East Rochester,OH,yes
44628,Glenmont,OH,yes
44644,Malvern,OH,yes
44663,New Philadelphia,OH,yes
44667,Orrville,OH,yes
44677,Smithville,OH,yes
44809,Bascom,OH,yes
44811,Bellevue,OH,yes
44814,Berlin Heights,OH,yes
44815,Bettsville,OH,yes
44816,Birmingham,OH,yes
44820,Bucyrus,OH,yes
44828,Flat Rock,OH,yes
44836,Green Springs,OH,yes
44841,Kansas,OH,yes
44849,Nevada,OH,yes
44853,New Riegel,OH,yes
44861,Old Fort,OH,yes
44864,Perrysville,OH,yes
44867,Republic,OH,yes
44878,Shiloh,OH,yes
44883,Tiffin,OH,yes
44889,Wakeman,OH,yes
44901,Mansfield,OH,yes
44902,Mansfield,OH,yes
44903,Mansfield,OH,yes
44905,Mansfield,OH,yes
45115,Decatur,OH,yes
45132,Highland,OH,yes
45133,Hillsboro,OH,yes
45167,Ripley,OH,yes
45314,Cedarville,OH,yes
45369,South Vienna,OH,yes
45371,Tipp City,OH,yes
45378,Verona,OH,yes
46058,Mulberry,IN,yes
46065,Rossville,IN,yes
46104,Arlington,IN,yes
46105,Bainbridge,IN,yes
46135,Greencastle,IN,yes
46150,Manilla,IN,yes
46166,Paragon,IN,yes
46172,Roachdale,IN,yes
46175,Russellville,IN,yes
46182,Waldron,IN,yes
46514,Elkhart,IN,yes
46516,Elkhart,IN,yes
46517,Elkhart,IN,yes
46538,Leesburg,IN,yes
46555,North Webster,IN,yes
46565,Shipshewana,IN,yes
46701,Albion,IN,yes
46706,Auburn,IN,yes
46710,Avilla,IN,yes
46723,Churubusco,IN,yes
46725,Columbia City,IN,yes
46731,Craigville,IN,yes
46732,Cromwell,IN,yes
46738,Garrett,IN,yes
46741,Grabill,IN,yes
46750,Huntington,IN,yes
46760,Kimmell,IN,yes
46763,Laotto,IN,yes
46764,Larwill,IN,yes
46767,Ligonier,IN,yes
46770,Markle,IN,yes
46773,Monroeville,IN,yes
46784,Rome City,IN,yes
46785,Saint Joe,IN,yes
46787,South Whitley,IN,yes
46791,Uniondale,IN,yes
46794,Wawaka,IN,yes
46797,Woodburn,IN,yes
46901,Kokomo,IN,yes
46902,Kokomo,IN,yes
46915,Burlington,IN,yes
47006,Batesville,IN,yes
47011,Bennington,IN,yes
47030,Metamora,IN,yes
47031,Milan,IN,yes
47036,Oldenburg,IN,yes
47037,Osgood,IN,yes
47040,Rising Sun,IN,yes
47041,Sunman,IN,yes
47117,Elizabeth,IN,yes
47136,Lanesville,IN,yes
47234,Flat Rock,IN,yes
47246,Hope,IN,yes
47303,Muncie,IN,yes
47429,Ellettsville,IN,yes
47448,Nashville,IN,yes
47933,Crawfordsville,IN,yes
47940,Darlington,IN,yes
47954,Ladoga,IN,yes
47968,New Ross,IN,yes
48177,Samaria,MI,yes
48182,Temperance,MI,yes
48203,Highland Park,MI,yes
48411,Atlas,MI,yes
48473,Swartz Creek,MI,yes
48476,Vernon,MI,yes
48509,Burton,MI,yes
48519,Burton,MI,yes
48529,Burton,MI,yes
48808,Bath,MI,yes
48811,Carson City,MI,yes
48820,Dewitt,MI,yes
48821,Dimondale,MI,yes
48822,Eagle,MI,yes
48827,Eaton Rapids,MI,yes
48845,Hubbardston,MI,yes
48848,Laingsburg,MI,yes
48860,Muir,MI,yes
48870,Palo,MI,yes
48917,Lansing,MI,yes
48933,Lansing,MI,yes
49032,Centreville,MI,yes
49036,Coldwater,MI,yes
49042,Constantine,MI,yes
49052,Fulton,MI,yes
49066,Leonidas,MI,yes
49072,Mendon,MI,yes
49089,Sherwood,MI,yes
49094,Union City,MI,yes
49099,White Pigeon,MI,yes
49102,Berrien Center,MI,yes
49111,Eau Claire,MI,yes
49127,Stevensville,MI,yes
49220,Addison,MI,yes
49221,Adrian,MI,yes
49228,Blissfield,MI,yes
49233,Cement City,MI,yes
49234,Clarklake,MI,yes
49254,Michigan Center,MI,yes
49265,Onsted,MI,yes
49267,Ottawa Lake,MI,yes
49268,Palmyra,MI,yes
49276,Riga,MI,yes
49284,Springport,MI,yes
49322,Coral,MI,yes
49329,Howard City,MI,yes
49337,Newaygo,MI,yes
49412,Fremont,MI,yes
49425,Holton,MI,yes
49440,Muskegon,MI,yes
49445,Muskegon,MI,yes
49450,Pullman,MI,yes
49457,Twin Lake,MI,yes
50035,Bondurant,IA,yes
50038,Booneville,IA,yes
50061,Cumming,IA,yes
50131,Johnston,IA,yes
50169,Mitchellville,IA,yes
50211,Norwalk,IA,yes
50252,Swan,IA,yes
50261,Van Meter,IA,yes
51601,Shenandoah,IA,yes
51638,Essex,IA,yes
53019,Eden,WI,yes
53044,Kohler,WI,yes
53049,Malone,WI,yes
53057,Mount Calvary,WI,yes
53079,Saint Cloud,WI,yes
53501,Afton,WI,yes
53528,Cross Plains,WI,yes
53536,Evansville,WI,yes
53570,Monticello,WI,yes
53571,Morrisonville,WI,yes
53593,Verona,WI,yes
53598,Windsor,WI,yes
53702,Madison,WI,yes
53703,Madison,WI,yes
53704,Madison,WI,yes
53705,Madison,WI,yes
53706,Madison,WI,yes
53711,Madison,WI,yes
53713,Madison,WI,yes
53714,Madison,WI,yes
53715,Madison,WI,yes
53716,Madison,WI,yes
53717,Madison,WI,yes
53718,Madison,WI,yes
53719,Madison,WI,yes
53726,Madison,WI,yes
53792,Madison,WI,yes
53925,Columbus,WI,yes
53928,Doylestown,WI,yes
53932,Fall River,WI,yes
53933,Fox Lake,WI,yes
53956,Randolph,WI,yes
54155,Oneida,WI,yes
54173,Suamico,WI,yes
54208,Denmark,WI,yes
54229,New Franken,WI,yes
54301,Green Bay,WI,yes
54302,Green Bay,WI,yes
54303,Green Bay,WI,yes
54304,Green Bay,WI,yes
54307,Green Bay,WI,yes
54311,Green Bay,WI,yes
54313,Green Bay,WI,yes
54749,Knapp,WI,yes
54961,New London,WI,yes
55049,Medford,MN,yes
55060,Owatonna,MN,yes
55329,Eden Valley,MN,yes
55353,Kimball,MN,yes
55355,Litchfield,MN,yes
55389,Watkins,MN,yes
55929,Dover,MN,yes
55945,Kellogg,MN,yes
56028,Elysian,MN,yes
56096,Waterville,MN,yes
56329,Foley,MN,yes
56358,Ogilvie,MN,yes
56367,Rice,MN,yes
56379,Sauk Rapids,MN,yes
60115,Dekalb,IL,yes
60430,Homewood,IL,yes
60445,Midlothian,IL,yes
60449,Monee,IL,yes
60458,Justice,IL,yes
60482,Worth,IL,yes
60556,Waterman,IL,yes
60608,Chicago,IL,yes
60609,Chicago,IL,yes
60615,Chicago,IL,yes
60616,Chicago,IL,yes
60620,Chicago,IL,yes
60621,Chicago,IL,yes
60623,Chicago,IL,yes
60629,Chicago,IL,yes
60632,Chicago,IL,yes
60636,Chicago,IL,yes
60638,Chicago,IL,yes
60643,Chicago,IL,yes
60652,Chicago,IL,yes
60653,Chicago,IL,yes
60655,Chicago,IL,yes
60803,Alsip,IL,yes
61231,Aledo,IL,yes
61240,Coal Valley,IL,yes
61262,Lynn Center,IL,yes
61263,Matherville,IL,yes
61264,Milan,IL,yes
61273,Orion,IL,yes
61274,Osco,IL,yes
61276,Preemption,IL,yes
61279,Reynolds,IL,yes
61281,Sherrard,IL,yes
61413,Alpha,IL,yes
61465,New Windsor,IL,yes
61468,Ophiem,IL,yes
61486,Viola,IL,yes
63013,Beaufort,MO,yes
63015,Catawissa,MO,yes
63028,Festus,MO,yes
63039,Gray Summit,MO,yes
63042,Hazelwood,MO,yes
63053,Kimmswick,MO,yes
63077,Saint Clair,MO,yes
63084,Union,MO,yes
63089,Villa Ridge,MO,yes
63108,Saint Louis,MO,yes
63109,Saint Louis,MO,yes
63110,Saint Louis,MO,yes
63114,Saint Louis,MO,yes
63116,Saint Louis,MO,yes
63125,Saint Louis,MO,yes
63373,Portage Des Sioux,MO,yes
63389,Winfield,MO,yes
64035,Hardin,MO,yes
64493,Turney,MO,yes
64671,Polo,MO,yes
64739,Creighton,MO,yes
66042,Lane,KS,yes
66050,Lecompton,KS,yes
66067,Ottawa,KS,yes
68045,Oakland,NE,yes
68328,Clatonia,NE,yes
68341,De Witt,NE,yes
68445,Swanton,NE,yes
68453,Tobias,NE,yes
68464,Western,NE,yes
68632,David City,NE,yes
68664,Snyder,NE,yes
70030,Des Allemands,LA,yes
70031,Ama,LA,yes
70039,Boutte,LA,yes
70047,Destrehan,LA,yes
70052,Gramercy,LA,yes
70070,Luling,LA,yes
70071,Lutcher,LA,yes
70080,Paradis,LA,yes
70087,Saint Rose,LA,yes
70090,Vacherie,LA,yes
70126,New Orleans,LA,yes
70127,New Orleans,LA,yes
70128,New Orleans,LA,yes
70129,New Orleans,LA,yes
70401,Hammond,LA,yes
70402,Hammond,LA,yes
70403,Hammond,LA,yes
70458,Slidell,LA,yes
70460,Slidell,LA,yes
70461,Slidell,LA,yes
70733,French Settlement,LA,yes
70737,Gonzales,LA,yes
70743,Hester,LA,yes
70754,Livingston,LA,yes
70763,Paulina,LA,yes
75090,Sherman,TX,yes
75092,Sherman,TX,yes
75423,Celeste,TX,yes
75453,Lone Oak,TX,yes
75490,Trenton,TX,yes
76043,Glen Rose,TX,yes
76070,Nemo,TX,yes
76077,Rainbow,TX,yes
76487,Poolville,TX,yes
76523,Davilla,TX,yes
76550,Lampasas,TX,yes
76567,Rockdale,TX,yes
76652,Kopperl,TX,yes
77417,Beasley,TX,yes
77420,Boling,TX,yes
77451,Kendleton,TX,yes
77485,Wallis,TX,yes
77486,West Columbia,TX,yes
77560,Hankamer,TX,yes
78010,Center Point,TX,yes
78114,Floresville,TX,yes
78121,La Vernia,TX,yes
80435,Dillon,CO,yes
80440,Fairplay,CO,yes
80820,Guffey,CO,yes
82001,Cheyenne,WY,yes
82007,Cheyenne,WY,yes
83657,Ola,ID,yes
83814,Coeur d'Alene,ID,yes
83815,Coeur d'Alene,ID,yes
83854,Post Falls,ID,yes
83869,Spirit Lake,ID,yes
84301,Bear River City,UT,yes
84302,Brigham City,UT,yes
84648,Nephi,UT,yes
85332,Congress,AZ,yes
85362,Yarnell,AZ,yes
85390,Wickenburg,AZ,yes
86323,Chino Valley,AZ,yes
86325,Cornville,AZ,yes
86327,Dewey,AZ,yes
86331,Jerome,AZ,yes
86333,Mayer,AZ,yes
86343,Crown King,AZ,yes
87001,Algodones,NM,yes
87010,Cerrillos,NM,yes
87035,Moriarty,NM,yes
87052,Santo Domingo Pueblo,NM,yes
87061,Torreon,NM,yes
87072,Cochiti Pueblo,NM,yes
91906,Campo,CA,yes
91948,Mount Laguna,CA,yes
91980,Tecate,CA,yes
92256,Morongo Valley,CA,yes
92262,Palm Springs,CA,yes
92264,Palm Springs,CA,yes
92539,Anza,CA,yes
93101,Santa Barbara,CA,yes
93105,Santa Barbara,CA,yes
93252,Maricopa,CA,yes
93501,Mojave,CA,yes
94573,Rutherford,CA,yes
94956,Point Reyes Station,CA,yes
95045,San Juan Bautista,CA,yes
95230,Farmington,CA,yes
95245,Mokelumne Hill,CA,yes
95249,San Andreas,CA,yes
95320,Escalon,CA,yes
95360,Newman,CA,yes
95472,Sebastopol,CA,yes
95606,Brooks,CA,yes
95607,Capay,CA,yes
95717,Gold Run,CA,yes
97103,Astoria,OR,yes
97110,Cannon Beach,OR,yes
97138,Seaside,OR,yes
97147,Wheeler,OR,yes
97461,Noti,OR,yes
97487,Veneta,OR,yes
97488,Vida,OR,yes
97901,Adrian,OR,yes
98225,Bellingham,WA,yes
98226,Bellingham,WA,yes
98229,Bellingham,WA,yes
98560,Matlock,WA,yes
99003,Chattaroy,WA,yes
99005,Colbert,WA,yes
99006,Deer Park,WA,yes
99008,Edwall,WA,yes
99009,Elk,WA,yes
99011,Fairchild Air Force Base,WA,yes
99012,Fairfield,WA,yes
99013,Ford,WA,yes
99018,Latah,WA,yes
99020,Marshall,WA,yes
99023,Mica,WA,yes
99025,Newman Lake,WA,yes
99026,Nine Mile Falls,WA,yes
99030,Rockford,WA,yes
99031,Spangle,WA,yes
99033,Tekoa,WA,yes
99034,Tumtum,WA,yes
99036,Valleyford,WA,yes
99039,Waverly,WA,yes
99040,Wellpinit,WA,yes
99110,Clayton,WA,yes
99148,Loon Lake,WA,yes
99149,Malden,WA,yes
99170,Rosalia,WA,yes
99173,Springdale,WA,yes
99181,Valley,WA,yes
03785,Woodsville,NH,yes
04008,Bowdoinham,ME,yes
04088,Waterford,ME,yes
04231,Stoneham,ME,yes
04253,Livermore,ME,yes
04284,Wayne,ME,yes
04343,East Winthrop,ME,yes
04344,Farmingdale,ME,yes
04345,Gardiner,ME,yes
04346,Randolph,ME,yes
04347,Hallowell,ME,yes
04351,Manchester,ME,yes
04355,Readfield,ME,yes
04359,South Gardiner,ME,yes
04363,Windsor,ME,yes
04434,Etna,ME,yes
04917,Belgrade,ME,yes
04918,Belgrade Lakes,ME,yes
04962,North Vassalboro,ME,yes
04989,Vassalboro,ME,yes
05076,Topsham,VT,yes
05081,Wells River,VT,yes
05744,Florence,VT,yes
05767,Rochester,VT,yes
08210,Cape May Court House,NJ,yes
08242,Rio Grande,NJ,yes
08247,Stone Harbor,NJ,yes
08251,Villas,NJ,yes
08401,Atlantic City,NJ,yes
12155,Schenevus,NY,yes
12736,Fremont Center,NY,yes
12741,Hankins,NY,yes
12767,Obernburg,NY,yes
12776,Roscoe,NY,yes
12824,Diamond Point,NY,yes
12837,Hampton,NY,yes
12885,Warrensburg,NY,yes
12887,Whitehall,NY,yes
13052,De Ruyter,NY,yes
13063,Fabius,NY,yes
13069,Fulton,NY,yes
13081,King Ferry,NY,yes
13114,Mexico,NY,yes
13115,Minetto,NY,yes
13126,Oswego,NY,yes
13131,Parish,NY,yes
13142,Pulaski,NY,yes
13144,Richland,NY,yes
13159,Tully,NY,yes
13163,Wampsville,NY,yes
13302,Altmar,NY,yes
13332,Earlville,NY,yes
13348,Hartwick,NY,yes
13411,New Berlin,NY,yes
13431,Poland,NY,yes
13440,Rome,NY,yes
13460,Sherburne,NY,yes
13493,Williamstown,NY,yes
13731,Andes,NY,yes
13750,Davenport,NY,yes
13751,Davenport Center,NY,yes
13753,Delhi,NY,yes
13757,East Meredith,NY,yes
13806,Meridale,NY,yes
13810,Mount Vision,NY,yes
13834,Portlandville,NY,yes
13856,Walton,NY,yes
13860,West Davenport,NY,yes
13901,Binghamton,NY,yes
13902,Binghamton,NY,yes
13903,Binghamton,NY,yes
13905,Binghamton,NY,yes
14009,Arcade,NY,yes
14033,Colden,NY,yes
14051,East Amherst,NY,yes
14052,East Aurora,NY,yes
14066,Gainesville,NY,yes
14068,Getzville,NY,yes
14069,Glenwood,NY,yes
14085,Lake View,NY,yes
14102,Marilla,NY,yes
14112,North Evans,NY,yes
14120,North Tonawanda,NY,yes
14139,South Wales,NY,yes
14150,Tonawanda,NY,yes
14169,Wales Center,NY,yes
14801,Addison,NY,yes
14807,Arkport,NY,yes
14819,Cameron,NY,yes
14820,Cameron Mills,NY,yes
14821,Campbell,NY,yes
14827,Coopers Plains,NY,yes
14830,Corning,NY,yes
14836,Dalton,NY,yes
14843,Hornell,NY,yes
14855,Jasper,NY,yes
14858,Lindley,NY,yes
14867,Newfield,NY,yes
14870,Painted Post,NY,yes
14879,Savona,NY,yes
14901,Elmira,NY,yes
14903,Elmira,NY,yes
14904,Elmira,NY,yes
14905,Elmira,NY,yes
15411,Addison,PA,yes
15424,Confluence,PA,yes
15502,Hidden Valley,PA,yes
15731,Coral,PA,yes
15732,Creekside,PA,yes
15748,Homer City,PA,yes
15750,Josephine,PA,yes
15754,Lucernemines,PA,yes
15949,Robinson,PA,yes
15954,Seward,PA,yes
16049,Parker,PA,yes
16124,Fredonia,PA,yes
16125,Greenville,PA,yes
16127,Grove City,PA,yes
16133,Jackson Center,PA,yes
16137,Mercer,PA,yes
16140,New Bedford,PA,yes
16142,New Wilmington,PA,yes
16143,Pulaski,PA,yes
16155,Villa Maria,PA,yes
16156,Volant,PA,yes
16249,Rural Valley,PA,yes
16263,Yatesboro,PA,yes
17006,Blain,PA,yes
17037,Ickesburg,PA,yes
17045,Liverpool,PA,yes
17047,Loysville,PA,yes
17071,New Germantown,PA,yes
17210,Amberson,PA,yes
17217,Concord,PA,yes
17219,Doylesburg,PA,yes
17221,Fannettsburg,PA,yes
17235,Marion,PA,yes
17239,Neelyton,PA,yes
17247,Quincy,PA,yes
17251,Roxbury,PA,yes
17252,Saint Thomas,PA,yes
17256,Shady Grove,PA,yes
17263,State Line,PA,yes
17265,Upperstrasburg,PA,yes
17272,Zullinger,PA,yes
17830,Herndon,PA,yes
17836,Leck Kill,PA,yes
17867,Rebuck,PA,yes
17922,Auburn,PA,yes
17923,Branchdale,PA,yes
17933,Friedensburg,PA,yes
17938,Hegins,PA,yes
17972,Schuylkill Haven,PA,yes
17979,Summit Station,PA,yes
17983,Valley View,PA,yes
18230,Junedale,PA,yes
18232,Lansford,PA,yes
18240,Nesquehoning,PA,yes
18244,Parryville,PA,yes
18250,Summit Hill,PA,yes
18437,Lake Como,PA,yes
18452,Peckville,PA,yes
18454,Poyntelle,PA,yes
18455,Preston Park,PA,yes
18461,Starlight,PA,yes
18462,Starrucca,PA,yes
18503,Scranton,PA,yes
18507,Moosic,PA,yes
18508,Scranton,PA,yes
18509,Scranton,PA,yes
18510,Scranton,PA,yes
18512,Scranton,PA,yes
18517,Taylor,PA,yes
18519,Scranton,PA,yes
18602,Bear Creek,PA,yes
18640,Pittston,PA,yes
18641,Pittston,PA,yes
18643,Pittston,PA,yes
18661,White Haven,PA,yes
19119,Philadelphia,PA,yes
19123,Philadelphia,PA,yes
19124,Philadelphia,PA,yes
19129,Philadelphia,PA,yes
19130,Philadelphia,PA,yes
19134,Philadelphia,PA,yes
19135,Philadelphia,PA,yes
19137,Philadelphia,PA,yes
19144,Philadelphia,PA,yes
19145,Philadelphia,PA,yes
19149,Philadelphia,PA,yes
19150,Philadelphia,PA,yes
19549,Port Clinton,PA,yes
20636,Hollywood,MD,yes
20650,Leonardtown,MD,yes
21624,Claiborne,MD,yes
21625,Cordova,MD,yes
21629,Denton,MD,yes
21636,Goldsboro,MD,yes
21639,Greensboro,MD,yes
21640,Henderson,MD,yes
21641,Hillsboro,MD,yes
21649,Marydel,MD,yes
21653,Newcomb,MD,yes
21654,Oxford,MD,yes
21660,Ridgely,MD,yes
21662,Royal Oak,MD,yes
21663,Saint Michaels,MD,yes
21673,Trappe,MD,yes
21711,Big Pool,MD,yes
21810,Allen,MD,yes
21813,Bishopville,MD,yes
21814,Bivalve,MD,yes
21822,Eden,MD,yes
21830,Hebron,MD,yes
21835,Linkwood,MD,yes
21837,Mardela Springs,MD,yes
21842,Ocean City,MD,yes
21851,Pocomoke City,MD,yes
21856,Quantico,MD,yes
21863,Snow Hill,MD,yes
21865,Tyaskin,MD,yes
21869,Vienna,MD,yes
22438,Champlain,VA,yes
22602,Winchester,VA,yes
22603,Winchester,VA,yes
22657,Strasburg,VA,yes
22663,White Post,VA,yes
22709,Aroda,VA,yes
22711,Banco,VA,yes
22715,Brightwood,VA,yes
22722,Haywood,VA,yes
22727,Madison,VA,yes
22731,Pratts,VA,yes
22732,Radiant,VA,yes
22738,Rochelle,VA,yes
22743,Syria,VA,yes
22902,Charlottesville,VA,yes
22904,Charlottesville,VA,yes
22947,Keswick,VA,yes
23011,Barhamsville,VA,yes
23023,Bruington,VA,yes
23177,Walkerton,VA,yes
23324,Chesapeake,VA,yes
23437,Suffolk,VA,yes
23438,Suffolk,VA,yes
23457,Virginia Beach,VA,yes
23487,Windsor,VA,yes
23505,Norfolk,VA,yes
23509,Norfolk,VA,yes
23842,Disputanta,VA,yes
23890,Waverly,VA,yes
23891,Waverly,VA,yes
26003,Wheeling,WV,yes
26031,Benwood,WV,yes
26033,Cameron,WV,yes
26036,Dallas,WV,yes
26038,Glen Dale,WV,yes
26039,Glen Easton,WV,yes
26040,Mcmechen,WV,yes
26041,Moundsville,WV,yes
26059,Triadelphia,WV,yes
26060,Valley Grove,WV,yes
26541,Maidsville,WV,yes
27011,Boonville,NC,yes
27229,Candor,NC,yes
27314,Prospect Hill,NC,yes
27582,Stovall,NC,yes
27819,Conetoe,NC,yes
27823,Enfield,NC,yes
27874,Scotland Neck,NC,yes
27879,Simpson,NC,yes
27884,Stokes,NC,yes
28102,Mc Farlan,NC,yes
28338,Ellerbe,NC,yes
28343,Gibson,NC,yes
28347,Hoffman,NC,yes
28351,Laurel Hill,NC,yes
28352,Laurinburg,NC,yes
28367,Norman,NC,yes
28372,Pembroke,NC,yes
28383,Rowland,NC,yes
28396,Wagram,NC,yes
28398,Warsaw,NC,yes
28399,White Oak,NC,yes
28423,Bolton,NC,yes
28424,Brunswick,NC,yes
28432,Clarendon,NC,yes
28442,Hallsboro,NC,yes
28444,Harrells,NC,yes
28453,Magnolia,NC,yes
28455,Nakina,NC,yes
28458,Rose Hill,NC,yes
28464,Teachey,NC,yes
28472,Whiteville,NC,yes
28521,Chinquapin,NC,yes
28538,Hookerton,NC,yes
28540,Jacksonville,NC,yes
28543,Tarawa Terrace,NC,yes
28544,Midway Park,NC,yes
28546,Jacksonville,NC,yes
28547,Camp Lejeune,NC,yes
28555,Maysville,NC,yes
28572,Pink Hill,NC,yes
28642,Jonesville,NC,yes
28657,Newland,NC,yes
28669,Roaring River,NC,yes
28713,Bryson City,NC,yes
29006,Batesburg,SC,yes
29020,Camden,SC,yes
29047,Elloree,SC,yes
29053,Gaston,SC,yes
29054,Gilbert,SC,yes
29070,Leesville,SC,yes
29075,Little Mountain,SC,yes
29105,Monetta,SC,yes
29115,Orangeburg,SC,yes
29117,Orangeburg,SC,yes
29118,Orangeburg,SC,yes
29122,Peak,SC,yes
29127,Prosperity,SC,yes
29129,Ridge Spring,SC,yes
29160,Swansea,SC,yes
29164,Wagener,SC,yes
29178,Whitmire,SC,yes
29355,Kinards,SC,yes
29364,Lockhart,SC,yes
29431,Bonneau,SC,yes
29436,Cross,SC,yes
29469,Pinopolis,SC,yes
29472,Ridgeville,SC,yes
29526,Conway,SC,yes
29527,Conway,SC,yes
29530,Coward,SC,yes
29543,Fork,SC,yes
29554,Hemingway,SC,yes
29563,Lake View,SC,yes
29569,Loris,SC,yes
29572,Myrtle Beach,SC,yes
29575,Myrtle Beach,SC,yes
29576,Murrells Inlet,SC,yes
29577,Myrtle Beach,SC,yes
29579,Myrtle Beach,SC,yes
29583,Pamplico,SC,yes
29588,Myrtle Beach,SC,yes
29643,Fair Play,SC,yes
29658,Long Creek,SC,yes
29664,Mountain Rest,SC,yes
29686,Tamassee,SC,yes
29691,Walhalla,SC,yes
29741,Ruby,SC,yes
29816,Bath,SC,yes
29824,Edgefield,SC,yes
29828,Gloverville,SC,yes
29829,Graniteville,SC,yes
29834,Langley,SC,yes
29851,Warrenville,SC,yes
29856,Windsor,SC,yes
29927,Hardeeville,SC,yes
30054,Oxford,GA,yes
30104,Aragon,GA,yes
30116,Carrollton,GA,yes
30117,Carrollton,GA,yes
30118,Carrollton,GA,yes
30125,Cedartown,GA,yes
30143,Jasper,GA,yes
30180,Villa Rica,GA,yes
30185,Whitesburg,GA,yes
30205,Brooks,GA,yes
30250,Lovejoy,GA,yes
30263,Newnan,GA,yes
30265,Newnan,GA,yes
30268,Palmetto,GA,yes
30452,Register,GA,yes
30510,Alto,GA,yes
30528,Cleveland,GA,yes
30530,Commerce,GA,yes
30531,Cornelia,GA,yes
30535,Demorest,GA,yes
30537,Dillard,GA,yes
30558,Maysville,GA,yes
30622,Bogart,GA,yes
30633,Danielsville,GA,yes
30683,Winterville,GA,yes
30802,Appling,GA,yes
30805,Blythe,GA,yes
30809,Evans,GA,yes
30812,Gracewood,GA,yes
30813,Grovetown,GA,yes
30815,Hephzibah,GA,yes
30901,Augusta,GA,yes
30903,Augusta,GA,yes
30904,Augusta,GA,yes
30905,Augusta,GA,yes
30906,Augusta,GA,yes
30907,Augusta,GA,yes
30909,Augusta,GA,yes
30912,Augusta,GA,yes
31316,Ludowici,GA,yes
32009,Bryceville,FL,yes
32619,Bell,FL,yes
32639,Gulf Hammock,FL,yes
33440,Clewiston,FL,yes
34138,Chokoloskee,FL,yes
34141,Ochopee,FL,yes
35007,Alabaster,AL,yes
35051,Columbiana,AL,yes
35080,Helena,AL,yes
35114,Maylene,AL,yes
35124,Pelham,AL,yes
35147,Sterrett,AL,yes
35207,Birmingham,AL,yes
35208,Birmingham,AL,yes
35209,Birmingham,AL,yes
35210,Birmingham,AL,yes
35211,Birmingham,AL,yes
35212,Birmingham,AL,yes
35214,Birmingham,AL,yes
35218,Birmingham,AL,yes
35221,Birmingham,AL,yes
35222,Birmingham,AL,yes
35224,Birmingham,AL,yes
35233,Birmingham,AL,yes
35235,Birmingham,AL,yes
35254,Birmingham,AL,yes
35757,Madison,AL,yes
35761,New Market,AL,yes
35773,Toney,AL,yes
35803,Huntsville,AL,yes
35808,Huntsville,AL,yes
35906,Rainbow City,AL,yes
37079,Indian Mound,TN,yes
37110,Mcminnville,TN,yes
37137,Nunnelly,TN,yes
37191,Woodlawn,TN,yes
37302,Apison,TN,yes
37311,Cleveland,TN,yes
37312,Cleveland,TN,yes
37315,Collegedale,TN,yes
37323,Cleveland,TN,yes
37341,Harrison,TN,yes
37343,Hixson,TN,yes
37351,Lupton City,TN,yes
37353,Mc Donald,TN,yes
37360,Normandy,TN,yes
37363,Ooltewah,TN,yes
37377,Signal Mountain,TN,yes
37402,Chattanooga,TN,yes
37403,Chattanooga,TN,yes
37404,Chattanooga,TN,yes
37405,Chattanooga,TN,yes
37406,Chattanooga,TN,yes
37407,Chattanooga,TN,yes
37408,Chattanooga,TN,yes
37409,Chattanooga,TN,yes
37410,Chattanooga,TN,yes
37411,Chattanooga,TN,yes
37412,Chattanooga,TN,yes
37415,Chattanooga,TN,yes
37416,Chattanooga,TN,yes
37419,Chattanooga,TN,yes
37421,Chattanooga,TN,yes
37641,Chuckey,TN,yes
37650,Erwin,TN,yes
37687,Roan Mountain,TN,yes
37692,Unicoi,TN,yes
37713,Bybee,TN,yes
37714,Caryville,TN,yes
37715,Clairfield,TN,yes
37723,Crab Orchard,TN,yes
37729,Duff,TN,yes
37730,Eagan,TN,yes
37743,Greeneville,TN,yes
37745,Greeneville,TN,yes
37756,Huntsville,TN,yes
37762,Jellico,TN,yes
37770,Lancing,TN,yes
37774,Loudon,TN,yes
37819,Newcomb,TN,yes
37829,Oakdale,TN,yes
37840,Oliver Springs,TN,yes
37845,Petros,TN,yes
37846,Philadelphia,TN,yes
37847,Pioneer,TN,yes
37851,Pruden,TN,yes
37887,Wartburg,TN,yes
37891,Whitesburg,TN,yes
38454,Duck River,TN,yes
38461,Hampshire,TN,yes
38483,Summertown,TN,yes
38544,Baxter,TN,yes
38568,Hilham,TN,yes
38579,Quebeck,TN,yes
39576,Waveland,MS,yes
40007,Bethlehem,KY,yes
40012,Chaplin,KY,yes
40036,Lockport,KY,yes
40046,Mount Eden,KY,yes
40048,Nazareth,KY,yes
40051,New Haven,KY,yes
40057,Pleasureville,KY,yes
40058,Port Royal,KY,yes
40107,Boston,KY,yes
40119,Falls Of Rough,KY,yes
40162,Rineyville,KY,yes
40330,Harrodsburg,KY,yes
40337,Jeffersonville,KY,yes
40348,Millersburg,KY,yes
40353,Mount Sterling,KY,yes
40403,Berea,KY,yes
40404,Berea,KY,yes
40461,Paint Lick,KY,yes
40464,Parksville,KY,yes
40468,Perryville,KY,yes
42123,Austin,KY,yes
42133,Fountain Run,KY,yes
42153,Holland,KY,yes
42156,Lucas,KY,yes
42159,Oakland,KY,yes
42164,Scottsville,KY,yes
42240,Hopkinsville,KY,yes
42261,Morgantown,KY,yes
42280,Sharon Grove,KY,yes
42321,Beech Creek,KY,yes
42323,Beechmont,KY,yes
42328,Centertown,KY,yes
42333,Cromwell,KY,yes
42338,Dundee,KY,yes
42345,Greenville,KY,yes
42347,Hartford,KY,yes
42349,Horse Branch,KY,yes
42361,Olaton,KY,yes
42367,Powderly,KY,yes
42369,Rockport,KY,yes
42370,Rosine,KY,yes
42754,Leitchfield,KY,yes
42762,Millwood,KY,yes
43138,Logan,OH,yes
43142,Milledgeville,OH,yes
43316,Carey,OH,yes
43357,West Liberty,OH,yes
43402,Bowling Green,OH,yes
43403,Bowling Green,OH,yes
43406,Bradner,OH,yes
43407,Burgoon,OH,yes
43413,Cygnet,OH,yes
43420,Fremont,OH,yes
43430,Genoa,OH,yes
43431,Gibsonburg,OH,yes
43435,Helena,OH,yes
43437,Jerry City,OH,yes
43438,Kelleys Island,OH,yes
43450,Pemberville,OH,yes
43451,Portage,OH,yes
43452,Port Clinton,OH,yes
43457,Risingsun,OH,yes
43462,Rudolph,OH,yes
43463,Stony Ridge,OH,yes
43464,Vickery,OH,yes
43466,Wayne,OH,yes
43467,West Millgrove,OH,yes
43469,Woodville,OH,yes
43515,Delta,OH,yes
43525,Haskins,OH,yes
43528,Holland,OH,yes
43533,Lyons,OH,yes
43537,Maumee,OH,yes
43540,Metamora,OH,yes
43542,Monclova,OH,yes
43551,Perrysburg,OH,yes
43558,Swanton,OH,yes
43701,Zanesville,OH,yes
43749,Kimbolton,OH,yes
43802,Adamsville,OH,yes
43804,Baltic,OH,yes
43805,Blissfield,OH,yes
43811,Conesville,OH,yes
43812,Coshocton,OH,yes
43824,Fresno,OH,yes
43832,Newcomerstown,OH,yes
43837,Port Washington,OH,yes
43840,Stone Creek,OH,yes
43845,West Lafayette,OH,yes
43901,Adena,OH,yes
43903,Amsterdam,OH,yes
43905,Barton,OH,yes
43906,Bellaire,OH,yes
43910,Bloomingdale,OH,yes
43917,Dillonvale,OH,yes
43925,East Springfield,OH,yes
43927,Fairpoint,OH,yes
43928,Glencoe,OH,yes
43939,Mount Pleasant,OH,yes
43944,Richmond,OH,yes
43947,Shadyside,OH,yes
43948,Smithfield,OH,yes
43950,Saint Clairsville,OH,yes
43970,Wolf Run,OH,yes
43973,Freeport,OH,yes
43974,Harrisville,OH,yes
43976,Hopedale,OH,yes
43986,Jewett,OH,yes
43988,Scio,OH,yes
44004,Ashtabula,OH,yes
44082,Pierpont,OH,yes
44214,Burbank,OH,yes
44287,West Salem,OH,yes
44403,Brookfield,OH,yes
44404,Burghill,OH,yes
44418,Fowler,OH,yes
44420,Girard,OH,yes
44425,Hubbard,OH,yes
44428,Kinsman,OH,yes
44438,Masury,OH,yes
44473,Vienna,OH,yes
44502,Youngstown,OH,yes
44503,Youngstown,OH,yes
44504,Youngstown,OH,yes
44505,Youngstown,OH,yes
44506,Youngstown,OH,yes
44507,Youngstown,OH,yes
44509,Youngstown,OH,yes
44510,Youngstown,OH,yes
44511,Youngstown,OH,yes
44512,Youngstown,OH,yes
44514,Youngstown,OH,yes
44515,Youngstown,OH,yes
44606,Apple Creek,OH,yes
44610,Berlin,OH,yes
44611,Big Prairie,OH,yes
44612,Bolivar,OH,yes
44615,Carrollton,OH,yes
44620,Dellroy,OH,yes
44621,Dennison,OH,yes
44622,Dover,OH,yes
44624,Dundee,OH,yes
44627,Fredericksburg,OH,yes
44629,Gnadenhutten,OH,yes
44637,Killbuck,OH,yes
44638,Lakeville,OH,yes
44651,Mechanicstown,OH,yes
44653,Midvale,OH,yes
44656,Mineral City,OH,yes
44659,Mount Eaton,OH,yes
44661,Nashville,OH,yes
44671,Sandyville,OH,yes
44675,Sherrodsville,OH,yes
44678,Somerdale,OH,yes
44680,Strasburg,OH,yes
44681,Sugarcreek,OH,yes
44682,Tuscarawas,OH,yes
44683,Uhrichsville,OH,yes
44687,Walnut Creek,OH,yes
44690,Winesburg,OH,yes
44691,Wooster,OH,yes
44693,Deersville,OH,yes
44695,Bowerston,OH,yes
44697,Zoar,OH,yes
44699,Tippecanoe,OH,yes
44802,Alvada,OH,yes
44804,Arcadia,OH,yes
44807,Attica,OH,yes
44818,Bloomville,OH,yes
44826,Collins,OH,yes
44827,Crestline,OH,yes
44830,Fostoria,OH,yes
44837,Greenwich,OH,yes
44839,Huron,OH,yes
44842,Loudonville,OH,yes
44846,Milan,OH,yes
44847,Monroeville,OH,yes
44851,New London,OH,yes
44855,North Fairfield,OH,yes
44856,North Robinson,OH,yes
44857,Norwalk,OH,yes
44880,Sullivan,OH,yes
44882,Sycamore,OH,yes
45135,Leesburg,OH,yes
45172,Sinking Spring,OH,yes
45304,Arcanum,OH,yes
45349,North Hampton,OH,yes
45358,Pitsburg,OH,yes
45372,Tremont City,OH,yes
45382,West Manchester,OH,yes
45383,West Milton,OH,yes
45644,Kingston,OH,yes
45816,Benton Ridge,OH,yes
45840,Findlay,OH,yes
45858,Mc Comb,OH,yes
45889,Van Buren,OH,yes
46120,Cloverdale,IN,yes
46127,Falmouth,IN,yes
46146,Homer,IN,yes
46155,Mays,IN,yes
46173,Rushville,IN,yes
46304,Chesterton,IN,yes
46368,Portage,IN,yes
46383,Valparaiso,IN,yes
46385,Valparaiso,IN,yes
46393,Wheeler,IN,yes
46530,Granger,IN,yes
46540,Middlebury,IN,yes
46544,Mishawaka,IN,yes
46545,Mishawaka,IN,yes
46562,Pierceton,IN,yes
46567,Syracuse,IN,yes
46571,Topeka,IN,yes
46580,Warsaw,IN,yes
46582,Warsaw,IN,yes
46590,Winona Lake,IN,yes
46702,Andrews,IN,yes
46705,Ashley,IN,yes
46714,Bluffton,IN,yes
46721,Butler,IN,yes
46730,Corunna,IN,yes
46733,Decatur,IN,yes
46742,Hamilton,IN,yes
46743,Harlan,IN,yes
46746,Howe,IN,yes
46747,Hudson,IN,yes
46755,Kendallville,IN,yes
46759,Keystone,IN,yes
46766,Liberty Center,IN,yes
46776,Orland,IN,yes
46779,Pleasant Lake,IN,yes
46781,Poneto,IN,yes
46792,Warren,IN,yes
46793,Waterloo,IN,yes
46943,Laketon,IN,yes
46946,Liberty Mills,IN,yes
46962,North Manchester,IN,yes
47024,Laurel,IN,yes
47034,Napoleon,IN,yes
47043,Vevay,IN,yes
47111,Charlestown,IN,yes
47119,Floyds Knobs,IN,yes
47122,Georgetown,IN,yes
47124,Greenville,IN,yes
47143,Memphis,IN,yes
47172,Sellersburg,IN,yes
47224,Canaan,IN,yes
47244,Hartsville,IN,yes
47272,Saint Paul,IN,yes
47320,Albany,IN,yes
47324,Boston,IN,yes
47325,Brownsville,IN,yes
47331,Connersville,IN,yes
47342,Gaston,IN,yes
47383,Selma,IN,yes
47401,Bloomington,IN,yes
47403,Bloomington,IN,yes
47456,Quincy,IN,yes
47464,Stinesville,IN,yes
47930,Clarks Hill,IN,yes
47955,Linden,IN,yes
47965,New Market,IN,yes
48212,Hamtramck,MI,yes
48423,Davison,MI,yes
48428,Dryden,MI,yes
48449,Lennon,MI,yes
48818,Crystal,MI,yes
48835,Fowler,MI,yes
48850,Lakeview,MI,yes
48867,Owosso,MI,yes
48888,Stanton,MI,yes
49022,Benton Harbor,MI,yes
49030,Burr Oak,MI,yes
49038,Coloma,MI,yes
49040,Colon,MI,yes
49068,Marshall,MI,yes
49075,Nottawa,MI,yes
49082,Quincy,MI,yes
49084,Riverside,MI,yes
49085,Saint Joseph,MI,yes
49091,Sturgis,MI,yes
49098,Watervliet,MI,yes
49103,Berrien Springs,MI,yes
49104,Berrien Springs,MI,yes
49112,Edwardsburg,MI,yes
49126,Sodus,MI,yes
49130,Union,MI,yes
49224,Albion,MI,yes
49241,Hanover,MI,yes
49245,Homer,MI,yes
49246,Horton,MI,yes
49248,Jasper,MI,yes
49249,Jerome,MI,yes
49250,Jonesville,MI,yes
49252,Litchfield,MI,yes
49277,Rives Junction,MI,yes
49282,Somerset Center,MI,yes
49461,Whitehall,MI,yes
50001,Ackworth,IA,yes
50003,Adel,IA,yes
50007,Alleman,IA,yes
50028,Baxter,IA,yes
50033,Bevington,IA,yes
50039,Bouton,IA,yes
50046,Cambridge,IA,yes
50047,Carlisle,IA,yes
50054,Colfax,IA,yes
50063,Dallas Center,IA,yes
50069,De Soto,IA,yes
50073,Elkhart,IA,yes
50109,Granger,IA,yes
50111,Grimes,IA,yes
50118,Hartford,IA,yes
50124,Huxley,IA,yes
50125,Indianola,IA,yes
50127,Ira,IA,yes
50156,Madrid,IA,yes
50160,Martensdale,IA,yes
50167,Minburn,IA,yes
50168,Mingo,IA,yes
50170,Monroe,IA,yes
50208,Newton,IA,yes
50218,Patterson,IA,yes
50225,Pleasantville,IA,yes
50226,Polk City,IA,yes
50228,Prairie City,IA,yes
50229,Prole,IA,yes
50233,Redfield,IA,yes
50237,Runnells,IA,yes
50243,Sheldahl,IA,yes
50244,Slater,IA,yes
50263,Waukee,IA,yes
50276,Woodward,IA,yes
51523,Blencoe,IA,yes
51532,Elliott,IA,yes
51535,Griswold,IA,yes
51577,Walnut,IA,yes
52722,Bettendorf,IA,yes
52726,Blue Grass,IA,yes
52728,Buffalo,IA,yes
52753,Le Claire,IA,yes
52767,Pleasant Valley,IA,yes
52801,Davenport,IA,yes
52802,Davenport,IA,yes
52803,Davenport,IA,yes
52804,Davenport,IA,yes
52806,Davenport,IA,yes
52807,Davenport,IA,yes
53061,New Holstein,WI,yes
53065,Oakfield,WI,yes
53081,Sheboygan,WI,yes
53511,Beloit,WI,yes
53515,Black Earth,WI,yes
53517,Blue Mounds,WI,yes
53520,Brodhead,WI,yes
53525,Clinton,WI,yes
53529,Dane,WI,yes
53532,Deforest,WI,yes
53537,Footville,WI,yes
53545,Janesville,WI,yes
53546,Janesville,WI,yes
53548,Janesville,WI,yes
53550,Juda,WI,yes
53555,Lodi,WI,yes
53560,Mazomanie,WI,yes
53572,Mount Horeb,WI,yes
53574,New Glarus,WI,yes
53576,Orfordville,WI,yes
53583,Sauk City,WI,yes
53911,Arlington,WI,yes
53955,Poynette,WI,yes
54141,Little Suamico,WI,yes
54162,Pulaski,WI,yes
54171,Sobieski,WI,yes
54207,Collins,WI,yes
54217,Luxemburg,WI,yes
54220,Manitowoc,WI,yes
54230,Reedsville,WI,yes
54245,Valders,WI,yes
54610,Alma,WI,yes
54622,Cochrane,WI,yes
54734,Downing,WI,yes
54740,Elmwood,WI,yes
54750,Maiden Rock,WI,yes
54756,Nelson,WI,yes
54761,Plum City,WI,yes
54922,Bear Creek,WI,yes
54935,Fond Du Lac,WI,yes
54937,Fond Du Lac,WI,yes
54940,Fremont,WI,yes
54963,Omro,WI,yes
54986,Winneconne,WI,yes
55026,Frontenac,MN,yes
55314,Buffalo Lake,MN,yes
55385,Stewart,MN,yes
55910,Altura,MN,yes
55923,Chatfield,MN,yes
55927,Dodge Center,MN,yes
55932,Elgin,MN,yes
55934,Eyota,MN,yes
55959,Minnesota City,MN,yes
55963,Pine Island,MN,yes
55964,Plainview,MN,yes
55968,Reads Landing,MN,yes
55969,Rollingstone,MN,yes
55972,Saint Charles,MN,yes
55979,Utica,MN,yes
55981,Wabasha,MN,yes
55992,Zumbrota,MN,yes
56050,Kasota,MN,yes
56063,Madison Lake,MN,yes
56209,Atwater,MN,yes
56228,Cosmos,MN,yes
56243,Grove City,MN,yes
56301,Saint Cloud,MN,yes
56303,Saint Cloud,MN,yes
56320,Cold Spring,MN,yes
56369,Rockville,MN,yes
56387,Waite Park,MN,yes
60406,Blue Island,IL,yes
60419,Dolton,IL,yes
60422,Flossmoor,IL,yes
60425,Glenwood,IL,yes
60426,Harvey,IL,yes
60438,Lansing,IL,yes
60450,Morris,IL,yes
60456,Hometown,IL,yes
60471,Richton Park,IL,yes
60473,South Holland,IL,yes
60476,Thornton,IL,yes
60478,Country Club Hills,IL,yes
60827,Riverdale,IL,yes
61038,Garden Prairie,IL,yes
61201,Rock Island,IL,yes
61232,Andalusia,IL,yes
61236,Barstow,IL,yes
61238,Cambridge,IL,yes
61239,Carbon Cliff,IL,yes
61241,Colona,IL,yes
61244,East Moline,IL,yes
61256,Hampton,IL,yes
61259,Illinois City,IL,yes
61260,Joy,IL,yes
61265,Moline,IL,yes
61275,Port Byron,IL,yes
61278,Rapids City,IL,yes
61282,Silvis,IL,yes
61284,Taylor Ridge,IL,yes
61412,Alexis,IL,yes
61419,Bishop Hill,IL,yes
61434,Galva,IL,yes
61443,Kewanee,IL,yes
61466,North Henderson,IL,yes
61490,Woodhull,IL,yes
62025,Edwardsville,IL,yes
62034,Glen Carbon,IL,yes
62220,Belleville,IL,yes
62221,Belleville,IL,yes
62223,Belleville,IL,yes
62225,Scott Air Force Base,IL,yes
62226,Belleville,IL,yes
62234,Collinsville,IL,yes
62269,O Fallon,IL,yes
62294,Troy,IL,yes
63016,Cedar Hill,MO,yes
63019,Crystal City,MO,yes
63023,Dittmer,MO,yes
63050,Hillsboro,MO,yes
63057,Liguori,MO,yes
63068,New Haven,MO,yes
63072,Robertsville,MO,yes
63104,Saint Louis,MO,yes
63107,Saint Louis,MO,yes
63111,Saint Louis,MO,yes
63112,Saint Louis,MO,yes
63113,Saint Louis,MO,yes
63115,Saint Louis,MO,yes
63121,Saint Louis,MO,yes
63134,Saint Louis,MO,yes
63137,Saint Louis,MO,yes
63138,Saint Louis,MO,yes
63147,Saint Louis,MO,yes
63347,Foley,MO,yes
63369,Old Monroe,MO,yes
63383,Warrenton,MO,yes
63386,West Alton,MO,yes
64037,Higginsville,MO,yes
64726,Blairstown,MO,yes
65605,Aurora,MO,yes
65610,Billings,MO,yes
65619,Brookline,MO,yes
65631,Clever,MO,yes
65664,Halltown,MO,yes
65669,Highlandville,MO,yes
65705,Marionville,MO,yes
65707,Miller,MO,yes
65712,Mount Vernon,MO,yes
65714,Nixa,MO,yes
65721,Ozark,MO,yes
65728,Ponce De Leon,MO,yes
65738,Republic,MO,yes
65742,Rogersville,MO,yes
65753,Sparta,MO,yes
65754,Spokane,MO,yes
65802,Springfield,MO,yes
65803,Springfield,MO,yes
65804,Springfield,MO,yes
65806,Springfield,MO,yes
65807,Springfield,MO,yes
65809,Springfield,MO,yes
65810,Springfield,MO,yes
66070,Ozawkie,KS,yes
68310,Beatrice,NE,yes
68332,Crab Orchard,NE,yes
68348,Elk Creek,NE,yes
68378,Johnson,NE,yes
68422,Pickrell,NE,yes
68443,Sterling,NE,yes
68450,Tecumseh,NE,yes
68460,Waco,NE,yes
68467,York,NE,yes
68624,Bellwood,NE,yes
68661,Schuyler,NE,yes
70043,Chalmette,LA,yes
70075,Meraux,LA,yes
70086,Saint James,LA,yes
70092,Violet,LA,yes
70442,Husser,LA,yes
70443,Independence,LA,yes
70445,Lacombe,LA,yes
70446,Loranger,LA,yes
70451,Natalbany,LA,yes
70455,Robert,LA,yes
70466,Tickfaw,LA,yes
70706,Denham Springs,LA,yes
70711,Albany,LA,yes
70723,Convent,LA,yes
70726,Denham Springs,LA,yes
70734,Geismar,LA,yes
70739,Greenwell Springs,LA,yes
70744,Holden,LA,yes
70769,Prairieville,LA,yes
70770,Pride,LA,yes
70774,Saint Amant,LA,yes
70778,Sorrento,LA,yes
70785,Walker,LA,yes
70801,Baton Rouge,LA,yes
70802,Baton Rouge,LA,yes
70803,Baton Rouge,LA,yes
70805,Baton Rouge,LA,yes
70806,Baton Rouge,LA,yes
70807,Baton Rouge,LA,yes
70808,Baton Rouge,LA,yes
70809,Baton Rouge,LA,yes
70810,Baton Rouge,LA,yes
70811,Baton Rouge,LA,yes
70812,Baton Rouge,LA,yes
70814,Baton Rouge,LA,yes
70815,Baton Rouge,LA,yes
70816,Baton Rouge,LA,yes
70817,Baton Rouge,LA,yes
70818,Baton Rouge,LA,yes
70819,Baton Rouge,LA,yes
70820,Baton Rouge,LA,yes
70836,Baton Rouge,LA,yes
75102,Barry,TX,yes
75153,Powell,TX,yes
75413,Bailey,TX,yes
75422,Campbell,TX,yes
75428,Commerce,TX,yes
75452,Leonard,TX,yes
75479,Savoy,TX,yes
75496,Wolfe City,TX,yes
76066,Millsap,TX,yes
76238,Era,TX,yes
76240,Gainesville,TX,yes
76250,Lindsay,TX,yes
76273,Whitesboro,TX,yes
76426,Bridgeport,TX,yes
76462,Lipan,TX,yes
76518,Buckholts,TX,yes
76626,Blooming Grove,TX,yes
76628,Brandon,TX,yes
76645,Hillsboro,TX,yes
77418,Bellville,TX,yes
77435,East Bernard,TX,yes
77474,Sealy,TX,yes
77853,Dime Box,TX,yes
77868,Navasota,TX,yes
78009,Castroville,TX,yes
78039,La Coste,TX,yes
78050,Leming,TX,yes
78052,Lytle,TX,yes
78056,Mico,TX,yes
78065,Poteet,TX,yes
78066,Rio Medina,TX,yes
78161,Sutherland Springs,TX,yes
78635,Hye,TX,yes
78648,Luling,TX,yes
78948,Lincoln,TX,yes
80424,Breckenridge,CO,yes
80443,Frisco,CO,yes
80447,Grand Lake,CO,yes
80449,Hartsel,CO,yes
80497,Silverthorne,CO,yes
80545,Red Feather Lakes,CO,yes
80653,Weldona,CO,yes
80833,Rush,CO,yes
81240,Penrose,CO,yes
82005,Fe Warren Afb,WY,yes
82009,Cheyenne,WY,yes
83624,Grand View,ID,yes
83650,Murphy,ID,yes
83833,Harrison,ID,yes
83858,Rathdrum,ID,yes
83876,Worley,ID,yes
84022,Dugway,UT,yes
84027,Fruitland,UT,yes
84031,Hanna,UT,yes
84306,Collinston,UT,yes
84307,Corinne,UT,yes
84309,Deweyville,UT,yes
84312,Garland,UT,yes
84314,Honeyville,UT,yes
84319,Hyrum,UT,yes
84321,Logan,UT,yes
84325,Mendon,UT,yes
84326,Millville,UT,yes
84328,Paradise,UT,yes
84332,Providence,UT,yes
84334,Riverside,UT,yes
84337,Tremonton,UT,yes
84339,Wellsville,UT,yes
85137,Kearny,AZ,yes
85539,Miami,AZ,yes
85545,Roosevelt,AZ,yes
85618,Mammoth,AZ,yes
85631,San Manuel,AZ,yes
86001,Flagstaff,AZ,yes
86332,Kirkland,AZ,yes
86335,Rimrock,AZ,yes
86336,Sedona,AZ,yes
86338,Skull Valley,AZ,yes
86351,Sedona,AZ,yes
87002,Belen,NM,yes
87006,Bosque,NM,yes
87015,Edgewood,NM,yes
87016,Estancia,NM,yes
87023,Jarales,NM,yes
87031,Los Lunas,NM,yes
87032,Mcintosh,NM,yes
87062,Veguita,NM,yes
87083,Cochiti Lake,NM,yes
87501,Santa Fe,NM,yes
87505,Santa Fe,NM,yes
87506,Santa Fe,NM,yes
87507,Santa Fe,NM,yes
87508,Santa Fe,NM,yes
87544,Los Alamos,NM,yes
89101,Las Vegas,NV,yes
89102,Las Vegas,NV,yes
89103,Las Vegas,NV,yes
89104,Las Vegas,NV,yes
89106,Las Vegas,NV,yes
89107,Las Vegas,NV,yes
89108,Las Vegas,NV,yes
89109,Las Vegas,NV,yes
89110,Las Vegas,NV,yes
89113,Las Vegas,NV,yes
89115,Las Vegas,NV,yes
89117,Las Vegas,NV,yes
89118,Las Vegas,NV,yes
89119,Las Vegas,NV,yes
89120,Las Vegas,NV,yes
89121,Las Vegas,NV,yes
89122,Las Vegas,NV,yes
89123,Las Vegas,NV,yes
89124,Las Vegas,NV,yes
89128,Las Vegas,NV,yes
89129,Las Vegas,NV,yes
89130,Las Vegas,NV,yes
89131,Las Vegas,NV,yes
89134,Las Vegas,NV,yes
89135,Las Vegas,NV,yes
89138,Las Vegas,NV,yes
89139,Las Vegas,NV,yes
89141,Las Vegas,NV,yes
89142,Las Vegas,NV,yes
89143,Las Vegas,NV,yes
89144,Las Vegas,NV,yes
89145,Las Vegas,NV,yes
89146,Las Vegas,NV,yes
89147,Las Vegas,NV,yes
89148,Las Vegas,NV,yes
89149,Las Vegas,NV,yes
89156,Las Vegas,NV,yes
89161,Las Vegas,NV,yes
89166,Las Vegas,NV,yes
89169,Las Vegas,NV,yes
89178,Las Vegas,NV,yes
89179,Las Vegas,NV,yes
89183,Las Vegas,NV,yes
91963,Potrero,CA,yes
92066,Ranchita,CA,yes
92234,Cathedral City,CA,yes
92368,Oro Grande,CA,yes
92561,Mountain Center,CA,yes
93117,Goleta,CA,yes
93933,Marina,CA,yes
94574,Saint Helena,CA,yes
94937,Inverness,CA,yes
94940,Marshall,CA,yes
94971,Tomales,CA,yes
95023,Hollister,CA,yes
95255,West Point,CA,yes
95366,Ripon,CA,yes
95666,Pioneer,CA,yes
95714,Dutch Flat,CA,yes
95912,Arbuckle,CA,yes
95953,Live Oak,CA,yes
97394,Waldport,OR,yes
97430,Deadwood,OR,yes
97431,Dexter,OR,yes
97490,Walton,OR,yes
97498,Yachats,OR,yes
97913,Nyssa,OR,yes
97914,Ontario,OR,yes
98377,Randle,WA,yes
98538,Curtis,WA,yes
98583,Satsop,WA,yes
98605,Bingen,WA,yes
98925,Easton,WA,yes
99017,Lamont,WA,yes
99029,Reardan,WA,yes
99032,Sprague,WA,yes
99122,Davenport,WA,yes
99128,Farmington,WA,yes
99130,Garfield,WA,yes
99156,Newport,WA,yes
99158,Oakesdale,WA,yes
99171,Saint John,WA,yes
99174,Steptoe,WA,yes
99176,Thornton,WA,yes
99180,Usk,WA,yes
03580,Franconia,NH,yes
03585,Lisbon,NH,yes
03586,Sugar Hill,NH,yes
03740,Bath,NH,yes
04228,East Livermore,ME,yes
04238,Hebron,ME,yes
04254,Livermore Falls,ME,yes
04349,Kents Hill,ME,yes
04352,Mount Vernon,ME,yes
04354,Palermo,ME,yes
04360,Vienna,ME,yes
04416,Bucksport,ME,yes
04421,Castine,ME,yes
04438,Frankfort,ME,yes
04476,Penobscot,ME,yes
04496,Winterport,ME,yes
04563,Cushing,ME,yes
04574,Washington,ME,yes
04576,Southport,ME,yes
04579,Woolwich,ME,yes
04614,Blue Hill,ME,yes
04617,Brooksville,ME,yes
04642,Harborside,ME,yes
04676,Sedgwick,ME,yes
04843,Camden,ME,yes
04847,Hope,ME,yes
04848,Islesboro,ME,yes
04849,Lincolnville,ME,yes
04856,Rockport,ME,yes
04862,Union,ME,yes
04915,Belfast,ME,yes
04921,Brooks,ME,yes
04922,Burnham,ME,yes
04924,Canaan,ME,yes
04929,Detroit,ME,yes
04932,Dixmont,ME,yes
04933,East Newport,ME,yes
04937,Fairfield,ME,yes
04941,Freedom,ME,yes
04943,Hartland,ME,yes
04944,Hinckley,ME,yes
04949,Liberty,ME,yes
04951,Monroe,ME,yes
04952,Morrill,ME,yes
04953,Newport,ME,yes
04955,New Sharon,ME,yes
04965,Palmyra,ME,yes
04967,Pittsfield,ME,yes
04969,Plymouth,ME,yes
04971,Saint Albans,ME,yes
04973,Searsmont,ME,yes
04974,Searsport,ME,yes
04975,Shawmut,ME,yes
04976,Skowhegan,ME,yes
04981,Stockton Springs,ME,yes
04986,Thorndike,ME,yes
04987,Troy,ME,yes
04988,Unity,ME,yes
05036,Brookfield,VT,yes
05041,East Randolph,VT,yes
05042,East Ryegate,VT,yes
05050,Mc Indoe Falls,VT,yes
05060,Randolph,VT,yes
05069,South Ryegate,VT,yes
05086,West Topsham,VT,yes
05669,Roxbury,VT,yes
05675,Washington,VT,yes
05679,Williamstown,VT,yes
05732,Bomoseen,VT,yes
05733,Brandon,VT,yes
05735,Castleton,VT,yes
05747,Granville,VT,yes
05748,Hancock,VT,yes
05763,Pittsford,VT,yes
08204,Cape May,NJ,yes
08212,Cape May Point,NJ,yes
08260,Wildwood,NJ,yes
12108,Lake Pleasant,NY,yes
12116,Maryland,NY,yes
12139,Piseco,NY,yes
12190,Wells,NY,yes
12760,Long Eddy,NY,yes
12810,Athol,NY,yes
12814,Bolton Landing,NY,yes
12819,Clemons,NY,yes
13083,Lacona,NY,yes
13141,Preble,NY,yes
13145,Sandy Creek,NY,yes
13158,Truxton,NY,yes
13301,Alder Creek,NY,yes
13303,Ava,NY,yes
13309,Boonville,NY,yes
13324,Cold Brook,NY,yes
13335,Edmeston,NY,yes
13338,Forestport,NY,yes
13342,Garrattsville,NY,yes
13353,Hoffmeister,NY,yes
13363,Lee Center,NY,yes
13415,New Lisbon,NY,yes
13437,Redfield,NY,yes
13464,Smyrna,NY,yes
13486,Westernville,NY,yes
13494,Woodgate,NY,yes
13744,Castle Creek,NY,yes
13752,Delancey,NY,yes
13754,Deposit,NY,yes
13760,Endicott,NY,yes
13777,Glen Aubrey,NY,yes
13782,Hamden,NY,yes
13790,Johnson City,NY,yes
13796,Laurens,NY,yes
13820,Oneonta,NY,yes
13850,Vestal,NY,yes
13865,Windsor,NY,yes
13904,Binghamton,NY,yes
14024,Bliss,NY,yes
14025,Boston,NY,yes
14028,Burt,NY,yes
14034,Collins,NY,yes
14035,Collins Center,NY,yes
14047,Derby,NY,yes
14055,East Concord,NY,yes
14057,Eden,NY,yes
14072,Grand Island,NY,yes
14080,Holland,NY,yes
14091,Lawtons,NY,yes
14092,Lewiston,NY,yes
14094,Lockport,NY,yes
14108,Newfane,NY,yes
14109,Niagara University,NY,yes
14126,Olcott,NY,yes
14130,Pike,NY,yes
14131,Ransomville,NY,yes
14132,Sanborn,NY,yes
14172,Wilson,NY,yes
14174,Youngstown,NY,yes
14301,Niagara Falls,NY,yes
14302,Niagara Falls,NY,yes
14303,Niagara Falls,NY,yes
14304,Niagara Falls,NY,yes
14305,Niagara Falls,NY,yes
14536,Portageville,NY,yes
14805,Alpine,NY,yes
14812,Beaver Dams,NY,yes
14814,Big Flats,NY,yes
14815,Bradford,NY,yes
14816,Breesport,NY,yes
14818,Burdett,NY,yes
14824,Cayuta,NY,yes
14825,Chemung,NY,yes
14838,Erin,NY,yes
14841,Hector,NY,yes
14845,Horseheads,NY,yes
14859,Lockwood,NY,yes
14861,Lowman,NY,yes
14864,Millport,NY,yes
14865,Montour Falls,NY,yes
14869,Odessa,NY,yes
14871,Pine City,NY,yes
14872,Pine Valley,NY,yes
14878,Rock Stream,NY,yes
14883,Spencer,NY,yes
14885,Troupsburg,NY,yes
14889,Van Etten,NY,yes
14891,Watkins Glen,NY,yes
14893,Wayne,NY,yes
14894,Wellsburg,NY,yes
14898,Woodhull,NY,yes
15501,Somerset,PA,yes
15510,Somerset,PA,yes
15520,Acosta,PA,yes
15531,Boswell,PA,yes
15544,Gray,PA,yes
15551,Markleton,PA,yes
15555,Quecreek,PA,yes
15557,Rockwood,PA,yes
15561,Sipesville,PA,yes
15701,Indiana,PA,yes
15723,Chambersville,PA,yes
15739,Ernest,PA,yes
15901,Johnstown,PA,yes
15902,Johnstown,PA,yes
15904,Johnstown,PA,yes
15905,Johnstown,PA,yes
15906,Johnstown,PA,yes
15909,Johnstown,PA,yes
15920,Armagh,PA,yes
15929,Dilltown,PA,yes
15961,Vintondale,PA,yes
16113,Clark,PA,yes
16114,Clarks Mills,PA,yes
16121,Farrell,PA,yes
16130,Hadley,PA,yes
16134,Jamestown,PA,yes
16145,Sandy Lake,PA,yes
16146,Sharon,PA,yes
16148,Hermitage,PA,yes
16150,Sharpsville,PA,yes
16151,Sheakleyville,PA,yes
16153,Stoneboro,PA,yes
16154,Transfer,PA,yes
16159,West Middlesex,PA,yes
16161,Wheatland,PA,yes
16211,Beyer,PA,yes
16213,Callensburg,PA,yes
16244,Nu Mine,PA,yes
16246,Plumville,PA,yes
16248,Rimersburg,PA,yes
16250,Sagamore,PA,yes
16255,Sligo,PA,yes
16259,Templeton,PA,yes
16372,Clintonville,PA,yes
17213,Blairs Mills,PA,yes
17224,Fort Loudon,PA,yes
17236,Mercersburg,PA,yes
17901,Pottsville,PA,yes
17929,Cressona,PA,yes
17943,Lavelle,PA,yes
17944,Llewellyn,PA,yes
17951,Mar Lin,PA,yes
17960,New Ringgold,PA,yes
17964,Pitman,PA,yes
18212,Ashfield,PA,yes
18221,Drifton,PA,yes
18223,Ebervale,PA,yes
18224,Freeland,PA,yes
18225,Harleigh,PA,yes
18234,Lattimer Mines,PA,yes
18239,Milnesville,PA,yes
18254,Tresckow,PA,yes
18403,Archbald,PA,yes
18405,Beach Lake,PA,yes
18407,Carbondale,PA,yes
18411,Clarks Summit,PA,yes
18415,Damascus,PA,yes
18417,Equinunk,PA,yes
18427,Hamlin,PA,yes
18433,Jermyn,PA,yes
18434,Jessup,PA,yes
18439,Lakewood,PA,yes
18443,Milanville,PA,yes
18447,Olyphant,PA,yes
18459,South Canaan,PA,yes
18463,Sterling,PA,yes
18465,Thompson,PA,yes
18469,Tyler Hill,PA,yes
18504,Scranton,PA,yes
18505,Scranton,PA,yes
18518,Old Forge,PA,yes
18642,Duryea,PA,yes
18701,Wilkes Barre,PA,yes
18702,Wilkes Barre,PA,yes
18705,Wilkes Barre,PA,yes
18706,Wilkes Barre,PA,yes
18707,Mountain Top,PA,yes
18847,Susquehanna,PA,yes
19104,Philadelphia,PA,yes
19112,Philadelphia,PA,yes
19121,Philadelphia,PA,yes
19122,Philadelphia,PA,yes
19131,Philadelphia,PA,yes
19132,Philadelphia,PA,yes
19133,Philadelphia,PA,yes
19139,Philadelphia,PA,yes
19140,Philadelphia,PA,yes
19151,Philadelphia,PA,yes
20619,California,MD,yes
20620,Callaway,MD,yes
20628,Dameron,MD,yes
20634,Great Mills,MD,yes
20670,Patuxent River,MD,yes
21613,Cambridge,MD,yes
21622,Church Creek,MD,yes
21626,Crapo,MD,yes
21627,Crocheron,MD,yes
21634,Fishing Creek,MD,yes
21648,Madison,MD,yes
21669,Taylors Island,MD,yes
21672,Toddville,MD,yes
21675,Wingate,MD,yes
21677,Woolford,MD,yes
21750,Hancock,MD,yes
21817,Crisfield,MD,yes
21821,Deal Island,MD,yes
21824,Ewell,MD,yes
21838,Marion Station,MD,yes
21840,Nanticoke,MD,yes
21841,Newark,MD,yes
21853,Princess Anne,MD,yes
21866,Tylerton,MD,yes
21867,Upper Fairmount,MD,yes
21871,Westover,MD,yes
21890,Westover,MD,yes
22520,Montross,VA,yes
22560,Tappahannock,VA,yes
22610,Bentonville,VA,yes
22637,Gore,VA,yes
22641,Strasburg,VA,yes
22650,Rileyville,VA,yes
22660,Toms Brook,VA,yes
22723,Hood,VA,yes
22835,Luray,VA,yes
22903,Charlottesville,VA,yes
22968,Ruckersville,VA,yes
23040,Cumberland,VA,yes
23062,Gloucester Point,VA,yes
23072,Hayes,VA,yes
23083,Jetersville,VA,yes
23085,King And Queen Court House,VA,yes
23091,Little Plymouth,VA,yes
23115,Millers Tavern,VA,yes
23830,Carson,VA,yes
23833,Church Road,VA,yes
23840,Dewitt,VA,yes
23841,Dinwiddie,VA,yes
23850,Ford,VA,yes
23883,Surry,VA,yes
23885,Sutherland,VA,yes
23894,Wilsons,VA,yes
23898,Zuni,VA,yes
23966,Rice,VA,yes
26501,Morgantown,WV,yes
26505,Morgantown,WV,yes
26508,Morgantown,WV,yes
26521,Blacksville,WV,yes
26534,Granville,WV,yes
26543,Osage,WV,yes
26590,Wana,WV,yes
27018,East Bend,NC,yes
27027,Mayodan,NC,yes
27043,Pinnacle,NC,yes
27291,Leasburg,NC,yes
27507,Bullock,NC,yes
27541,Hurdle Mills,NC,yes
27553,Manson,NC,yes
27563,Norlina,NC,yes
27573,Roxboro,NC,yes
27574,Roxboro,NC,yes
27589,Warrenton,NC,yes
27814,Blounts Creek,NC,yes
27821,Edward,NC,yes
27844,Hollister,NC,yes
27881,Speed,NC,yes
27889,Washington,NC,yes
28337,Elizabethtown,NC,yes
28340,Fairmont,NC,yes
28345,Hamlet,NC,yes
28349,Kenansville,NC,yes
28358,Lumberton,NC,yes
28360,Lumberton,NC,yes
28363,Marston,NC,yes
28369,Orrum,NC,yes
28375,Proctorville,NC,yes
28379,Rockingham,NC,yes
28384,Saint Pauls,NC,yes
28430,Cerro Gordo,NC,yes
28431,Chadbourn,NC,yes
28433,Clarkton,NC,yes
28434,Council,NC,yes
28436,Delco,NC,yes
28439,Fair Bluff,NC,yes
28441,Garland,NC,yes
28448,Kelly,NC,yes
28450,Lake Waccamaw,NC,yes
28456,Riegelwood,NC,yes
28463,Tabor City,NC,yes
28501,Kinston,NC,yes
28504,Kinston,NC,yes
28510,Arapahoe,NC,yes
28515,Bayboro,NC,yes
28519,Bridgeton,NC,yes
28523,Cove City,NC,yes
28525,Deep Run,NC,yes
28526,Dover,NC,yes
28527,Ernul,NC,yes
28529,Grantsboro,NC,yes
28533,Cherry Point,NC,yes
28539,Hubert,NC,yes
28556,Merritt,NC,yes
28560,New Bern,NC,yes
28562,New Bern,NC,yes
28571,Oriental,NC,yes
28573,Pollocksville,NC,yes
28582,Stella,NC,yes
28583,Stonewall,NC,yes
28584,Swansboro,NC,yes
28585,Trenton,NC,yes
28586,Vanceboro,NC,yes
28594,Emerald Isle,NC,yes
28604,Banner Elk,NC,yes
28622,Elk Park,NC,yes
28646,Linville,NC,yes
28649,Mc Grady,NC,yes
28654,Moravian Falls,NC,yes
28659,North Wilkesboro,NC,yes
28670,Ronda,NC,yes
28697,Wilkesboro,NC,yes
28775,Scaly Mountain,NC,yes
29015,Blair,SC,yes
29030,Cameron,SC,yes
29031,Carlisle,SC,yes
29037,Chappells,SC,yes
29038,Cope,SC,yes
29039,Cordova,SC,yes
29040,Dalzell,SC,yes
29042,Denmark,SC,yes
29062,Horatio,SC,yes
29107,Neeses,SC,yes
29108,Newberry,SC,yes
29112,North,SC,yes
29123,Pelion,SC,yes
29125,Pinewood,SC,yes
29126,Pomaria,SC,yes
29128,Rembert,SC,yes
29133,Rowesville,SC,yes
29135,Saint Matthews,SC,yes
29137,Salley,SC,yes
29138,Saluda,SC,yes
29152,Shaw Afb,SC,yes
29154,Sumter,SC,yes
29166,Ward,SC,yes
29168,Wedgefield,SC,yes
29175,Westville,SC,yes
29351,Joanna,SC,yes
29370,Mountville,SC,yes
29384,Waterloo,SC,yes
29501,Florence,SC,yes
29505,Florence,SC,yes
29506,Florence,SC,yes
29510,Andrews,SC,yes
29516,Blenheim,SC,yes
29541,Effingham,SC,yes
29560,Lake City,SC,yes
29580,Nesmith,SC,yes
29585,Pawleys Island,SC,yes
29591,Scranton,SC,yes
29639,Due West,SC,yes
29692,Ware Shoals,SC,yes
29693,Westminster,SC,yes
29709,Chesterfield,SC,yes
29718,Jefferson,SC,yes
29727,Mount Croghan,SC,yes
29728,Pageland,SC,yes
29832,Johnston,SC,yes
29841,North Augusta,SC,yes
29842,Beech Island,SC,yes
29860,North Augusta,SC,yes
29910,Bluffton,SC,yes
30014,Covington,GA,yes
30016,Covington,GA,yes
30070,Porterdale,GA,yes
30108,Bowdon,GA,yes
30113,Buchanan,GA,yes
30153,Rockmart,GA,yes
30161,Rome,GA,yes
30164,Rome,GA,yes
30165,Rome,GA,yes
30170,Roopville,GA,yes
30179,Temple,GA,yes
30220,Grantville,GA,yes
30248,Locust Grove,GA,yes
30276,Senoia,GA,yes
30417,Claxton,GA,yes
30423,Daisy,GA,yes
30449,Oliver,GA,yes
30511,Baldwin,GA,yes
30521,Carnesville,GA,yes
30523,Clarkesville,GA,yes
30525,Clayton,GA,yes
30547,Homer,GA,yes
30562,Mountain City,GA,yes
30568,Rabun Gap,GA,yes
30621,Bishop,GA,yes
30628,Colbert,GA,yes
30646,Hull,GA,yes
30677,Watkinsville,GA,yes
30710,Cohutta,GA,yes
30726,Graysville,GA,yes
30736,Ringgold,GA,yes
30742,Fort Oglethorpe,GA,yes
30753,Trion,GA,yes
30756,Varnell,GA,yes
30814,Harlem,GA,yes
30816,Keysville,GA,yes
30818,Matthews,GA,yes
30830,Waynesboro,GA,yes
30833,Wrens,GA,yes
31537,Folkston,GA,yes
31547,Kings Bay,GA,yes
31548,Kingsland,GA,yes
31558,Saint Marys,GA,yes
31562,Saint George,GA,yes
31565,Waverly,GA,yes
31569,Woodbine,GA,yes
32038,Fort White,FL,yes
32061,Lulu,FL,yes
35004,Moody,AL,yes
35040,Calera,AL,yes
35063,Empire,AL,yes
35071,Gardendale,AL,yes
35091,Kimberly,AL,yes
35094,Leeds,AL,yes
35096,Lincoln,AL,yes
35098,Logan,AL,yes
35112,Margaret,AL,yes
35115,Montevallo,AL,yes
35116,Morris,AL,yes
35117,Mount Olive,AL,yes
35119,New Castle,AL,yes
35120,Odenville,AL,yes
35125,Pell City,AL,yes
35126,Pinson,AL,yes
35128,Pell City,AL,yes
35143,Shelby,AL,yes
35146,Springville,AL,yes
35160,Talladega,AL,yes
35172,Trafford,AL,yes
35176,Vandiver,AL,yes
35180,Warrior,AL,yes
35188,Woodstock,AL,yes
35203,Birmingham,AL,yes
35204,Birmingham,AL,yes
35205,Birmingham,AL,yes
35206,Birmingham,AL,yes
35217,Birmingham,AL,yes
35228,Birmingham,AL,yes
35234,Birmingham,AL,yes
35404,Tuscaloosa,AL,yes
35406,Tuscaloosa,AL,yes
35444,Brookwood,AL,yes
35453,Cottondale,AL,yes
35490,Vance,AL,yes
35601,Decatur,AL,yes
35603,Decatur,AL,yes
35611,Athens,AL,yes
35613,Athens,AL,yes
35614,Athens,AL,yes
35741,Brownsboro,AL,yes
35750,Hazel Green,AL,yes
35759,Meridianville,AL,yes
35763,Owens Cross Roads,AL,yes
35801,Huntsville,AL,yes
35802,Huntsville,AL,yes
35805,Huntsville,AL,yes
35806,Huntsville,AL,yes
35810,Huntsville,AL,yes
35811,Huntsville,AL,yes
35816,Huntsville,AL,yes
35824,Huntsville,AL,yes
35896,Huntsville,AL,yes
35901,Gadsden,AL,yes
35953,Ashville,AL,yes
35987,Steele,AL,yes
36267,Millerville,AL,yes
37023,Big Rock,TN,yes
37347,Jasper,TN,yes
37350,Lookout Mountain,TN,yes
37352,Lynchburg,TN,yes
37354,Madisonville,TN,yes
37359,Mulberry,TN,yes
37379,Soddy Daisy,TN,yes
37397,Whitwell,TN,yes
37601,Johnson City,TN,yes
37604,Johnson City,TN,yes
37614,Johnson City,TN,yes
37615,Johnson City,TN,yes
37616,Afton,TN,yes
37617,Blountville,TN,yes
37618,Bluff City,TN,yes
37620,Bristol,TN,yes
37643,Elizabethton,TN,yes
37656,Fall Branch,TN,yes
37658,Hampton,TN,yes
37659,Jonesborough,TN,yes
37660,Kingsport,TN,yes
37663,Kingsport,TN,yes
37664,Kingsport,TN,yes
37665,Kingsport,TN,yes
37681,Limestone,TN,yes
37682,Milligan College,TN,yes
37686,Piney Flats,TN,yes
37690,Telford,TN,yes
37694,Watauga,TN,yes
37719,Coalfield,TN,yes
37724,Cumberland Gap,TN,yes
37726,Deer Lodge,TN,yes
37727,Del Rio,TN,yes
37732,Elgin,TN,yes
37733,Rugby,TN,yes
37752,Harrogate,TN,yes
37753,Hartford,TN,yes
37755,Helenwood,TN,yes
37809,Midway,TN,yes
37810,Mohawk,TN,yes
37843,Parrottsville,TN,yes
37852,Robbins,TN,yes
37872,Sunbright,TN,yes
37874,Sweetwater,TN,yes
37879,Tazewell,TN,yes
37880,Ten Mile,TN,yes
37885,Vonore,TN,yes
38456,Ethridge,TN,yes
38478,Pulaski,TN,yes
38501,Cookeville,TN,yes
38505,Cookeville,TN,yes
38506,Cookeville,TN,yes
38541,Allons,TN,yes
38545,Bloomington Springs,TN,yes
38555,Crossville,TN,yes
38558,Crossville,TN,yes
38559,Doyle,TN,yes
38570,Livingston,TN,yes
38571,Crossville,TN,yes
38572,Crossville,TN,yes
38574,Monterey,TN,yes
38575,Moss,TN,yes
38580,Rickman,TN,yes
38583,Sparta,TN,yes
38587,Walling,TN,yes
39466,Picayune,MS,yes
39520,Bay Saint Louis,MS,yes
39525,Diamondhead,MS,yes
39556,Kiln,MS,yes
39571,Pass Christian,MS,yes
39572,Pearlington,MS,yes
40008,Bloomfield,KY,yes
40011,Campbellsburg,KY,yes
40040,Mackville,KY,yes
40069,Springfield,KY,yes
40075,Turners Station,KY,yes
40152,Mc Daniels,KY,yes
40155,Muldraugh,KY,yes
40310,Burgin,KY,yes
40311,Carlisle,KY,yes
40312,Clay City,KY,yes
40336,Irvine,KY,yes
40350,Moorefield,KY,yes
40360,Owingsville,KY,yes
40374,Sharpsburg,KY,yes
40440,Junction City,KY,yes
41008,Carrollton,KY,yes
41056,Maysville,KY,yes
41098,Worthville,KY,yes
42140,Gamaliel,KY,yes
42151,Hestand,KY,yes
42167,Tompkinsville,KY,yes
42171,Smiths Grove,KY,yes
42207,Bee Spring,KY,yes
42210,Brownsville,KY,yes
42217,Crofton,KY,yes
42259,Mammoth Cave,KY,yes
42262,Oak Grove,KY,yes
42266,Pembroke,KY,yes
42275,Roundhill,KY,yes
42285,Sweeden,KY,yes
42326,Browder,KY,yes
42330,Central City,KY,yes
42332,Cleaton,KY,yes
42337,Drakesboro,KY,yes
42350,Island,KY,yes
42352,Livermore,KY,yes
42371,Rumsey,KY,yes
42372,Sacramento,KY,yes
42374,South Carrollton,KY,yes
42442,Nortonville,KY,yes
42462,Waverly,KY,yes
42464,White Plains,KY,yes
42712,Big Clifty,KY,yes
42713,Bonnieville,KY,yes
42721,Caneyville,KY,yes
42722,Canmer,KY,yes
42726,Clarkson,KY,yes
42729,Cub Run,KY,yes
42743,Greensburg,KY,yes
42746,Hardyville,KY,yes
42757,Magnolia,KY,yes
42765,Munfordville,KY,yes
42776,Sonora,KY,yes
42782,Summersville,KY,yes
42784,Upton,KY,yes
42788,White Mills,KY,yes
43311,Bellefontaine,OH,yes
43319,East Liberty,OH,yes
43330,Kirby,OH,yes
43336,Middleburg,OH,yes
43347,Rushsylvania,OH,yes
43351,Upper Sandusky,OH,yes
43358,West Mansfield,OH,yes
43360,Zanesfield,OH,yes
43511,Custar,OH,yes
43529,Hoytville,OH,yes
43541,Milton Center,OH,yes
43547,Neapolis,OH,yes
43565,Tontogany,OH,yes
43566,Waterville,OH,yes
43567,Wauseon,OH,yes
43571,Whitehouse,OH,yes
43725,Cambridge,OH,yes
43755,Lore City,OH,yes
43762,New Concord,OH,yes
43764,New Lexington,OH,yes
43766,New Straitsville,OH,yes
43767,Norwich,OH,yes
43777,Roseville,OH,yes
43836,Plainfield,OH,yes
43907,Cadiz,OH,yes
43946,Sardis,OH,yes
43983,Piedmont,OH,yes
44030,Conneaut,OH,yes
44048,Kingsville,OH,yes
44607,Augusta,OH,yes
44633,Holmesville,OH,yes
44654,Millersburg,OH,yes
44676,Shreve,OH,yes
44805,Ashland,OH,yes
44817,Bloomdale,OH,yes
44825,Chatfield,OH,yes
44838,Hayesville,OH,yes
44840,Jeromesville,OH,yes
44844,Mc Cutchenville,OH,yes
44850,New Haven,OH,yes
44854,New Washington,OH,yes
44859,Nova,OH,yes
44865,Plymouth,OH,yes
44866,Polk,OH,yes
44874,Savannah,OH,yes
44875,Shelby,OH,yes
44881,Sulphur Springs,OH,yes
44887,Tiro,OH,yes
44890,Willard,OH,yes
45101,Aberdeen,OH,yes
45123,Greenfield,OH,yes
45321,Eldorado,OH,yes
45337,Laura,OH,yes
45339,Ludlow Falls,OH,yes
45347,New Paris,OH,yes
45361,Potsdam,OH,yes
45373,Troy,OH,yes
45389,Christiansburg,OH,yes
45624,Cynthiana,OH,yes
45628,Frankfort,OH,yes
45646,Latham,OH,yes
45660,Peebles,OH,yes
45868,Mount Cory,OH,yes
45872,North Baltimore,OH,yes
45881,Rawson,OH,yes
45890,Vanlue,OH,yes
46133,Glenwood,IN,yes
46156,Milroy,IN,yes
46171,Reelsville,IN,yes
46301,Beverly Shores,IN,yes
46312,East Chicago,IN,yes
46319,Griffith,IN,yes
46320,Hammond,IN,yes
46321,Munster,IN,yes
46322,Highland,IN,yes
46323,Hammond,IN,yes
46324,Hammond,IN,yes
46327,Hammond,IN,yes
46394,Whiting,IN,yes
46507,Bristol,IN,yes
46510,Claypool,IN,yes
46524,Etna Green,IN,yes
46526,Goshen,IN,yes
46528,Goshen,IN,yes
46539,Mentone,IN,yes
46542,Milford,IN,yes
46543,Millersburg,IN,yes
46550,Nappanee,IN,yes
46553,New Paris,IN,yes
46561,Osceola,IN,yes
46570,Tippecanoe,IN,yes
46595,Wyatt,IN,yes
46703,Angola,IN,yes
46711,Berne,IN,yes
46737,Fremont,IN,yes
46740,Geneva,IN,yes
46761,Lagrange,IN,yes
46772,Monroe,IN,yes
46795,Wolcottville,IN,yes
46910,Akron,IN,yes
46920,Cutler,IN,yes
46928,Fairmount,IN,yes
46933,Gas City,IN,yes
46940,La Fontaine,IN,yes
46941,Lagro,IN,yes
46952,Marion,IN,yes
46953,Marion,IN,yes
46975,Rochester,IN,yes
46986,Swayzee,IN,yes
46989,Upland,IN,yes
46990,Urbana,IN,yes
46992,Wabash,IN,yes
47106,Borden,IN,yes
47141,Marysville,IN,yes
47160,New Middletown,IN,yes
47163,Otisco,IN,yes
47240,Greensburg,IN,yes
47263,New Point,IN,yes
47330,Centerville,IN,yes
47338,Eaton,IN,yes
47348,Hartford City,IN,yes
47354,Losantville,IN,yes
47358,Modoc,IN,yes
47374,Richmond,IN,yes
47433,Gosport,IN,yes
47460,Spencer,IN,yes
47983,Stockwell,IN,yes
47989,Waveland,IN,yes
48002,Allenton,MI,yes
48003,Almont,MI,yes
48201,Detroit,MI,yes
48204,Detroit,MI,yes
48205,Detroit,MI,yes
48206,Detroit,MI,yes
48207,Detroit,MI,yes
48208,Detroit,MI,yes
48209,Detroit,MI,yes
48210,Detroit,MI,yes
48213,Detroit,MI,yes
48214,Detroit,MI,yes
48215,Detroit,MI,yes
48216,Detroit,MI,yes
48217,Detroit,MI,yes
48219,Detroit,MI,yes
48221,Detroit,MI,yes
48223,Detroit,MI,yes
48224,Detroit,MI,yes
48226,Detroit,MI,yes
48227,Detroit,MI,yes
48228,Detroit,MI,yes
48233,Detroit,MI,yes
48234,Detroit,MI,yes
48235,Detroit,MI,yes
48238,Detroit,MI,yes
48242,Detroit,MI,yes
48243,Detroit,MI,yes
48433,Flushing,MI,yes
48440,Hadley,MI,yes
48455,Metamora,MI,yes
48502,Flint,MI,yes
48503,Flint,MI,yes
48504,Flint,MI,yes
48505,Flint,MI,yes
48506,Flint,MI,yes
48507,Flint,MI,yes
48532,Flint,MI,yes
48551,Flint,MI,yes
48553,Flint,MI,yes
48554,Flint,MI,yes
48829,Edmore,MI,yes
48841,Henderson,MI,yes
48852,Mcbrides,MI,yes
48866,Ovid,MI,yes
48879,Saint Johns,MI,yes
48886,Six Lakes,MI,yes
49028,Bronson,MI,yes
49101,Baroda,MI,yes
49106,Bridgman,MI,yes
49235,Clayton,MI,yes
49247,Hudson,MI,yes
49253,Manitou Beach,MI,yes
49262,North Adams,MI,yes
49271,Pittsford,MI,yes
49279,Sand Creek,MI,yes
49289,Weston,MI,yes
49336,Morley,MI,yes
49349,White Cloud,MI,yes
49421,Hesperia,MI,yes
49437,Montague,MI,yes
49452,Rothbury,MI,yes
50010,Ames,IA,yes
50011,Ames,IA,yes
50012,Ames,IA,yes
50014,Ames,IA,yes
50036,Boone,IA,yes
50066,Dawson,IA,yes
50072,Earlham,IA,yes
50107,Grand Junction,IA,yes
50134,Kelley,IA,yes
50135,Kellogg,IA,yes
50146,Linden,IA,yes
50161,Maxwell,IA,yes
50212,Ogden,IA,yes
50214,Otley,IA,yes
50220,Perry,IA,yes
50232,Reasnor,IA,yes
50240,Saint Charles,IA,yes
50273,Winterset,IA,yes
51529,Dunlap,IA,yes
51530,Earling,IA,yes
51537,Harlan,IA,yes
51558,Moorhead,IA,yes
51578,Westphalia,IA,yes
52729,Calamus,IA,yes
52742,De Witt,IA,yes
52745,Dixon,IA,yes
52746,Donahue,IA,yes
52747,Durant,IA,yes
52748,Eldridge,IA,yes
52751,Grand Mound,IA,yes
52756,Long Grove,IA,yes
52758,Mc Causland,IA,yes
52765,New Liberty,IA,yes
52768,Princeton,IA,yes
52769,Stockton,IA,yes
52773,Walcott,IA,yes
53015,Cleveland,WI,yes
53042,Kiel,WI,yes
53063,Newton,WI,yes
53083,Sheboygan,WI,yes
53503,Arena,WI,yes
53507,Barneveld,WI,yes
53561,Merrimac,WI,yes
53566,Monroe,WI,yes
53578,Prairie Du Sac,WI,yes
53901,Portage,WI,yes
53913,Baraboo,WI,yes
53919,Brandon,WI,yes
53923,Cambria,WI,yes
53935,Friesland,WI,yes
53951,North Freedom,WI,yes
53969,Wyocena,WI,yes
54101,Abrams,WI,yes
54107,Bonduel,WI,yes
54111,Cecil,WI,yes
54127,Green Valley,WI,yes
54137,Krakow,WI,yes
54166,Shawano,WI,yes
54201,Algoma,WI,yes
54204,Brussels,WI,yes
54205,Casco,WI,yes
54213,Forestville,WI,yes
54214,Francis Creek,WI,yes
54216,Kewaunee,WI,yes
54227,Maribel,WI,yes
54228,Mishicot,WI,yes
54232,Saint Nazianz,WI,yes
54241,Two Rivers,WI,yes
54247,Whitelaw,WI,yes
54629,Fountain City,WI,yes
54721,Arkansaw,WI,yes
54736,Durand,WI,yes
54737,Eau Galle,WI,yes
54738,Eleva,WI,yes
54751,Menomonie,WI,yes
54755,Mondovi,WI,yes
54759,Pepin,WI,yes
54769,Stockholm,WI,yes
54770,Strum,WI,yes
54837,Frederic,WI,yes
54840,Grantsburg,WI,yes
54889,Turtle Lake,WI,yes
54923,Berlin,WI,yes
54929,Clintonville,WI,yes
54932,Eldorado,WI,yes
54933,Embarrass,WI,yes
54980,Waukau,WI,yes
54981,Waupaca,WI,yes
54983,Weyauwega,WI,yes
55030,Grasston,MN,yes
55036,Henriette,MN,yes
55041,Lake City,MN,yes
55051,Mora,MN,yes
55332,Fairfax,MN,yes
55335,Gibbon,MN,yes
55901,Rochester,MN,yes
55902,Rochester,MN,yes
55904,Rochester,MN,yes
55905,Rochester,MN,yes
55906,Rochester,MN,yes
55920,Byron,MN,yes
55924,Claremont,MN,yes
55935,Fountain,MN,yes
55940,Hayfield,MN,yes
55944,Kasson,MN,yes
55952,Lewiston,MN,yes
55955,Mantorville,MN,yes
55956,Mazeppa,MN,yes
55957,Millville,MN,yes
55960,Oronoco,MN,yes
55975,Spring Valley,MN,yes
55976,Stewartville,MN,yes
55985,West Concord,MN,yes
55990,Wykoff,MN,yes
55991,Zumbro Falls,MN,yes
56001,Mankato,MN,yes
56003,Mankato,MN,yes
56010,Amboy,MN,yes
56016,Clarks Grove,MN,yes
56019,Comfrey,MN,yes
56021,Courtland,MN,yes
56024,Eagle Lake,MN,yes
56026,Ellendale,MN,yes
56034,Garden City,MN,yes
56037,Good Thunder,MN,yes
56041,Hanska,MN,yes
56046,Hope,MN,yes
56048,Janesville,MN,yes
56054,Lafayette,MN,yes
56055,Lake Crystal,MN,yes
56065,Mapleton,MN,yes
56072,New Richland,MN,yes
56073,New Ulm,MN,yes
56074,Nicollet,MN,yes
56078,Pemberton,MN,yes
56080,Saint Clair,MN,yes
56085,Sleepy Eye,MN,yes
56090,Vernon Center,MN,yes
56091,Waldorf,MN,yes
56093,Waseca,MN,yes
56310,Avon,MN,yes
56321,Collegeville,MN,yes
56368,Richmond,MN,yes
56373,Royalton,MN,yes
56374,Saint Joseph,MN,yes
56375,Saint Stephen,MN,yes
56377,Sartell,MN,yes
60111,Clare,IL,yes
60409,Calumet City,IL,yes
60411,Chicago Heights,IL,yes
60417,Crete,IL,yes
60421,Elwood,IL,yes
60428,Markham,IL,yes
60429,Hazel Crest,IL,yes
60442,Manhattan,IL,yes
60443,Matteson,IL,yes
60461,Olympia Fields,IL,yes
60466,Park Forest,IL,yes
60469,Posen,IL,yes
60472,Robbins,IL,yes
60475,Steger,IL,yes
60484,University Park,IL,yes
60531,Leland,IL,yes
60550,Shabbona,IL,yes
60551,Sheridan,IL,yes
60617,Chicago,IL,yes
60619,Chicago,IL,yes
60628,Chicago,IL,yes
60633,Chicago,IL,yes
60637,Chicago,IL,yes
60649,Chicago,IL,yes
60805,Evergreen Park,IL,yes
61008,Belvidere,IL,yes
61012,Capron,IL,yes
61234,Annawan,IL,yes
61235,Atkinson,IL,yes
61242,Cordova,IL,yes
61254,Geneseo,IL,yes
61257,Hillsdale,IL,yes
61414,Altona,IL,yes
61453,Little York,IL,yes
61472,Rio,IL,yes
61476,Seaton,IL,yes
62002,Alton,IL,yes
62006,Batchtown,IL,yes
62036,Golden Eagle,IL,yes
62040,Granite City,IL,yes
62047,Hardin,IL,yes
62062,Maryville,IL,yes
62065,Michael,IL,yes
62208,Fairview Heights,IL,yes
62232,Caseyville,IL,yes
62236,Columbia,IL,yes
62239,Dupo,IL,yes
62243,Freeburg,IL,yes
62254,Lebanon,IL,yes
62258,Mascoutah,IL,yes
62260,Millstadt,IL,yes
62285,Smithton,IL,yes
62289,Summerfield,IL,yes
63014,Berger,MO,yes
63041,Grubville,MO,yes
63056,Leslie,MO,yes
63060,Lonedell,MO,yes
63101,Saint Louis,MO,yes
63102,Saint Louis,MO,yes
63103,Saint Louis,MO,yes
63106,Saint Louis,MO,yes
63118,Saint Louis,MO,yes
63120,Saint Louis,MO,yes
63133,Saint Louis,MO,yes
63135,Saint Louis,MO,yes
63136,Saint Louis,MO,yes
63140,Saint Louis,MO,yes
63155,Saint Louis,MO,yes
63343,Elsberry,MO,yes
64021,Corder,MO,yes
64022,Dover,MO,yes
64637,Cowgill,MO,yes
64650,Kingston,MO,yes
64668,Norborne,MO,yes
64733,Chilhowee,MO,yes
64748,Golden City,MO,yes
64788,Urich,MO,yes
64833,Avilla,MO,yes
64848,La Russell,MO,yes
64859,Reeds,MO,yes
64862,Sarcoxie,MO,yes
65590,Long Lane,MO,yes
65601,Aldrich,MO,yes
65604,Ash Grove,MO,yes
65612,Bois D Arc,MO,yes
65613,Bolivar,MO,yes
65617,Brighton,MO,yes
65620,Bruner,MO,yes
65622,Buffalo,MO,yes
65623,Butterfield,MO,yes
65625,Cassville,MO,yes
65629,Chadwick,MO,yes
65630,Chestnutridge,MO,yes
65632,Conway,MO,yes
65633,Crane,MO,yes
65635,Dadeville,MO,yes
65644,Elkland,MO,yes
65646,Everton,MO,yes
65648,Fair Grove,MO,yes
65649,Fair Play,MO,yes
65652,Fordland,MO,yes
65653,Forsyth,MO,yes
65654,Freistatt,MO,yes
65656,Galena,MO,yes
65657,Garrison,MO,yes
65661,Greenfield,MO,yes
65663,Half Way,MO,yes
65706,Marshfield,MO,yes
65708,Monett,MO,yes
65710,Morrisville,MO,yes
65713,Niangua,MO,yes
65720,Oldfield,MO,yes
65725,Pleasant Hope,MO,yes
65734,Purdy,MO,yes
65737,Reeds Spring,MO,yes
65746,Seymour,MO,yes
65747,Shell Knob,MO,yes
65752,South Greenfield,MO,yes
65756,Stotts City,MO,yes
65757,Strafford,MO,yes
65769,Verona,MO,yes
65770,Walnut Grove,MO,yes
65771,Walnut Shade,MO,yes
65781,Willard,MO,yes
66002,Atchison,KS,yes
66016,Cummings,KS,yes
66033,Greeley,KS,yes
66060,Nortonville,KS,yes
66072,Parker,KS,yes
66076,Pomona,KS,yes
66078,Princeton,KS,yes
66429,Grantville,KS,yes
66542,Tecumseh,KS,yes
66842,Cassoday,KS,yes
67001,Andale,KS,yes
67002,Andover,KS,yes
67010,Augusta,KS,yes
67016,Bentley,KS,yes
67017,Benton,KS,yes
67020,Burrton,KS,yes
67025,Cheney,KS,yes
67026,Clearwater,KS,yes
67030,Colwich,KS,yes
67037,Derby,KS,yes
67041,Elbing,KS,yes
67042,El Dorado,KS,yes
67050,Garden Plain,KS,yes
67052,Goddard,KS,yes
67055,Greenwich,KS,yes
67056,Halstead,KS,yes
67060,Haysville,KS,yes
67062,Hesston,KS,yes
67067,Kechi,KS,yes
67101,Maize,KS,yes
67107,Moundridge,KS,yes
67108,Mount Hope,KS,yes
67114,Newton,KS,yes
67117,North Newton,KS,yes
67123,Potwin,KS,yes
67133,Rose Hill,KS,yes
67135,Sedgwick,KS,yes
67144,Towanda,KS,yes
67147,Valley Center,KS,yes
67149,Viola,KS,yes
67151,Walton,KS,yes
67154,Whitewater,KS,yes
67232,Wichita,KS,yes
67428,Canton,KS,yes
67501,Hutchinson,KS,yes
67502,Hutchinson,KS,yes
67505,South Hutchinson,KS,yes
67546,Inman,KS,yes
68318,Blue Springs,NE,yes
68338,Daykin,NE,yes
68351,Exeter,NE,yes
68357,Filley,NE,yes
68377,Jansen,NE,yes
68424,Plymouth,NE,yes
68458,Virginia,NE,yes
68466,Wymore,NE,yes
70301,Thibodaux,LA,yes
70346,Donaldsonville,LA,yes
70355,Gheens,LA,yes
70422,Amite,LA,yes
70436,Fluker,LA,yes
70456,Roseland,LA,yes
70465,Tangipahoa,LA,yes
70714,Baker,LA,yes
70725,Darrow,LA,yes
70791,Zachary,LA,yes
72701,Fayetteville,AR,yes
72703,Fayetteville,AR,yes
72704,Fayetteville,AR,yes
72712,Bentonville,AR,yes
72718,Cave Springs,AR,yes
72719,Centerton,AR,yes
72722,Decatur,AR,yes
72730,Farmington,AR,yes
72734,Gentry,AR,yes
72739,Hiwasse,AR,yes
72745,Lowell,AR,yes
72753,Prairie Grove,AR,yes
72756,Rogers,AR,yes
72758,Rogers,AR,yes
72761,Siloam Springs,AR,yes
72762,Springdale,AR,yes
72764,Springdale,AR,yes
72774,West Fork,AR,yes
75020,Denison,TX,yes
75021,Denison,TX,yes
75076,Pottsboro,TX,yes
75103,Canton,TX,yes
75117,Edgewood,TX,yes
75124,Eustace,TX,yes
75127,Fruitvale,TX,yes
75144,Kerens,TX,yes
75156,Mabank,TX,yes
75163,Trinidad,TX,yes
75414,Bells,TX,yes
75418,Bonham,TX,yes
75491,Whitewright,TX,yes
76253,Myra,TX,yes
76263,Rosston,TX,yes
76490,Whitt,TX,yes
76522,Copperas Cove,TX,yes
76556,Milano,TX,yes
76579,Troy,TX,yes
76641,Frost,TX,yes
76671,Morgan,TX,yes
76679,Purdon,TX,yes
76692,Whitney,TX,yes
77335,Goodrich,TX,yes
77426,Chappell Hill,TX,yes
77468,Pledger,TX,yes
77480,Sweeny,TX,yes
77531,Clute,TX,yes
77566,Lake Jackson,TX,yes
77617,Gilchrist,TX,yes
77623,High Island,TX,yes
77650,Port Bolivar,TX,yes
77873,Richards,TX,yes
78016,Devine,TX,yes
78059,Natalia,TX,yes
78064,Pleasanton,TX,yes
78143,Pandora,TX,yes
78147,Poth,TX,yes
78160,Stockdale,TX,yes
78639,Kingsland,TX,yes
78861,Hondo,TX,yes
80420,Alma,CO,yes
80446,Granby,CO,yes
80498,Silverthorne,CO,yes
80701,Fort Morgan,CO,yes
80729,Grover,CO,yes
81007,Pueblo,CO,yes
81212,Canon City,CO,yes
81221,Coal Creek,CO,yes
81223,Cotopaxi,CO,yes
81226,Florence,CO,yes
81244,Rockvale,CO,yes
82054,Carpenter,WY,yes
83672,Weiser,ID,yes
83801,Athol,ID,yes
83803,Bayview,ID,yes
83804,Blanchard,ID,yes
83810,Cataldo,ID,yes
83835,Hayden,ID,yes
83842,Medimont,ID,yes
83851,Plummer,ID,yes
84304,Cache Junction,UT,yes
84305,Clarkston,UT,yes
84308,Cornish,UT,yes
84311,Fielding,UT,yes
84318,Hyde Park,UT,yes
84320,Lewiston,UT,yes
84327,Newton,UT,yes
84330,Plymouth,UT,yes
84331,Portage,UT,yes
84333,Richmond,UT,yes
84335,Smithfield,UT,yes
84338,Trenton,UT,yes
84341,Logan,UT,yes
85135,Hayden,AZ,yes
85320,Aguila,AZ,yes
85541,Payson,AZ,yes
85544,Pine,AZ,yes
85553,Tonto Basin,AZ,yes
86003,Flagstaff,AZ,yes
86004,Flagstaff,AZ,yes
86011,Flagstaff,AZ,yes
86046,Williams,AZ,yes
86324,Clarkdale,AZ,yes
86334,Paulden,AZ,yes
87007,Casa Blanca,NM,yes
87014,Cubero,NM,yes
87024,Jemez Pueblo,NM,yes
87026,Laguna,NM,yes
87028,La Joya,NM,yes
87034,Pueblo Of Acoma,NM,yes
87036,Mountainair,NM,yes
87038,New Laguna,NM,yes
87040,Paguate,NM,yes
87041,Pena Blanca,NM,yes
87044,Ponderosa,NM,yes
87049,San Fidel,NM,yes
87063,Willard,NM,yes
87070,Clines Corners,NM,yes
87535,Glorieta,NM,yes
87540,Lamy,NM,yes
87562,Rowe,NM,yes
87831,San Acacia,NM,yes
89002,Henderson,NV,yes
89011,Henderson,NV,yes
89012,Henderson,NV,yes
89014,Henderson,NV,yes
89015,Henderson,NV,yes
89030,North Las Vegas,NV,yes
89031,North Las Vegas,NV,yes
89032,North Las Vegas,NV,yes
89044,Henderson,NV,yes
89052,Henderson,NV,yes
89074,Henderson,NV,yes
89081,North Las Vegas,NV,yes
89084,North Las Vegas,NV,yes
89085,North Las Vegas,NV,yes
89086,North Las Vegas,NV,yes
92240,Desert Hot Springs,CA,yes
92268,Pioneertown,CA,yes
92270,Rancho Mirage,CA,yes
92284,Yucca Valley,CA,yes
92342,Helendale,CA,yes
93523,Edwards,CA,yes
93524,Edwards,CA,yes
93950,Pacific Grove,CA,yes
94576,Deer Park,CA,yes
94929,Dillon Beach,CA,yes
95232,Glencoe,CA,yes
95246,Mountain Ranch,CA,yes
95248,Rail Road Flat,CA,yes
95257,Wilseyville,CA,yes
95313,Crows Landing,CA,yes
95439,Fulton,CA,yes
95444,Graton,CA,yes
95701,Alta,CA,yes
95935,Dobbins,CA,yes
95959,Nevada City,CA,yes
95962,Oregon House,CA,yes
97145,Tolovana Park,OR,yes
97424,Cottage Grove,OR,yes
97452,Lowell,OR,yes
97480,Swisshome,OR,yes
98672,White Salmon,WA,yes
99109,Chewelah,WA,yes
31568,White Oak,GA,yes
68367,Gresham,NE,yes
68401,Mc Cool Junction,NE,yes
68658,Rising City,NE,yes
68667,Surprise,NE,yes
03574,Bethlehem,NH,yes
03771,Monroe,NH,yes
04220,Buckfield,ME,yes
04227,East Dixfield,ME,yes
04234,East Wilton,ME,yes
04239,Jay,ME,yes
04271,Paris,ME,yes
04281,South Paris,ME,yes
04285,Weld,ME,yes
04294,Wilton,ME,yes
04357,Richmond,ME,yes
04401,Bangor,ME,yes
04419,Carmel,ME,yes
04431,East Orland,ME,yes
04444,Hampden,ME,yes
04472,Orland,ME,yes
04537,Boothbay,ME,yes
04538,Boothbay Harbor,ME,yes
04541,Chamberlain,ME,yes
04544,East Boothbay,ME,yes
04547,Friendship,ME,yes
04554,New Harbor,ME,yes
04556,Edgecomb,ME,yes
04558,Pemaquid,ME,yes
04568,South Bristol,ME,yes
04570,Squirrel Island,ME,yes
04571,Trevett,ME,yes
04573,Walpole,ME,yes
04575,West Boothbay Harbor,ME,yes
04578,Wiscasset,ME,yes
04605,Ellsworth,ME,yes
04609,Bar Harbor,ME,yes
04616,Brooklin,ME,yes
04627,Deer Isle,ME,yes
04629,East Blue Hill,ME,yes
04640,Hancock,ME,yes
04650,Little Deer Isle,ME,yes
04660,Mount Desert,ME,yes
04662,Northeast Harbor,ME,yes
04673,Sargentville,ME,yes
04675,Seal Harbor,ME,yes
04679,Southwest Harbor,ME,yes
04681,Stonington,ME,yes
04683,Sunset,ME,yes
04684,Surry,ME,yes
04685,Swans Island,ME,yes
04841,Rockland,ME,yes
04854,Owls Head,ME,yes
04858,South Thomaston,ME,yes
04860,Tenants Harbor,ME,yes
04861,Thomaston,ME,yes
04864,Warren,ME,yes
04912,Athens,ME,yes
04928,Corinna,ME,yes
04938,Farmington,ME,yes
04940,Farmington Falls,ME,yes
04942,Harmony,ME,yes
04956,New Vineyard,ME,yes
04957,Norridgewock,ME,yes
04978,Smithfield,ME,yes
04984,Temple,ME,yes
04992,West Farmington,ME,yes
05046,Groton,VT,yes
05641,Barre,VT,yes
05649,East Barre,VT,yes
05654,Graniteville,VT,yes
05663,Northfield,VT,yes
05664,Northfield Falls,VT,yes
05674,Warren,VT,yes
05678,Websterville,VT,yes
05740,East Middlebury,VT,yes
05743,Fair Haven,VT,yes
05753,Middlebury,VT,yes
05760,Orwell,VT,yes
05769,Salisbury,VT,yes
05778,Whiting,VT,yes
12817,Chestertown,NY,yes
12841,Huletts Landing,NY,yes
12843,Johnsburg,NY,yes
13053,Dryden,NY,yes
13062,Etna,NY,yes
13068,Freeville,NY,yes
13073,Groton,NY,yes
13087,Little York,NY,yes
13102,Mc Lean,NY,yes
13124,North Pitcher,NY,yes
13155,South Otselic,NY,yes
13325,Constableville,NY,yes
13345,Greig,NY,yes
13368,Lyons Falls,NY,yes
13433,Port Leyden,NY,yes
13473,Turin,NY,yes
13489,West Leyden,NY,yes
13605,Adams,NY,yes
13634,Dexter,NY,yes
13636,Ellisburg,NY,yes
13650,Henderson,NY,yes
13659,Lorraine,NY,yes
13661,Mannsville,NY,yes
13685,Sackets Harbor,NY,yes
13730,Afton,NY,yes
13732,Apalachin,NY,yes
13733,Bainbridge,NY,yes
13736,Berkshire,NY,yes
13743,Candor,NY,yes
13746,Chenango Forks,NY,yes
13748,Conklin,NY,yes
13755,Downsville,NY,yes
13756,East Branch,NY,yes
13774,Fishs Eddy,NY,yes
13775,Franklin,NY,yes
13776,Gilbertsville,NY,yes
13783,Hancock,NY,yes
13794,Killawog,NY,yes
13795,Kirkwood,NY,yes
13797,Lisle,NY,yes
13802,Maine,NY,yes
13808,Morris,NY,yes
13809,Mount Upton,NY,yes
13811,Newark Valley,NY,yes
13815,Norwich,NY,yes
13825,Otego,NY,yes
13826,Ouaquaga,NY,yes
13827,Owego,NY,yes
13832,Plymouth,NY,yes
13839,Sidney Center,NY,yes
13843,South New Berlin,NY,yes
13846,Treadwell,NY,yes
13847,Trout Creek,NY,yes
13849,Unadilla,NY,yes
13859,Wells Bridge,NY,yes
13861,West Oneonta,NY,yes
13862,Whitney Point,NY,yes
13864,Willseyville,NY,yes
14006,Angola,NY,yes
14030,Chaffee,NY,yes
14061,Farnham,NY,yes
14111,North Collins,NY,yes
14134,Sardinia,NY,yes
14141,Springville,NY,yes
14802,Alfred,NY,yes
14803,Alfred Station,NY,yes
14804,Almond,NY,yes
14817,Brooktondale,NY,yes
14822,Canaseraga,NY,yes
14839,Greenwood,NY,yes
14850,Ithaca,NY,yes
14853,Ithaca,NY,yes
14854,Jacksonville,NY,yes
14877,Rexville,NY,yes
14881,Slaterville Springs,NY,yes
14882,Lansing,NY,yes
14884,Swain,NY,yes
14886,Trumansburg,NY,yes
14892,Waverly,NY,yes
14897,Whitesville,NY,yes
15536,Crystal Spring,PA,yes
15540,Fort Hill,PA,yes
15541,Friedens,PA,yes
15542,Garrett,PA,yes
15546,Jenners,PA,yes
15547,Jennerstown,PA,yes
15563,Stoystown,PA,yes
15714,Northern Cambria,PA,yes
15747,Home,PA,yes
15762,Nicktown,PA,yes
15765,Penn Run,PA,yes
15922,Belsano,PA,yes
15927,Colver,PA,yes
15928,Davidsville,PA,yes
15934,Elton,PA,yes
15935,Hollsopple,PA,yes
15937,Jerome,PA,yes
15942,Mineral Point,PA,yes
15943,Nanty Glo,PA,yes
15945,Parkhill,PA,yes
15951,Saint Michael,PA,yes
15952,Salix,PA,yes
15953,Seanor,PA,yes
15956,South Fork,PA,yes
15960,Twin Rocks,PA,yes
16036,Foxburg,PA,yes
16054,Saint Petersburg,PA,yes
16110,Adamsville,PA,yes
16111,Atlantic,PA,yes
16131,Hartstown,PA,yes
16214,Clarion,PA,yes
16222,Dayton,PA,yes
16223,Distant,PA,yes
16224,Fairmount City,PA,yes
16230,Hawthorn,PA,yes
16232,Knox,PA,yes
16233,Leeper,PA,yes
16235,Lucinda,PA,yes
16240,Mayport,PA,yes
16242,New Bethlehem,PA,yes
16245,Oak Ridge,PA,yes
16253,Seminole,PA,yes
16254,Shippenville,PA,yes
16256,Smicksburg,PA,yes
16258,Strattanville,PA,yes
16301,Oil City,PA,yes
16311,Carlton,PA,yes
16314,Cochranton,PA,yes
16316,Conneaut Lake,PA,yes
16317,Cooperstown,PA,yes
16319,Cranberry,PA,yes
16323,Franklin,PA,yes
16326,Fryburg,PA,yes
16327,Guys Mills,PA,yes
16328,Hydetown,PA,yes
16331,Kossuth,PA,yes
16332,Lickingville,PA,yes
16334,Marble,PA,yes
16335,Meadville,PA,yes
16341,Pleasantville,PA,yes
16342,Polk,PA,yes
16343,Reno,PA,yes
16344,Rouseville,PA,yes
16346,Seneca,PA,yes
16354,Titusville,PA,yes
16360,Townville,PA,yes
16361,Tylersburg,PA,yes
16362,Utica,PA,yes
16364,Venus,PA,yes
16373,Emlenton,PA,yes
16374,Kennerdell,PA,yes
16401,Albion,PA,yes
16404,Centerville,PA,yes
16406,Conneautville,PA,yes
16407,Corry,PA,yes
16410,Cranesville,PA,yes
16411,East Springfield,PA,yes
16412,Edinboro,PA,yes
16415,Fairview,PA,yes
16417,Girard,PA,yes
16421,Harborcreek,PA,yes
16422,Harmonsburg,PA,yes
16423,Lake City,PA,yes
16424,Linesville,PA,yes
16426,Mc Kean,PA,yes
16427,Mill Village,PA,yes
16428,North East,PA,yes
16433,Saegertown,PA,yes
16434,Spartansburg,PA,yes
16435,Springboro,PA,yes
16438,Union City,PA,yes
16441,Waterford,PA,yes
16442,Wattsburg,PA,yes
16443,West Springfield,PA,yes
16444,Edinboro,PA,yes
16501,Erie,PA,yes
16502,Erie,PA,yes
16503,Erie,PA,yes
16504,Erie,PA,yes
16505,Erie,PA,yes
16506,Erie,PA,yes
16507,Erie,PA,yes
16508,Erie,PA,yes
16509,Erie,PA,yes
16510,Erie,PA,yes
16511,Erie,PA,yes
16546,Erie,PA,yes
16563,Erie,PA,yes
16621,Broad Top,PA,yes
16622,Calvin,PA,yes
16623,Cassville,PA,yes
16634,Dudley,PA,yes
16638,Entriken,PA,yes
16647,Hesston,PA,yes
16657,James Creek,PA,yes
16674,Robertsdale,PA,yes
16685,Todd,PA,yes
16686,Tyrone,PA,yes
16689,Waterfall,PA,yes
16694,Wood,PA,yes
16801,State College,PA,yes
16803,State College,PA,yes
16820,Aaronsburg,PA,yes
16832,Coburn,PA,yes
16854,Millheim,PA,yes
16875,Spring Mills,PA,yes
16877,Warriors Mark,PA,yes
16882,Woodward,PA,yes
17021,East Waterford,PA,yes
17035,Honey Grove,PA,yes
17049,Mc Alisterville,PA,yes
17052,Mapleton Depot,PA,yes
17056,Mexico,PA,yes
17058,Mifflin,PA,yes
17059,Mifflintown,PA,yes
17060,Mill Creek,PA,yes
17062,Millerstown,PA,yes
17076,Oakland Mills,PA,yes
17082,Port Royal,PA,yes
17086,Richfield,PA,yes
17094,Thompsontown,PA,yes
17212,Big Cove Tannery,PA,yes
17215,Burnt Cabins,PA,yes
17223,Fort Littleton,PA,yes
17228,Harrisonville,PA,yes
17229,Hustontown,PA,yes
17233,Mc Connellsburg,PA,yes
17238,Needmore,PA,yes
17243,Orbisonia,PA,yes
17249,Rockhill Furnace,PA,yes
17253,Saltillo,PA,yes
17255,Shade Gap,PA,yes
17260,Shirleysburg,PA,yes
17264,Three Springs,PA,yes
17267,Warfordsburg,PA,yes
17801,Sunbury,PA,yes
17812,Beaver Springs,PA,yes
17813,Beavertown,PA,yes
17823,Dornsife,PA,yes
17827,Freeburg,PA,yes
17842,Middleburg,PA,yes
17853,Mount Pleasant Mills,PA,yes
17861,Paxtonville,PA,yes
17862,Penns Creek,PA,yes
17864,Port Trevorton,PA,yes
17870,Selinsgrove,PA,yes
17876,Shamokin Dam,PA,yes
17881,Trevorton,PA,yes
17889,Winfield,PA,yes
17921,Ashland,PA,yes
17930,Cumbola,PA,yes
17936,Gordon,PA,yes
17954,Minersville,PA,yes
17959,New Philadelphia,PA,yes
17970,Saint Clair,PA,yes
17974,Seltzer,PA,yes
18201,Hazleton,PA,yes
18202,Hazleton,PA,yes
18219,Conyngham,PA,yes
18249,Sugarloaf,PA,yes
18251,Sybertsville,PA,yes
18413,Clifford,PA,yes
18414,Dalton,PA,yes
18420,Fleetville,PA,yes
18421,Forest City,PA,yes
18430,Herrick Center,PA,yes
18453,Pleasant Mount,PA,yes
18456,Prompton,PA,yes
18470,Union Dale,PA,yes
18471,Waverly,PA,yes
18472,Waymart,PA,yes
18612,Dallas,PA,yes
18617,Glen Lyon,PA,yes
18618,Harveys Lake,PA,yes
18621,Hunlock Creek,PA,yes
18622,Huntington Mills,PA,yes
18634,Nanticoke,PA,yes
18653,Ransom,PA,yes
18655,Shickshinny,PA,yes
18656,Sweet Valley,PA,yes
18660,Wapwallopen,PA,yes
18704,Kingston,PA,yes
18708,Shavertown,PA,yes
18812,Brackney,PA,yes
18821,Great Bend,PA,yes
18823,Harford,PA,yes
18825,Jackson,PA,yes
18826,Kingsley,PA,yes
18828,Lawton,PA,yes
18834,New Milford,PA,yes
18842,South Gibson,PA,yes
19120,Philadelphia,PA,yes
19126,Philadelphia,PA,yes
19138,Philadelphia,PA,yes
19141,Philadelphia,PA,yes
19142,Philadelphia,PA,yes
19143,Philadelphia,PA,yes
19153,Philadelphia,PA,yes
20630,Drayden,MD,yes
20653,Lexington Park,MD,yes
20667,Park Hall,MD,yes
20674,Piney Point,MD,yes
20680,Ridge,MD,yes
20684,Saint Inigoes,MD,yes
20686,Saint Marys City,MD,yes
20687,Scotland,MD,yes
20690,Tall Timbers,MD,yes
20692,Valley Lee,MD,yes
21530,Flintstone,MD,yes
21555,Oldtown,MD,yes
21766,Little Orleans,MD,yes
21829,Girdletree,MD,yes
21864,Stockton,MD,yes
22454,Dunnsville,VA,yes
22504,Laneview,VA,yes
22572,Warsaw,VA,yes
22625,Cross Junction,VA,yes
22644,Maurertown,VA,yes
22652,Fort Valley,VA,yes
22654,Star Tannery,VA,yes
22664,Woodstock,VA,yes
22901,Charlottesville,VA,yes
22911,Charlottesville,VA,yes
22932,Crozet,VA,yes
22943,Greenwood,VA,yes
22973,Stanardsville,VA,yes
23021,Bohannon,VA,yes
23025,Cardinal,VA,yes
23032,Church View,VA,yes
23045,Diggs,VA,yes
23050,Dutton,VA,yes
23061,Gloucester,VA,yes
23079,Jamaica,VA,yes
23108,Mascot,VA,yes
23110,Mattaponi,VA,yes
23123,New Canton,VA,yes
23125,New Point,VA,yes
23130,Onemo,VA,yes
23138,Port Haywood,VA,yes
23156,Shacklefords,VA,yes
23163,Susan,VA,yes
23310,Cape Charles,VA,yes
23313,Capeville,VA,yes
23315,Carrsville,VA,yes
23824,Blackstone,VA,yes
23837,Courtland,VA,yes
23839,Dendron,VA,yes
23846,Elberon,VA,yes
23851,Franklin,VA,yes
23866,Ivor,VA,yes
23872,Mc Kenney,VA,yes
23874,Newsoms,VA,yes
23878,Sedley,VA,yes
23884,Sussex,VA,yes
23888,Wakefield,VA,yes
23930,Crewe,VA,yes
24069,Cascade,VA,yes
24148,Ridgeway,VA,yes
24165,Spencer,VA,yes
24201,Bristol,VA,yes
24202,Bristol,VA,yes
24210,Abingdon,VA,yes
24211,Abingdon,VA,yes
24250,Fort Blackmore,VA,yes
24251,Gate City,VA,yes
24258,Hiltons,VA,yes
24270,Mendota,VA,yes
24271,Nickelsville,VA,yes
24290,Weber City,VA,yes
25411,Berkeley Springs,WV,yes
25422,Great Cacapon,WV,yes
25434,Paw Paw,WV,yes
26301,Clarksburg,WV,yes
26330,Bridgeport,WV,yes
26347,Flemington,WV,yes
26354,Grafton,WV,yes
26361,Gypsy,WV,yes
26369,Hepzibah,WV,yes
26404,Meadowbrook,WV,yes
26431,Shinnston,WV,yes
26438,Spelter,WV,yes
26525,Bruceton Mills,WV,yes
26568,Enterprise,WV,yes
26574,Grant Town,WV,yes
26575,Hundred,WV,yes
26588,Rivesville,WV,yes
27007,Ararat,NC,yes
27016,Danbury,NC,yes
27017,Dobson,NC,yes
27022,Lawsonville,NC,yes
27024,Lowgap,NC,yes
27030,Mount Airy,NC,yes
27041,Pilot Mountain,NC,yes
27046,Sandy Ridge,NC,yes
27047,Siloam,NC,yes
27048,Stoneville,NC,yes
27053,Westfield,NC,yes
27288,Eden,NC,yes
27311,Pelham,NC,yes
27315,Providence,NC,yes
27326,Ruffin,NC,yes
27343,Semora,NC,yes
27379,Yanceyville,NC,yes
27551,Macon,NC,yes
27806,Aurora,NC,yes
27808,Bath,NC,yes
27810,Belhaven,NC,yes
27817,Chocowinity,NC,yes
27818,Como,NC,yes
27825,Everetts,NC,yes
27840,Hamilton,NC,yes
27841,Hassell,NC,yes
27843,Hobgood,NC,yes
27846,Jamesville,NC,yes
27850,Littleton,NC,yes
27857,Oak City,NC,yes
27860,Pantego,NC,yes
27861,Parmele,NC,yes
27865,Pinetown,NC,yes
27871,Robersonville,NC,yes
27892,Williamston,NC,yes
27909,Elizabeth City,NC,yes
27917,Barco,NC,yes
27921,Camden,NC,yes
27923,Coinjock,NC,yes
27926,Corapeake,NC,yes
27929,Currituck,NC,yes
27950,Knotts Island,NC,yes
27956,Maple,NC,yes
27958,Moyock,NC,yes
27973,Shawboro,NC,yes
27976,South Mills,NC,yes
27979,Sunbury,NC,yes
28320,Bladenboro,NC,yes
28330,Cordova,NC,yes
28332,Dublin,NC,yes
28392,Tar Heel,NC,yes
28438,Evergreen,NC,yes
28512,Atlantic Beach,NC,yes
28516,Beaufort,NC,yes
28532,Havelock,NC,yes
28537,Hobucken,NC,yes
28552,Lowland,NC,yes
28557,Morehead City,NC,yes
28570,Newport,NC,yes
28575,Salter Path,NC,yes
28587,Vandemere,NC,yes
28605,Blowing Rock,NC,yes
28606,Boomer,NC,yes
28607,Boone,NC,yes
28611,Collettsville,NC,yes
28616,Crossnore,NC,yes
28618,Deep Gap,NC,yes
28621,Elkin,NC,yes
28623,Ennice,NC,yes
28624,Ferguson,NC,yes
28627,Glade Valley,NC,yes
28629,Glendale Springs,NC,yes
28635,Hays,NC,yes
28651,Millers Creek,NC,yes
28662,Pineola,NC,yes
28665,Purlear,NC,yes
28668,Roaring Gap,NC,yes
28675,Sparta,NC,yes
28676,State Road,NC,yes
28679,Sugar Grove,NC,yes
28683,Thurmond,NC,yes
28685,Traphill,NC,yes
28692,Vilas,NC,yes
28698,Zionville,NC,yes
28702,Almond,NC,yes
28734,Franklin,NC,yes
28763,Otto,NC,yes
29003,Bamberg,SC,yes
29010,Bishopville,SC,yes
29018,Bowman,SC,yes
29032,Cassatt,SC,yes
29048,Eutawville,SC,yes
29059,Holly Hill,SC,yes
29102,Manning,SC,yes
29113,Norway,SC,yes
29142,Santee,SC,yes
29145,Silverstreet,SC,yes
29146,Springfield,SC,yes
29150,Sumter,SC,yes
29153,Sumter,SC,yes
29163,Vance,SC,yes
29332,Cross Hill,SC,yes
29379,Union,SC,yes
29435,Cottageville,SC,yes
29453,Jamestown,SC,yes
29468,Pineville,SC,yes
29474,Round O,SC,yes
29479,Saint Stephen,SC,yes
29512,Bennettsville,SC,yes
29520,Cheraw,SC,yes
29525,Clio,SC,yes
29532,Darlington,SC,yes
29536,Dillon,SC,yes
29540,Darlington,SC,yes
29547,Hamer,SC,yes
29556,Kingstree,SC,yes
29564,Lane,SC,yes
29565,Latta,SC,yes
29567,Little Rock,SC,yes
29570,Mc Coll,SC,yes
29584,Patrick,SC,yes
29590,Salters,SC,yes
29593,Society Hill,SC,yes
29594,Tatum,SC,yes
29596,Wallace,SC,yes
29646,Greenwood,SC,yes
29649,Greenwood,SC,yes
29653,Hodges,SC,yes
29655,Iva,SC,yes
29659,Lowndesville,SC,yes
29809,New Ellenton,SC,yes
29817,Blackville,SC,yes
29821,Clarks Hill,SC,yes
29826,Elko,SC,yes
29831,Jackson,SC,yes
29838,Modoc,SC,yes
29844,Parksville,SC,yes
29845,Plum Branch,SC,yes
29853,Williston,SC,yes
29902,Beaufort,SC,yes
29904,Beaufort,SC,yes
29906,Beaufort,SC,yes
29907,Beaufort,SC,yes
29912,Coosawhatchie,SC,yes
29926,Hilton Head Island,SC,yes
29928,Hilton Head Island,SC,yes
29934,Pineland,SC,yes
29936,Ridgeland,SC,yes
29940,Seabrook,SC,yes
29941,Sheldon,SC,yes
29943,Tillman,SC,yes
29945,Yemassee,SC,yes
30055,Mansfield,GA,yes
30056,Newborn,GA,yes
30105,Armuchee,GA,yes
30110,Bremen,GA,yes
30124,Cave Spring,GA,yes
30139,Fairmount,GA,yes
30147,Lindale,GA,yes
30149,Mount Berry,GA,yes
30173,Silver Creek,GA,yes
30175,Talking Rock,GA,yes
30176,Tallapoosa,GA,yes
30182,Waco,GA,yes
30206,Concord,GA,yes
30217,Franklin,GA,yes
30218,Gay,GA,yes
30222,Greenville,GA,yes
30223,Griffin,GA,yes
30224,Griffin,GA,yes
30230,Hogansville,GA,yes
30233,Jackson,GA,yes
30234,Jenkinsburg,GA,yes
30240,Lagrange,GA,yes
30241,Lagrange,GA,yes
30251,Luthersville,GA,yes
30256,Meansville,GA,yes
30258,Molena,GA,yes
30259,Moreland,GA,yes
30275,Sargent,GA,yes
30285,The Rock,GA,yes
30286,Thomaston,GA,yes
30292,Williamson,GA,yes
30293,Woodbury,GA,yes
30427,Glennville,GA,yes
30450,Portal,GA,yes
30451,Pulaski,GA,yes
30456,Sardis,GA,yes
30512,Blairsville,GA,yes
30513,Blue Ridge,GA,yes
30520,Canon,GA,yes
30538,Eastanollee,GA,yes
30545,Helen,GA,yes
30546,Hiawassee,GA,yes
30552,Lakemont,GA,yes
30553,Lavonia,GA,yes
30557,Martin,GA,yes
30559,Mineral Bluff,GA,yes
30560,Morganton,GA,yes
30563,Mount Airy,GA,yes
30571,Sautee Nacoochee,GA,yes
30572,Suches,GA,yes
30573,Tallulah Falls,GA,yes
30576,Tiger,GA,yes
30577,Toccoa,GA,yes
30581,Wiley,GA,yes
30582,Young Harris,GA,yes
30619,Arnoldsville,GA,yes
30623,Bostwick,GA,yes
30625,Buckhead,GA,yes
30629,Comer,GA,yes
30630,Crawford,GA,yes
30643,Hartwell,GA,yes
30650,Madison,GA,yes
30662,Royston,GA,yes
30663,Rutledge,GA,yes
30701,Calhoun,GA,yes
30705,Chatsworth,GA,yes
30707,Chickamauga,GA,yes
30708,Cisco,GA,yes
30711,Crandall,GA,yes
30720,Dalton,GA,yes
30721,Dalton,GA,yes
30725,Flintstone,GA,yes
30728,La Fayette,GA,yes
30730,Lyerly,GA,yes
30731,Menlo,GA,yes
30733,Plainville,GA,yes
30735,Resaca,GA,yes
30738,Rising Fawn,GA,yes
30739,Rock Spring,GA,yes
30740,Rocky Face,GA,yes
30741,Rossville,GA,yes
30746,Sugar Valley,GA,yes
30747,Summerville,GA,yes
30750,Lookout Mountain,GA,yes
30751,Tennga,GA,yes
30752,Trenton,GA,yes
30755,Tunnel Hill,GA,yes
30757,Wildwood,GA,yes
30807,Camak,GA,yes
30808,Dearing,GA,yes
30817,Lincolnton,GA,yes
30821,Norwood,GA,yes
30823,Stapleton,GA,yes
30824,Thomson,GA,yes
30828,Warrenton,GA,yes
31008,Byron,GA,yes
31028,Centerville,GA,yes
31029,Forsyth,GA,yes
31046,Juliette,GA,yes
31052,Lizella,GA,yes
31064,Monticello,GA,yes
31085,Shady Dale,GA,yes
31088,Warner Robins,GA,yes
31093,Warner Robins,GA,yes
31098,Warner Robins,GA,yes
31201,Macon,GA,yes
31204,Macon,GA,yes
31206,Macon,GA,yes
31207,Macon,GA,yes
31210,Macon,GA,yes
31211,Macon,GA,yes
31213,Macon,GA,yes
31216,Macon,GA,yes
31217,Macon,GA,yes
31220,Macon,GA,yes
31304,Crescent,GA,yes
31327,Sapelo Island,GA,yes
31816,Manchester,GA,yes
31830,Warm Springs,GA,yes
31833,West Point,GA,yes
32046,Hilliard,FL,yes
32063,Macclenny,FL,yes
32501,Pensacola,FL,yes
32502,Pensacola,FL,yes
32503,Pensacola,FL,yes
32504,Pensacola,FL,yes
32505,Pensacola,FL,yes
32506,Pensacola,FL,yes
32507,Pensacola,FL,yes
32508,Pensacola,FL,yes
32509,Pensacola,FL,yes
32511,Pensacola,FL,yes
32514,Pensacola,FL,yes
32526,Pensacola,FL,yes
32530,Bagdad,FL,yes
32533,Cantonment,FL,yes
32534,Pensacola,FL,yes
32544,Hurlburt Field,FL,yes
32547,Fort Walton Beach,FL,yes
32548,Fort Walton Beach,FL,yes
32561,Gulf Breeze,FL,yes
32563,Gulf Breeze,FL,yes
32564,Holt,FL,yes
32565,Jay,FL,yes
32566,Navarre,FL,yes
32569,Mary Esther,FL,yes
32570,Milton,FL,yes
32571,Milton,FL,yes
32577,Molino,FL,yes
32579,Shalimar,FL,yes
32583,Milton,FL,yes
32625,Cedar Key,FL,yes
32683,Otter Creek,FL,yes
33037,Key Largo,FL,yes
35005,Adamsville,AL,yes
35006,Adger,AL,yes
35010,Alexander City,AL,yes
35013,Allgood,AL,yes
35014,Alpine,AL,yes
35016,Arab,AL,yes
35020,Bessemer,AL,yes
35022,Bessemer,AL,yes
35023,Bessemer,AL,yes
35031,Blountsville,AL,yes
35032,Bon Air,AL,yes
35033,Bremen,AL,yes
35035,Brierfield,AL,yes
35036,Brookside,AL,yes
35042,Centreville,AL,yes
35044,Childersburg,AL,yes
35045,Clanton,AL,yes
35046,Clanton,AL,yes
35049,Cleveland,AL,yes
35052,Cook Springs,AL,yes
35053,Crane Hill,AL,yes
35054,Cropwell,AL,yes
35055,Cullman,AL,yes
35057,Cullman,AL,yes
35058,Cullman,AL,yes
35060,Docena,AL,yes
35061,Dolomite,AL,yes
35062,Dora,AL,yes
35064,Fairfield,AL,yes
35068,Fultondale,AL,yes
35070,Garden City,AL,yes
35072,Goodwater,AL,yes
35073,Graysville,AL,yes
35074,Green Pond,AL,yes
35077,Hanceville,AL,yes
35078,Harpersville,AL,yes
35079,Hayden,AL,yes
35082,Hollins,AL,yes
35083,Holly Pond,AL,yes
35085,Jemison,AL,yes
35087,Joppa,AL,yes
35089,Kellyton,AL,yes
35097,Locust Fork,AL,yes
35111,Mc Calla,AL,yes
35118,Mulga,AL,yes
35121,Oneonta,AL,yes
35127,Pleasant Grove,AL,yes
35130,Quinton,AL,yes
35131,Ragland,AL,yes
35133,Remlap,AL,yes
35135,Riverside,AL,yes
35136,Rockford,AL,yes
35139,Sayre,AL,yes
35148,Sumiton,AL,yes
35149,Sycamore,AL,yes
35150,Sylacauga,AL,yes
35151,Sylacauga,AL,yes
35171,Thorsby,AL,yes
35175,Union Grove,AL,yes
35178,Vincent,AL,yes
35183,Weogufka,AL,yes
35184,West Blocton,AL,yes
35186,Wilsonville,AL,yes
35187,Wilton,AL,yes
35401,Tuscaloosa,AL,yes
35405,Tuscaloosa,AL,yes
35456,Duncanville,AL,yes
35473,Northport,AL,yes
35475,Northport,AL,yes
35476,Northport,AL,yes
35504,Jasper,AL,yes
35541,Arley,AL,yes
35550,Cordova,AL,yes
35572,Houston,AL,yes
35579,Oakman,AL,yes
35580,Parrish,AL,yes
35584,Sipsey,AL,yes
35620,Elkmont,AL,yes
35621,Eva,AL,yes
35649,Mooresville,AL,yes
35671,Tanner,AL,yes
35739,Ardmore,AL,yes
35745,Estillfork,AL,yes
35747,Grant,AL,yes
35748,Gurley,AL,yes
35751,Hollytree,AL,yes
35754,Laceys Spring,AL,yes
35760,New Hope,AL,yes
35766,Princeton,AL,yes
35775,Valhermoso Springs,AL,yes
35776,Woodville,AL,yes
35903,Gadsden,AL,yes
35904,Gadsden,AL,yes
35905,Gadsden,AL,yes
35907,Gadsden,AL,yes
35950,Albertville,AL,yes
35951,Albertville,AL,yes
35952,Altoona,AL,yes
35954,Attalla,AL,yes
35956,Boaz,AL,yes
35957,Boaz,AL,yes
35960,Centre,AL,yes
35961,Collinsville,AL,yes
35962,Crossville,AL,yes
35972,Gallant,AL,yes
35974,Geraldine,AL,yes
35976,Guntersville,AL,yes
35983,Leesburg,AL,yes
35989,Valley Head,AL,yes
35990,Walnut Grove,AL,yes
36026,Equality,AL,yes
36080,Titus,AL,yes
36203,Oxford,AL,yes
36251,Ashland,AL,yes
36260,Eastaboga,AL,yes
36265,Jacksonville,AL,yes
36268,Munford,AL,yes
36271,Ohatchee,AL,yes
36272,Piedmont,AL,yes
36276,Wadley,AL,yes
36277,Weaver,AL,yes
36278,Wedowee,AL,yes
36279,Wellington,AL,yes
36792,Randolph,AL,yes
36850,Camp Hill,AL,yes
37061,Erin,TN,yes
37101,Mc Ewen,TN,yes
37140,Only,TN,yes
37301,Altamont,TN,yes
37303,Athens,TN,yes
37305,Beersheba Springs,TN,yes
37308,Birchwood,TN,yes
37310,Charleston,TN,yes
37313,Coalmont,TN,yes
37318,Cowan,TN,yes
37324,Decherd,TN,yes
37327,Dunlap,TN,yes
37328,Elora,TN,yes
37329,Englewood,TN,yes
37330,Estill Springs,TN,yes
37331,Etowah,TN,yes
37332,Evensville,TN,yes
37334,Fayetteville,TN,yes
37335,Flintville,TN,yes
37336,Georgetown,TN,yes
37337,Grandview,TN,yes
37338,Graysville,TN,yes
37339,Gruetli Laager,TN,yes
37340,Guild,TN,yes
37342,Hillsboro,TN,yes
37345,Huntland,TN,yes
37348,Kelso,TN,yes
37355,Manchester,TN,yes
37356,Monteagle,TN,yes
37361,Ocoee,TN,yes
37362,Old Fort,TN,yes
37365,Palmer,TN,yes
37366,Pelham,TN,yes
37367,Pikeville,TN,yes
37370,Riceville,TN,yes
37373,Sale Creek,TN,yes
37374,Sequatchie,TN,yes
37380,South Pittsburg,TN,yes
37381,Spring City,TN,yes
37385,Tellico Plains,TN,yes
37387,Tracy City,TN,yes
37388,Tullahoma,TN,yes
37394,Viola,TN,yes
37396,Whiteside,TN,yes
37398,Winchester,TN,yes
37640,Butler,TN,yes
37642,Church Hill,TN,yes
37645,Mount Carmel,TN,yes
37680,Laurel Bloomery,TN,yes
37683,Mountain City,TN,yes
37688,Shady Valley,TN,yes
37691,Trade,TN,yes
37708,Bean Station,TN,yes
37711,Bulls Gap,TN,yes
37765,Kyles Ford,TN,yes
37811,Mooresburg,TN,yes
37818,Mosheim,TN,yes
37826,Niota,TN,yes
37841,Oneida,TN,yes
37857,Rogersville,TN,yes
37869,Sneedville,TN,yes
37873,Surgoinsville,TN,yes
37881,Thorn Hill,TN,yes
37892,Winfield,TN,yes
38002,Arlington,TN,yes
38004,Atoka,TN,yes
38011,Brighton,TN,yes
38012,Brownsville,TN,yes
38016,Cordova,TN,yes
38017,Collierville,TN,yes
38018,Cordova,TN,yes
38019,Covington,TN,yes
38023,Drummonds,TN,yes
38028,Eads,TN,yes
38029,Ellendale,TN,yes
38036,Gallaway,TN,yes
38046,La Grange,TN,yes
38049,Mason,TN,yes
38053,Millington,TN,yes
38054,Millington,TN,yes
38057,Moscow,TN,yes
38058,Munford,TN,yes
38060,Oakland,TN,yes
38066,Rossville,TN,yes
38068,Somerville,TN,yes
38069,Stanton,TN,yes
38076,Williston,TN,yes
38103,Memphis,TN,yes
38104,Memphis,TN,yes
38105,Memphis,TN,yes
38106,Memphis,TN,yes
38107,Memphis,TN,yes
38108,Memphis,TN,yes
38109,Memphis,TN,yes
38111,Memphis,TN,yes
38112,Memphis,TN,yes
38114,Memphis,TN,yes
38115,Memphis,TN,yes
38116,Memphis,TN,yes
38117,Memphis,TN,yes
38118,Memphis,TN,yes
38119,Memphis,TN,yes
38120,Memphis,TN,yes
38122,Memphis,TN,yes
38125,Memphis,TN,yes
38126,Memphis,TN,yes
38127,Memphis,TN,yes
38128,Memphis,TN,yes
38131,Memphis,TN,yes
38132,Memphis,TN,yes
38133,Memphis,TN,yes
38134,Memphis,TN,yes
38135,Memphis,TN,yes
38138,Germantown,TN,yes
38139,Germantown,TN,yes
38141,Memphis,TN,yes
38152,Memphis,TN,yes
38459,Frankewing,TN,yes
38464,Lawrenceburg,TN,yes
38551,Celina,TN,yes
38578,Pleasant Hill,TN,yes
38585,Spencer,TN,yes
38589,Wilder,TN,yes
38611,Byhalia,MS,yes
38618,Coldwater,MS,yes
38632,Hernando,MS,yes
38635,Holly Springs,MS,yes
38637,Horn Lake,MS,yes
38641,Lake Cormorant,MS,yes
38642,Lamar,MS,yes
38651,Nesbit,MS,yes
38654,Olive Branch,MS,yes
38661,Red Banks,MS,yes
38668,Senatobia,MS,yes
38671,Southaven,MS,yes
38672,Southaven,MS,yes
38680,Walls,MS,yes
39426,Carriere,MS,yes
39501,Gulfport,MS,yes
39503,Gulfport,MS,yes
39507,Gulfport,MS,yes
39530,Biloxi,MS,yes
39531,Biloxi,MS,yes
39532,Biloxi,MS,yes
39534,Biloxi,MS,yes
39540,Diberville,MS,yes
40006,Bedford,KY,yes
40037,Loretto,KY,yes
40045,Milton,KY,yes
40049,Nerinx,KY,yes
40052,New Hope,KY,yes
40062,Saint Francis,KY,yes
40108,Brandenburg,KY,yes
40111,Cloverport,KY,yes
40115,Custer,KY,yes
40117,Ekron,KY,yes
40140,Garfield,KY,yes
40143,Hardinsburg,KY,yes
40144,Harned,KY,yes
40145,Hudson,KY,yes
40146,Irvington,KY,yes
40178,Westview,KY,yes
40328,Gravel Switch,KY,yes
40334,Hope,KY,yes
40363,Perry Park,KY,yes
40371,Salt Lick,KY,yes
40437,Hustonville,KY,yes
41049,Hillsboro,KY,yes
42124,Beaumont,KY,yes
42127,Cave City,KY,yes
42129,Edmonton,KY,yes
42130,Eighty Eight,KY,yes
42141,Glasgow,KY,yes
42154,Knob Lick,KY,yes
42157,Mount Hermon,KY,yes
42160,Park City,KY,yes
42163,Rocky Hill,KY,yes
42166,Summer Shade,KY,yes
42214,Center,KY,yes
42215,Cerulean,KY,yes
42223,Fort Campbell,KY,yes
42232,Gracey,KY,yes
42236,Herndon,KY,yes
42254,La Fayette,KY,yes
42301,Owensboro,KY,yes
42303,Owensboro,KY,yes
42325,Bremen,KY,yes
42343,Fordsville,KY,yes
42344,Graham,KY,yes
42368,Reynolds Station,KY,yes
42376,Utica,KY,yes
42420,Henderson,KY,yes
42431,Madisonville,KY,yes
42440,Mortons Gap,KY,yes
42451,Reed,KY,yes
42458,Spottsville,KY,yes
42602,Albany,KY,yes
42603,Alpha,KY,yes
42715,Breeding,KY,yes
42716,Buffalo,KY,yes
42717,Burkesville,KY,yes
42724,Cecilia,KY,yes
42732,Eastview,KY,yes
42740,Glendale,KY,yes
42748,Hodgenville,KY,yes
42749,Horse Cave,KY,yes
42764,Mount Sherman,KY,yes
43070,Rosewood,OH,yes
43072,Saint Paris,OH,yes
43111,Carbon Hill,OH,yes
43115,Clarksburg,OH,yes
43127,Haydenville,OH,yes
43144,Murray City,OH,yes
43152,South Bloomingville,OH,yes
43158,Union Furnace,OH,yes
43326,Kenton,OH,yes
43340,Mount Victory,OH,yes
43345,Ridgeway,OH,yes
43359,Wharton,OH,yes
43521,Fayette,OH,yes
43522,Grand Rapids,OH,yes
43523,Grelton,OH,yes
43532,Liberty Center,OH,yes
43534,Mc Clure,OH,yes
43535,Malinta,OH,yes
43545,Napoleon,OH,yes
43569,Weston,OH,yes
43713,Barnesville,OH,yes
43716,Beallsville,OH,yes
43718,Belmont,OH,yes
43719,Bethesda,OH,yes
43720,Blue Rock,OH,yes
43723,Byesville,OH,yes
43728,Chesterhill,OH,yes
43730,Corning,OH,yes
43731,Crooksville,OH,yes
43736,Fairview,OH,yes
43747,Jerusalem,OH,yes
43750,Kipling,OH,yes
43754,Lewisville,OH,yes
43756,Mcconnelsville,OH,yes
43758,Malta,OH,yes
43759,Morristown,OH,yes
43761,Moxahala,OH,yes
43768,Old Washington,OH,yes
43771,Philo,OH,yes
43782,Shawnee,OH,yes
43786,Stafford,OH,yes
43787,Stockport,OH,yes
43793,Woodsfield,OH,yes
43914,Cameron,OH,yes
43915,Clarington,OH,yes
43931,Hannibal,OH,yes
43942,Powhatan Point,OH,yes
43951,Lafferty,OH,yes
43967,Warnock,OH,yes
43972,Bannock,OH,yes
43977,Flushing,OH,yes
43985,Holloway,OH,yes
45144,Manchester,OH,yes
45359,Pleasant Hill,OH,yes
45601,Chillicothe,OH,yes
45612,Bainbridge,OH,yes
45617,Bourneville,OH,yes
45618,Cherry Fork,OH,yes
45622,Creola,OH,yes
45654,New Plymouth,OH,yes
45671,Rarden,OH,yes
45679,Seaman,OH,yes
45681,South Salem,OH,yes
45698,Zaleski,OH,yes
45701,Athens,OH,yes
45710,Albany,OH,yes
45711,Amesville,OH,yes
45714,Belpre,OH,yes
45715,Beverly,OH,yes
45716,Buchtel,OH,yes
45719,Chauncey,OH,yes
45721,Coal Run,OH,yes
45723,Coolville,OH,yes
45724,Cutler,OH,yes
45727,Dexter City,OH,yes
45729,Fleming,OH,yes
45732,Glouster,OH,yes
45735,Guysville,OH,yes
45740,Jacksonville,OH,yes
45742,Little Hocking,OH,yes
45743,Long Bottom,OH,yes
45744,Lowell,OH,yes
45745,Lower Salem,OH,yes
45746,Macksburg,OH,yes
45750,Marietta,OH,yes
45761,Millfield,OH,yes
45764,Nelsonville,OH,yes
45766,New Marshfield,OH,yes
45768,Newport,OH,yes
45772,Reedsville,OH,yes
45773,Reno,OH,yes
45776,Shade,OH,yes
45778,Stewart,OH,yes
45780,The Plains,OH,yes
45782,Trimble,OH,yes
45784,Vincent,OH,yes
45786,Waterford,OH,yes
45787,Watertown,OH,yes
45788,Whipple,OH,yes
45789,Wingett Run,OH,yes
45814,Arlington,OH,yes
45841,Jenera,OH,yes
45867,Mount Blanchard,OH,yes
45897,Williamstown,OH,yes
46303,Cedar Lake,IN,yes
46307,Crown Point,IN,yes
46311,Dyer,IN,yes
46341,Hebron,IN,yes
46342,Hobart,IN,yes
46356,Lowell,IN,yes
46360,Michigan City,IN,yes
46365,Mill Creek,IN,yes
46366,North Judson,IN,yes
46373,Saint John,IN,yes
46374,San Pierre,IN,yes
46375,Schererville,IN,yes
46391,Westville,IN,yes
46402,Gary,IN,yes
46403,Gary,IN,yes
46404,Gary,IN,yes
46405,Lake Station,IN,yes
46406,Gary,IN,yes
46407,Gary,IN,yes
46408,Gary,IN,yes
46409,Gary,IN,yes
46410,Merrillville,IN,yes
46502,Atwood,IN,yes
46504,Bourbon,IN,yes
46506,Bremen,IN,yes
46508,Burket,IN,yes
46511,Culver,IN,yes
46531,Grovertown,IN,yes
46532,Hamlet,IN,yes
46536,Lakeville,IN,yes
46537,Lapaz,IN,yes
46554,North Liberty,IN,yes
46556,Notre Dame,IN,yes
46563,Plymouth,IN,yes
46573,Wakarusa,IN,yes
46574,Walkerton,IN,yes
46601,South Bend,IN,yes
46613,South Bend,IN,yes
46614,South Bend,IN,yes
46615,South Bend,IN,yes
46616,South Bend,IN,yes
46617,South Bend,IN,yes
46619,South Bend,IN,yes
46628,South Bend,IN,yes
46635,South Bend,IN,yes
46637,South Bend,IN,yes
46771,Mongo,IN,yes
46786,South Milford,IN,yes
46911,Amboy,IN,yes
46914,Bunker Hill,IN,yes
46919,Converse,IN,yes
46930,Fowlerton,IN,yes
46932,Galveston,IN,yes
46938,Jonesboro,IN,yes
46939,Kewanna,IN,yes
46951,Macy,IN,yes
46957,Matthews,IN,yes
46959,Miami,IN,yes
46970,Peru,IN,yes
46974,Roann,IN,yes
46982,Silver Lake,IN,yes
46984,Somerset,IN,yes
46987,Sweetser,IN,yes
46991,Van Buren,IN,yes
46994,Walton,IN,yes
46998,Young America,IN,yes
47104,Bethlehem,IN,yes
47114,Crandall,IN,yes
47126,Henryville,IN,yes
47147,Nabb,IN,yes
47161,New Salisbury,IN,yes
47162,New Washington,IN,yes
47232,Elizabethtown,IN,yes
47265,North Vernon,IN,yes
47273,Scipio,IN,yes
47327,Cambridge City,IN,yes
47335,Dublin,IN,yes
47336,Dunkirk,IN,yes
47339,Economy,IN,yes
47355,Lynn,IN,yes
47359,Montpelier,IN,yes
47368,Parker City,IN,yes
47458,Smithville,IN,yes
47459,Solsberry,IN,yes
47901,Lafayette,IN,yes
47904,Lafayette,IN,yes
47905,Lafayette,IN,yes
47906,West Lafayette,IN,yes
47907,West Lafayette,IN,yes
47909,Lafayette,IN,yes
47916,Alamo,IN,yes
47941,Dayton,IN,yes
47967,New Richmond,IN,yes
47981,Romney,IN,yes
47992,Westpoint,IN,yes
48001,Algonac,MI,yes
48023,Fair Haven,MI,yes
48028,Harsens Island,MI,yes
48039,Marine City,MI,yes
48041,Memphis,MI,yes
48054,East China,MI,yes
48063,Columbus,MI,yes
48064,Casco,MI,yes
48079,Saint Clair,MI,yes
48202,Detroit,MI,yes
48211,Detroit,MI,yes
48801,Alma,MI,yes
48817,Corunna,MI,yes
48853,Maple Rapids,MI,yes
49107,Buchanan,MI,yes
49115,Harbert,MI,yes
49119,New Troy,MI,yes
49120,Niles,MI,yes
49125,Sawyer,MI,yes
49227,Allen,MI,yes
49256,Morenci,MI,yes
49288,Waldron,MI,yes
49312,Brohman,MI,yes
49346,Stanwood,MI,yes
49420,Hart,MI,yes
49436,Mears,MI,yes
49446,New Era,MI,yes
49449,Pentwater,MI,yes
49455,Shelby,MI,yes
49459,Walkerville,MI,yes
50055,Collins,IA,yes
50057,Columbia,IA,yes
50062,Melcher Dallas,IA,yes
50064,Dana,IA,yes
50105,Gilbert,IA,yes
50119,Harvey,IA,yes
50128,Jamaica,IA,yes
50138,Knoxville,IA,yes
50139,Lacona,IA,yes
50163,Melcher Dallas,IA,yes
50166,Milo,IA,yes
50201,Nevada,IA,yes
50210,New Virginia,IA,yes
50216,Panora,IA,yes
50219,Pella,IA,yes
50222,Peru,IA,yes
50223,Pilot Mound,IA,yes
50231,Randall,IA,yes
50235,Rippey,IA,yes
50236,Roland,IA,yes
50246,Stanhope,IA,yes
50248,Story City,IA,yes
50249,Stratford,IA,yes
50251,Sully,IA,yes
50257,Truro,IA,yes
50277,Yale,IA,yes
52216,Clarence,IA,yes
52255,Lowden,IA,yes
52337,Stanwood,IA,yes
52358,West Branch,IA,yes
52646,Oakville,IA,yes
52720,Atalissa,IA,yes
52721,Bennett,IA,yes
52730,Camanche,IA,yes
52732,Clinton,IA,yes
52750,Goose Lake,IA,yes
52757,Low Moor,IA,yes
52760,Moscow,IA,yes
52761,Muscatine,IA,yes
52772,Tipton,IA,yes
52774,Welton,IA,yes
52777,Wheatland,IA,yes
52778,Wilton,IA,yes
53504,Argyle,WI,yes
53516,Blanchardville,WI,yes
53544,Hollandale,WI,yes
53582,Ridgeway,WI,yes
53588,Spring Green,WI,yes
53931,Fairwater,WI,yes
53939,Kingston,WI,yes
53954,Pardeeville,WI,yes
53960,Rio,WI,yes
54112,Coleman,WI,yes
54124,Gillett,WI,yes
54135,Keshena,WI,yes
54139,Lena,WI,yes
54153,Oconto,WI,yes
54154,Oconto Falls,WI,yes
54161,Pound,WI,yes
54174,Suring,WI,yes
54235,Sturgeon Bay,WI,yes
54601,La Crosse,WI,yes
54603,La Crosse,WI,yes
54611,Alma Center,WI,yes
54612,Arcadia,WI,yes
54616,Blair,WI,yes
54625,Dodge,WI,yes
54627,Ettrick,WI,yes
54630,Galesville,WI,yes
54635,Hixton,WI,yes
54650,Onalaska,WI,yes
54659,Taylor,WI,yes
54661,Trempealeau,WI,yes
54725,Boyceville,WI,yes
54730,Colfax,WI,yes
54739,Elk Mound,WI,yes
54742,Fall Creek,WI,yes
54747,Independence,WI,yes
54758,Osseo,WI,yes
54760,Pigeon Falls,WI,yes
54762,Prairie Farm,WI,yes
54772,Wheeler,WI,yes
54773,Whitehall,WI,yes
54921,Bancroft,WI,yes
54946,King,WI,yes
54949,Manawa,WI,yes
54950,Marion,WI,yes
54962,Ogdensburg,WI,yes
54964,Pickett,WI,yes
54971,Ripon,WI,yes
54974,Rosendale,WI,yes
54979,Van Dyne,WI,yes
55063,Pine City,MN,yes
55310,Bird Island,MN,yes
55333,Franklin,MN,yes
55342,Hector,MN,yes
55909,Adams,MN,yes
55912,Austin,MN,yes
55917,Blooming Prairie,MN,yes
55918,Brownsdale,MN,yes
55925,Dakota,MN,yes
55926,Dexter,MN,yes
55933,Elkton,MN,yes
55936,Grand Meadow,MN,yes
55939,Harmony,MN,yes
55943,Houston,MN,yes
55949,Lanesboro,MN,yes
55950,Lansing,MN,yes
55953,Lyle,MN,yes
55962,Peterson,MN,yes
55965,Preston,MN,yes
55967,Racine,MN,yes
55970,Rose Creek,MN,yes
55971,Rushford,MN,yes
55973,Sargeant,MN,yes
55977,Taopi,MN,yes
55982,Waltham,MN,yes
55987,Winona,MN,yes
56007,Albert Lea,MN,yes
56009,Alden,MN,yes
56014,Bricelyn,MN,yes
56020,Conger,MN,yes
56022,Darfur,MN,yes
56023,Delavan,MN,yes
56025,Easton,MN,yes
56032,Freeborn,MN,yes
56035,Geneva,MN,yes
56042,Hartland,MN,yes
56045,Hollandale,MN,yes
56051,Kiester,MN,yes
56056,La Salle,MN,yes
56060,Lewisville,MN,yes
56062,Madelia,MN,yes
56068,Minnesota Lake,MN,yes
56097,Wells,MN,yes
56098,Winnebago,MN,yes
56120,Butterfield,MN,yes
56162,Ormsby,MN,yes
56253,Lake Lillian,MN,yes
56307,Albany,MN,yes
56314,Bowlus,MN,yes
56338,Hillman,MN,yes
56340,Holdingford,MN,yes
56342,Isle,MN,yes
56359,Onamia,MN,yes
56362,Paynesville,MN,yes
56364,Pierz,MN,yes
56371,Roscoe,MN,yes
56376,Saint Martin,MN,yes
56386,Wahkon,MN,yes
60129,Esmond,IL,yes
60146,Kirkland,IL,yes
60150,Malta,IL,yes
60401,Beecher,IL,yes
60408,Braidwood,IL,yes
60416,Coal City,IL,yes
60468,Peotone,IL,yes
60481,Wilmington,IL,yes
60518,Earlville,IL,yes
60549,Serena,IL,yes
60940,Grant Park,IL,yes
60950,Manteno,IL,yes
60958,Pembroke Township,IL,yes
61011,Caledonia,IL,yes
61015,Chana,IL,yes
61016,Cherry Valley,IL,yes
61020,Davis Junction,IL,yes
61043,Holcomb,IL,yes
61049,Lindenwood,IL,yes
61052,Monroe Center,IL,yes
61065,Poplar Grove,IL,yes
61084,Stillman Valley,IL,yes
61101,Rockford,IL,yes
61102,Rockford,IL,yes
61103,Rockford,IL,yes
61104,Rockford,IL,yes
61107,Rockford,IL,yes
61108,Rockford,IL,yes
61109,Rockford,IL,yes
61111,Loves Park,IL,yes
61112,Rockford,IL,yes
61114,Rockford,IL,yes
61115,Machesney Park,IL,yes
61230,Albany,IL,yes
61250,Erie,IL,yes
61251,Fenton,IL,yes
61252,Fulton,IL,yes
61258,Hooppole,IL,yes
61272,New Boston,IL,yes
61277,Prophetstown,IL,yes
61401,Galesburg,IL,yes
61423,Cameron,IL,yes
61428,Dahinda,IL,yes
61430,East Galesburg,IL,yes
61435,Gerlaw,IL,yes
61439,Henderson,IL,yes
61442,Keithsburg,IL,yes
61448,Knoxville,IL,yes
61449,La Fayette,IL,yes
61462,Monmouth,IL,yes
61467,Oneida,IL,yes
61469,Oquawka,IL,yes
61483,Toulon,IL,yes
61485,Victoria,IL,yes
61488,Wataga,IL,yes
62001,Alhambra,IL,yes
62010,Bethalto,IL,yes
62012,Brighton,IL,yes
62013,Brussels,IL,yes
62018,Cottage Hills,IL,yes
62021,Dorsey,IL,yes
62022,Dow,IL,yes
62024,East Alton,IL,yes
62027,Eldred,IL,yes
62028,Elsah,IL,yes
62031,Fieldon,IL,yes
62035,Godfrey,IL,yes
62037,Grafton,IL,yes
62045,Hamburg,IL,yes
62046,Hamel,IL,yes
62048,Hartford,IL,yes
62053,Kampsville,IL,yes
62058,Livingston,IL,yes
62059,Lovejoy,IL,yes
62060,Madison,IL,yes
62061,Marine,IL,yes
62067,Moro,IL,yes
62070,Mozier,IL,yes
62084,Roxana,IL,yes
62087,South Roxana,IL,yes
62090,Venice,IL,yes
62095,Wood River,IL,yes
62097,Worden,IL,yes
62201,East Saint Louis,IL,yes
62203,East Saint Louis,IL,yes
62204,East Saint Louis,IL,yes
62205,East Saint Louis,IL,yes
62206,East Saint Louis,IL,yes
62207,East Saint Louis,IL,yes
62240,East Carondelet,IL,yes
62248,Hecker,IL,yes
62249,Highland,IL,yes
62255,Lenzburg,IL,yes
62257,Marissa,IL,yes
62264,New Athens,IL,yes
62281,Saint Jacob,IL,yes
62282,Saint Libory,IL,yes
62295,Valmeyer,IL,yes
62298,Waterloo,IL,yes
63020,De Soto,MO,yes
63030,Fletcher,MO,yes
63037,Gerald,MO,yes
63047,Hematite,MO,yes
63061,Luebbering,MO,yes
63079,Stanton,MO,yes
63080,Sullivan,MO,yes
63330,Annada,MO,yes
63349,Hawk Point,MO,yes
63377,Silex,MO,yes
63381,Truxton,MO,yes
63387,Whiteside,MO,yes
63627,Bloomsdale,MO,yes
64020,Concordia,MO,yes
64093,Warrensburg,MO,yes
64429,Cameron,MO,yes
64443,Easton,MO,yes
64490,Stewartsville,MO,yes
64501,Saint Joseph,MO,yes
64503,Saint Joseph,MO,yes
64504,Saint Joseph,MO,yes
64505,Saint Joseph,MO,yes
64506,Saint Joseph,MO,yes
64507,Saint Joseph,MO,yes
64624,Braymer,MO,yes
64722,Amoret,MO,yes
64854,Noel,MO,yes
64856,Pineville,MO,yes
65603,Arcola,MO,yes
65608,Ava,MO,yes
65611,Blue Eye,MO,yes
65614,Bradleyville,MO,yes
65616,Branson,MO,yes
65624,Cape Fair,MO,yes
65627,Cedarcreek,MO,yes
65640,Dunnegan,MO,yes
65641,Eagle Rock,MO,yes
65650,Flemington,MO,yes
65658,Golden,MO,yes
65662,Grovespring,MO,yes
65667,Hartville,MO,yes
65672,Hollister,MO,yes
65674,Humansville,MO,yes
65679,Kirbyville,MO,yes
65680,Kissee Mills,MO,yes
65681,Lampe,MO,yes
65682,Lockwood,MO,yes
65685,Louisburg,MO,yes
65686,Kimberling City,MO,yes
65702,Macomb,MO,yes
65704,Mansfield,MO,yes
65722,Phillipsburg,MO,yes
65723,Pierce City,MO,yes
65724,Pittsburg,MO,yes
65727,Polk,MO,yes
65730,Powell,MO,yes
65731,Powersite,MO,yes
65740,Rockaway Beach,MO,yes
65744,Rueter,MO,yes
65755,Squires,MO,yes
65759,Taneyville,MO,yes
65767,Urbana,MO,yes
65772,Washburn,MO,yes
65783,Windyville,MO,yes
65785,Stockton,MO,yes
66080,Richmond,KS,yes
66088,Valley Falls,KS,yes
66524,Overbrook,KS,yes
66840,Burns,KS,yes
66851,Florence,KS,yes
66866,Peabody,KS,yes
67012,Beaumont,KS,yes
67039,Douglass,KS,yes
67053,Goessel,KS,yes
67063,Hillsboro,KS,yes
67072,Latham,KS,yes
67073,Lehigh,KS,yes
67074,Leon,KS,yes
67110,Mulvane,KS,yes
67132,Rosalia,KS,yes
67202,Wichita,KS,yes
67203,Wichita,KS,yes
67204,Wichita,KS,yes
67205,Wichita,KS,yes
67206,Wichita,KS,yes
67207,Wichita,KS,yes
67208,Wichita,KS,yes
67209,Wichita,KS,yes
67210,Wichita,KS,yes
67211,Wichita,KS,yes
67212,Wichita,KS,yes
67213,Wichita,KS,yes
67214,Wichita,KS,yes
67215,Wichita,KS,yes
67216,Wichita,KS,yes
67217,Wichita,KS,yes
67218,Wichita,KS,yes
67219,Wichita,KS,yes
67220,Wichita,KS,yes
67223,Wichita,KS,yes
67226,Wichita,KS,yes
67227,Wichita,KS,yes
67228,Wichita,KS,yes
67230,Wichita,KS,yes
67235,Wichita,KS,yes
67260,Wichita,KS,yes
67522,Buhler,KS,yes
67543,Haven,KS,yes
67570,Pretty Prairie,KS,yes
70036,Barataria,LA,yes
70037,Belle Chasse,LA,yes
70040,Braithwaite,LA,yes
70067,Lafitte,LA,yes
70085,Saint Bernard,LA,yes
70373,Larose,LA,yes
70374,Lockport,LA,yes
70375,Mathews,LA,yes
70394,Raceland,LA,yes
70431,Bush,LA,yes
70441,Greensburg,LA,yes
70444,Kentwood,LA,yes
70452,Pearl River,LA,yes
70453,Pine Grove,LA,yes
70463,Sun,LA,yes
70464,Talisheek,LA,yes
70710,Addis,LA,yes
70719,Brusly,LA,yes
70721,Carville,LA,yes
70722,Clinton,LA,yes
70767,Port Allen,LA,yes
70776,Saint Gabriel,LA,yes
70780,Sunshine,LA,yes
72301,West Memphis,AR,yes
72364,Marion,AR,yes
72376,Proctor,AR,yes
72631,Eureka Springs,AR,yes
72632,Eureka Springs,AR,yes
72714,Bella Vista,AR,yes
72715,Bella Vista,AR,yes
72727,Elkins,AR,yes
72732,Garfield,AR,yes
72736,Gravette,AR,yes
72738,Hindsville,AR,yes
72740,Huntsville,AR,yes
72744,Lincoln,AR,yes
72747,Maysville,AR,yes
72751,Pea Ridge,AR,yes
72768,Sulphur Springs,AR,yes
72769,Summers,AR,yes
72773,Wesley,AR,yes
73003,Edmond,OK,yes
73007,Arcadia,OK,yes
73008,Bethany,OK,yes
73012,Edmond,OK,yes
73013,Edmond,OK,yes
73016,Cashion,OK,yes
73019,Norman,OK,yes
73020,Choctaw,OK,yes
73025,Edmond,OK,yes
73026,Norman,OK,yes
73034,Edmond,OK,yes
73045,Harrah,OK,yes
73049,Jones,OK,yes
73054,Luther,OK,yes
73064,Mustang,OK,yes
73065,Newcastle,OK,yes
73066,Nicoma Park,OK,yes
73069,Norman,OK,yes
73071,Norman,OK,yes
73072,Norman,OK,yes
73078,Piedmont,OK,yes
73084,Spencer,OK,yes
73089,Tuttle,OK,yes
73097,Wheatland,OK,yes
73099,Yukon,OK,yes
73102,Oklahoma City,OK,yes
73103,Oklahoma City,OK,yes
73104,Oklahoma City,OK,yes
73105,Oklahoma City,OK,yes
73106,Oklahoma City,OK,yes
73107,Oklahoma City,OK,yes
73108,Oklahoma City,OK,yes
73109,Oklahoma City,OK,yes
73110,Oklahoma City,OK,yes
73111,Oklahoma City,OK,yes
73112,Oklahoma City,OK,yes
73114,Oklahoma City,OK,yes
73115,Oklahoma City,OK,yes
73116,Oklahoma City,OK,yes
73117,Oklahoma City,OK,yes
73118,Oklahoma City,OK,yes
73119,Oklahoma City,OK,yes
73120,Oklahoma City,OK,yes
73121,Oklahoma City,OK,yes
73122,Oklahoma City,OK,yes
73127,Oklahoma City,OK,yes
73128,Oklahoma City,OK,yes
73129,Oklahoma City,OK,yes
73130,Oklahoma City,OK,yes
73131,Oklahoma City,OK,yes
73132,Oklahoma City,OK,yes
73134,Oklahoma City,OK,yes
73135,Oklahoma City,OK,yes
73139,Oklahoma City,OK,yes
73141,Oklahoma City,OK,yes
73142,Oklahoma City,OK,yes
73145,Oklahoma City,OK,yes
73149,Oklahoma City,OK,yes
73150,Oklahoma City,OK,yes
73151,Oklahoma City,OK,yes
73159,Oklahoma City,OK,yes
73160,Oklahoma City,OK,yes
73162,Oklahoma City,OK,yes
73165,Oklahoma City,OK,yes
73169,Oklahoma City,OK,yes
73170,Oklahoma City,OK,yes
73173,Oklahoma City,OK,yes
73179,Oklahoma City,OK,yes
74857,Newalla,OK,yes
75109,Corsicana,TX,yes
75110,Corsicana,TX,yes
75140,Grand Saline,TX,yes
75148,Malakoff,TX,yes
75410,Alba,TX,yes
75420,Brashear,TX,yes
75431,Como,TX,yes
75433,Cumby,TX,yes
75437,Dike,TX,yes
75438,Dodd City,TX,yes
75439,Ector,TX,yes
75440,Emory,TX,yes
75446,Honey Grove,TX,yes
75447,Ivanhoe,TX,yes
75448,Klondike,TX,yes
75449,Ladonia,TX,yes
75450,Lake Creek,TX,yes
75469,Pecan Gap,TX,yes
75471,Pickton,TX,yes
75472,Point,TX,yes
75475,Randolph,TX,yes
75476,Ravenna,TX,yes
75478,Saltillo,TX,yes
75481,Sulphur Bluff,TX,yes
75482,Sulphur Springs,TX,yes
75488,Telephone,TX,yes
75492,Windom,TX,yes
75494,Winnsboro,TX,yes
75497,Yantis,TX,yes
75701,Tyler,TX,yes
75702,Tyler,TX,yes
75703,Tyler,TX,yes
75704,Tyler,TX,yes
75705,Tyler,TX,yes
75706,Tyler,TX,yes
75707,Tyler,TX,yes
75708,Tyler,TX,yes
75709,Tyler,TX,yes
75751,Athens,TX,yes
75752,Athens,TX,yes
75754,Ben Wheeler,TX,yes
75756,Brownsboro,TX,yes
75758,Chandler,TX,yes
75762,Flint,TX,yes
75763,Frankston,TX,yes
75765,Hawkins,TX,yes
75770,Larue,TX,yes
75771,Lindale,TX,yes
75773,Mineola,TX,yes
75778,Murchison,TX,yes
75783,Quitman,TX,yes
75790,Van,TX,yes
75832,Cayuga,TX,yes
75833,Centerville,TX,yes
75840,Fairfield,TX,yes
75848,Kirvin,TX,yes
75850,Leona,TX,yes
75852,Midway,TX,yes
75853,Montalba,TX,yes
75859,Streetman,TX,yes
75860,Teague,TX,yes
75861,Tennessee Colony,TX,yes
76067,Mineral Wells,TX,yes
76225,Alvord,TX,yes
76239,Forestburg,TX,yes
76245,Gordonville,TX,yes
76252,Muenster,TX,yes
76264,Sadler,TX,yes
76270,Sunset,TX,yes
76401,Stephenville,TX,yes
76402,Stephenville,TX,yes
76431,Chico,TX,yes
76433,Bluff Dale,TX,yes
76446,Dublin,TX,yes
76449,Graford,TX,yes
76472,Santo,TX,yes
76475,Strawn,TX,yes
76484,Palo Pinto,TX,yes
76486,Perrin,TX,yes
76519,Burlington,TX,yes
76520,Cameron,TX,yes
76524,Eddy,TX,yes
76528,Gatesville,TX,yes
76557,Moody,TX,yes
76570,Rosebud,TX,yes
76596,Gatesville,TX,yes
76597,Gatesville,TX,yes
76598,Gatesville,TX,yes
76599,Gatesville,TX,yes
76621,Abbott,TX,yes
76622,Aquilla,TX,yes
76624,Axtell,TX,yes
76629,Bremond,TX,yes
76631,Bynum,TX,yes
76633,China Spring,TX,yes
76639,Dawson,TX,yes
76640,Elm Mott,TX,yes
76650,Irene,TX,yes
76653,Kosse,TX,yes
76654,Leroy,TX,yes
76660,Malone,TX,yes
76664,Mart,TX,yes
76665,Meridian,TX,yes
76666,Mertens,TX,yes
76673,Mount Calm,TX,yes
76676,Penelope,TX,yes
76678,Prairie Hill,TX,yes
76680,Reagan,TX,yes
76681,Richland,TX,yes
76690,Walnut Springs,TX,yes
76691,West,TX,yes
76693,Wortham,TX,yes
77320,Huntsville,TX,yes
77326,Ace,TX,yes
77331,Coldspring,TX,yes
77340,Huntsville,TX,yes
77342,Huntsville,TX,yes
77358,New Waverly,TX,yes
77368,Romayor,TX,yes
77369,Rye,TX,yes
77371,Shepherd,TX,yes
77374,Thicket,TX,yes
77376,Votaw,TX,yes
77412,Altair,TX,yes
77422,Brazoria,TX,yes
77434,Eagle Lake,TX,yes
77436,Egypt,TX,yes
77437,El Campo,TX,yes
77443,Glen Flora,TX,yes
77448,Hungerford,TX,yes
77453,Lane City,TX,yes
77454,Lissie,TX,yes
77460,Nada,TX,yes
77467,Pierce,TX,yes
77470,Rock Island,TX,yes
77488,Wharton,TX,yes
77519,Batson,TX,yes
77533,Daisetta,TX,yes
77538,Devers,TX,yes
77541,Freeport,TX,yes
77564,Hull,TX,yes
77585,Saratoga,TX,yes
77659,Sour Lake,TX,yes
77661,Stowell,TX,yes
77665,Winnie,TX,yes
77801,Bryan,TX,yes
77802,Bryan,TX,yes
77803,Bryan,TX,yes
77807,Bryan,TX,yes
77808,Bryan,TX,yes
77830,Anderson,TX,yes
77833,Brenham,TX,yes
77836,Caldwell,TX,yes
77837,Calvert,TX,yes
77840,College Station,TX,yes
77845,College Station,TX,yes
77855,Flynn,TX,yes
77856,Franklin,TX,yes
77857,Gause,TX,yes
77859,Hearne,TX,yes
77864,Madisonville,TX,yes
77865,Marquez,TX,yes
77867,Mumford,TX,yes
77871,Normangee,TX,yes
77872,North Zulch,TX,yes
77876,Shiro,TX,yes
77880,Washington,TX,yes
78005,Bigfoot,TX,yes
78026,Jourdanton,TX,yes
78057,Moore,TX,yes
78113,Falls City,TX,yes
78671,Stonewall,TX,yes
78931,Bleiblerville,TX,yes
78933,Cat Spring,TX,yes
78934,Columbus,TX,yes
78935,Alleyton,TX,yes
78942,Giddings,TX,yes
78943,Glidden,TX,yes
78944,Industry,TX,yes
78950,New Ulm,TX,yes
80451,Hot Sulphur Springs,CO,yes
80468,Parshall,CO,yes
80705,Log Lane Village,CO,yes
80742,New Raymer,CO,yes
81001,Pueblo,CO,yes
81003,Pueblo,CO,yes
81004,Pueblo,CO,yes
81005,Pueblo,CO,yes
81006,Pueblo,CO,yes
81008,Pueblo,CO,yes
81022,Avondale,CO,yes
81023,Beulah,CO,yes
81025,Boone,CO,yes
81253,Wetmore,CO,yes
82059,Granite Canon,WY,yes
83286,Weston,ID,yes
83610,Cambridge,ID,yes
83612,Council,ID,yes
83643,Mesa,ID,yes
83645,Midvale,ID,yes
83654,New Meadows,ID,yes
83809,Careywood,ID,yes
83813,Cocolalla,ID,yes
83822,Oldtown,ID,yes
83824,Desmet,ID,yes
83841,Laclede,ID,yes
83856,Priest River,ID,yes
83861,Saint Maries,ID,yes
83870,Tensed,ID,yes
84038,Laketown,UT,yes
84051,Mountain Home,UT,yes
84072,Tabiona,UT,yes
84086,Woodruff,UT,yes
84316,Howell,UT,yes
84336,Snowville,UT,yes
84623,Chester,UT,yes
84632,Fountain Green,UT,yes
84639,Levan,UT,yes
84646,Moroni,UT,yes
84647,Mount Pleasant,UT,yes
84662,Spring City,UT,yes
84667,Wales,UT,yes
85192,Winkelman,AZ,yes
85501,Globe,AZ,yes
85554,Young,AZ,yes
85634,Sells,AZ,yes
86015,Bellemont,AZ,yes
86017,Munds Park,AZ,yes
86018,Parks,AZ,yes
86320,Ash Fork,AZ,yes
86321,Bagdad,AZ,yes
87021,Milan,NM,yes
87025,Jemez Springs,NM,yes
87051,San Rafael,NM,yes
87053,San Ysidro,NM,yes
87056,Stanley,NM,yes
87801,Socorro,NM,yes
87823,Lemitar,NM,yes
89004,Blue Diamond,NV,yes
89005,Boulder City,NV,yes
89054,Sloan,NV,yes
89191,Nellis Afb,NV,yes
92201,Indio,CA,yes
92203,Indio,CA,yes
92210,Indian Wells,CA,yes
92211,Palm Desert,CA,yes
92236,Coachella,CA,yes
92241,Desert Hot Springs,CA,yes
92252,Joshua Tree,CA,yes
92253,La Quinta,CA,yes
92260,Palm Desert,CA,yes
92276,Thousand Palms,CA,yes
92277,Twentynine Palms,CA,yes
92278,Twentynine Palms,CA,yes
92311,Barstow,CA,yes
92356,Lucerne Valley,CA,yes
93201,Alpaugh,CA,yes
93202,Armona,CA,yes
93212,Corcoran,CA,yes
93215,Delano,CA,yes
93219,Earlimart,CA,yes
93221,Exeter,CA,yes
93222,Pine Mountain Club,CA,yes
93223,Farmersville,CA,yes
93230,Hanford,CA,yes
93235,Ivanhoe,CA,yes
93239,Kettleman City,CA,yes
93241,Lamont,CA,yes
93242,Laton,CA,yes
93244,Lemon Cove,CA,yes
93245,Lemoore,CA,yes
93247,Lindsay,CA,yes
93256,Pixley,CA,yes
93257,Porterville,CA,yes
93258,Porterville,CA,yes
93272,Tipton,CA,yes
93274,Tulare,CA,yes
93277,Visalia,CA,yes
93286,Woodlake,CA,yes
93291,Visalia,CA,yes
93292,Visalia,CA,yes
93301,Bakersfield,CA,yes
93304,Bakersfield,CA,yes
93305,Bakersfield,CA,yes
93306,Bakersfield,CA,yes
93307,Bakersfield,CA,yes
93308,Bakersfield,CA,yes
93309,Bakersfield,CA,yes
93311,Bakersfield,CA,yes
93312,Bakersfield,CA,yes
93313,Bakersfield,CA,yes
93314,Bakersfield,CA,yes
93401,San Luis Obispo,CA,yes
93405,San Luis Obispo,CA,yes
93410,San Luis Obispo,CA,yes
93420,Arroyo Grande,CA,yes
93424,Avila Beach,CA,yes
93433,Grover Beach,CA,yes
93449,Pismo Beach,CA,yes
93453,Santa Margarita,CA,yes
93454,Santa Maria,CA,yes
93455,Santa Maria,CA,yes
93505,California City,CA,yes
93516,Boron,CA,yes
93561,Tehachapi,CA,yes
93606,Biola,CA,yes
93609,Caruthers,CA,yes
93610,Chowchilla,CA,yes
93611,Clovis,CA,yes
93612,Clovis,CA,yes
93614,Coarsegold,CA,yes
93615,Cutler,CA,yes
93616,Del Rey,CA,yes
93618,Dinuba,CA,yes
93619,Clovis,CA,yes
93620,Dos Palos,CA,yes
93625,Fowler,CA,yes
93626,Friant,CA,yes
93627,Helm,CA,yes
93630,Kerman,CA,yes
93631,Kingsburg,CA,yes
93636,Madera,CA,yes
93637,Madera,CA,yes
93638,Madera,CA,yes
93640,Mendota,CA,yes
93647,Orosi,CA,yes
93648,Parlier,CA,yes
93650,Fresno,CA,yes
93651,Prather,CA,yes
93652,Raisin City,CA,yes
93654,Reedley,CA,yes
93656,Riverdale,CA,yes
93657,Sanger,CA,yes
93662,Selma,CA,yes
93666,Sultana,CA,yes
93668,Tranquillity,CA,yes
93673,Traver,CA,yes
93701,Fresno,CA,yes
93702,Fresno,CA,yes
93703,Fresno,CA,yes
93704,Fresno,CA,yes
93705,Fresno,CA,yes
93706,Fresno,CA,yes
93710,Fresno,CA,yes
93711,Fresno,CA,yes
93720,Fresno,CA,yes
93721,Fresno,CA,yes
93722,Fresno,CA,yes
93723,Fresno,CA,yes
93725,Fresno,CA,yes
93726,Fresno,CA,yes
93727,Fresno,CA,yes
93728,Fresno,CA,yes
93730,Fresno,CA,yes
93901,Salinas,CA,yes
93905,Salinas,CA,yes
93906,Salinas,CA,yes
93907,Salinas,CA,yes
93908,Salinas,CA,yes
93953,Pebble Beach,CA,yes
93955,Seaside,CA,yes
93962,Spreckels,CA,yes
94508,Angwin,CA,yes
94515,Calistoga,CA,yes
94922,Bodega,CA,yes
94923,Bodega Bay,CA,yes
94972,Valley Ford,CA,yes
95222,Angels Camp,CA,yes
95301,Atwater,CA,yes
95307,Ceres,CA,yes
95317,El Nido,CA,yes
95319,Empire,CA,yes
95333,Le Grand,CA,yes
95340,Merced,CA,yes
95341,Merced,CA,yes
95348,Merced,CA,yes
95350,Modesto,CA,yes
95351,Modesto,CA,yes
95354,Modesto,CA,yes
95355,Modesto,CA,yes
95356,Modesto,CA,yes
95357,Modesto,CA,yes
95358,Modesto,CA,yes
95361,Oakdale,CA,yes
95365,Planada,CA,yes
95367,Riverbank,CA,yes
95368,Salida,CA,yes
95380,Turlock,CA,yes
95382,Turlock,CA,yes
95436,Forestville,CA,yes
95448,Healdsburg,CA,yes
95465,Occidental,CA,yes
95492,Windsor,CA,yes
95637,Guinda,CA,yes
95914,Bangor,CA,yes
95919,Brownsville,CA,yes
95960,North San Juan,CA,yes
95986,Washington,CA,yes
97040,Mosier,OR,yes
97434,Dorena,OR,yes
97435,Drain,OR,yes
97436,Elkton,OR,yes
97451,Lorane,OR,yes
97453,Mapleton,OR,yes
97462,Oakland,OR,yes
97463,Oakridge,OR,yes
97473,Scottsburg,OR,yes
97492,Westfir,OR,yes
97499,Yoncalla,OR,yes
97730,Camp Sherman,OR,yes
98220,Acme,WA,yes
98230,Blaine,WA,yes
98237,Concrete,WA,yes
98244,Deming,WA,yes
98247,Everson,WA,yes
98248,Ferndale,WA,yes
98264,Lynden,WA,yes
98266,Maple Falls,WA,yes
98563,Montesano,WA,yes
98572,Pe Ell,WA,yes
98602,Appleton,WA,yes
98619,Glenwood,WA,yes
98621,Grays River,WA,yes
98635,Lyle,WA,yes
98643,Rosburg,WA,yes
98647,Skamokawa,WA,yes
98650,Trout Lake,WA,yes
99336,Kennewick,WA,yes
99337,Kennewick,WA,yes
99338,Kennewick,WA,yes
28531,Harkers Island,NC,yes
39560,Long Beach,MS,yes
39574,Saucier,MS,yes
41141,Garrison,KY,yes
41179,Vanceburg,KY,yes
41189,Tollesboro,KY,yes
42461,Uniontown,KY,yes
45616,Blue Creek,OH,yes
45650,Lynx,OH,yes
45657,Otway,OH,yes
45693,West Union,OH,yes
47990,Waynetown,IN,yes
47994,Wingate,IN,yes
48027,Goodells,MI,yes
48040,Marysville,MI,yes
48074,Smiths Creek,MI,yes
50530,Dayton,IA,yes
51040,Onawa,IA,yes
51572,Soldier,IA,yes
68020,Decatur,NE,yes
68038,Lyons,NE,yes
68380,Lewiston,NE,yes
68406,Milligan,NE,yes
68421,Peru,NE,yes
68441,Steinauer,NE,yes
68788,West Point,NE,yes
